
==============================================================================
ПОВТОР ПРОГОНА last — FOUNDATION.md §10.6, условие 2
==============================================================================

символов повторено: 3
  ИЗМЕНИЛОСЬ  BCH/USDT:USDT          строк 62 → 91
  ИЗМЕНИЛОСЬ  BTC/USDT:USDT          строк 971 → 876
  ИЗМЕНИЛОСЬ  ETH/USDT:USDT          строк 1120 → 769

ВНИМАНИЕ: расчёт изменился у 3 символов из 3.
Ниже — что было и что стало. Строки со знаком «-» были, со знаком «+» стали.

--- BCH/USDT:USDT сохранено
+++ BCH/USDT:USDT пересчитано
@@ -2,61 +2,90 @@
 
 ТРЕНД И СТРУКТУРА
-   5м  баров 199  структур 3  распадов 2  тренд не определён (держится на 0)  незакрытая структура: открыта 109 баров, точек 24
-  15м  баров 199  структур 5  распадов 1  тренд нисходящий (держится на 2)  незакрытая структура: открыта 58 баров, точек 15
-   1ч  баров 199  структур 2  распадов 1  тренд нисходящий (держится на 3)  незакрытая структура: открыта 103 баров, точек 14
-   4ч  баров 199  структур 4  распадов 1  тренд восходящий (держится на 4)  незакрытая структура: открыта 17 баров, точек 4
-   1Д  баров 199  структур 2  распадов 2  тренд не определён (держится на 0)  незакрытая структура: открыта 25 баров, точек 6
-   1Н  баров 199  структур 6  распадов 0  тренд нисходящий (держится на 2)  незакрытая структура: нет
+   5м  баров 199  структур 3  распадов 0  в сужении 2  лесенка 1  тренд не определён (держится на 0)  незакрытая структура: открыта 92 баров, точек 5
+  15м  баров 199  структур 6  распадов 0  в сужении 2  лесенка 3  тренд нисходящий (держится на 2)  незакрытая структура: нет
+   1ч  баров 199  структур 5  распадов 0  в сужении 0  лесенка 1  тренд нисходящий (держится на 3)  незакрытая структура: открыта 13 баров, точек 4
+   4ч  баров 199  структур 4  распадов 0  в сужении 1  лесенка 2  тренд восходящий (держится на 4)  незакрытая структура: открыта 17 баров, точек 4
+   1Д  баров 199  структур 6  распадов 0  в сужении 0  лесенка 2  тренд не определён (держится на 0)  незакрытая структура: открыта 11 баров, точек 4
+   1Н  баров 199  структур 5  распадов 0  в сужении 1  лесенка 1  тренд нисходящий (держится на 2)  незакрытая структура: нет
 
 УРОВНИ (ПОК накоплений)
   уровней нет
 
-УРОВЕНЬ НЕ ПОСТРОЕН — причины (§4.3)
+СВОДКА ПО ТФ: структур → уровней (§4.3)
+  всего уровней 0  →  торгуется лимитками 0
+     5м  0 из 3  (0%)
+    15м  0 из 6  (0%)
+     1ч  0 из 5  (0%)
+     4ч  0 из 4  (0%)
+     1Д  0 из 6  (0%)
+     1Н  0 из 5  (0%)
+
+УРОВЕНЬ НЕ ПОСТРОЕН — причины поштучно (§4.3)
   5м структура 2: BCH/USDT:USDT: окно [1785792300000,1785798300000) не покрыто — нет суток 2026-08-03
-  5м структура 24: BCH/USDT:USDT: окно [1785798900000,1785803700000) не покрыто — нет суток 2026-08-03, 2026-08-04
-  5м структура 70: BCH/USDT:USDT: окно [1785812700000,1785818100000) не покрыто — нет суток 2026-08-04
+  5м структура 24: BCH/USDT:USDT: окно [1785798900000,1785813600000) не покрыто — нет суток 2026-08-03, 2026-08-04
+  5м структура 79: BCH/USDT:USDT: окно [1785815400000,1785823800000) не покрыто — нет суток 2026-08-04
   15м структура 3: BCH/USDT:USDT: окно [1785674700000,1785690000000) не покрыто — нет суток 2026-08-02
   15м структура 21: BCH/USDT:USDT: окно [1785690900000,1785716100000) не покрыто — нет суток 2026-08-02, 2026-08-03
   15м структура 52: BCH/USDT:USDT: окно [1785718800000,1785739500000) не покрыто — нет суток 2026-08-03
   15м структура 77: BCH/USDT:USDT: окно [1785741300000,1785765600000) не покрыто — нет суток 2026-08-03
-  15м структура 126: BCH/USDT:USDT: окно [1785785400000,1785798900000) не покрыто — нет суток 2026-08-03
+  15м структура 107: BCH/USDT:USDT: окно [1785768300000,1785798000000) не покрыто — нет суток 2026-08-03
+  15м структура 141: BCH/USDT:USDT: окно [1785798900000,1785841200000) не покрыто — нет суток 2026-08-03, 2026-08-04
   1ч структура 3: BCH/USDT:USDT: окно [1785142800000,1785315600000) не покрыто — нет суток 2026-07-27, 2026-07-28, 2026-07-29
   1ч структура 52: BCH/USDT:USDT: окно [1785319200000,1785420000000) не покрыто — нет суток 2026-07-29, 2026-07-30
-  4ч структура 25: BCH/USDT:USDT: окно [1783339200000,1784131200000) не покрыто — нет суток 2026-07-06, 2026-07-07, 2026-07-08, 2026-07-09, 2026-07-10 и ещё 5
-  4ч структура 84: BCH/USDT:USDT: окно [1784188800000,1784836800000) не покрыто — нет суток 2026-07-16, 2026-07-17, 2026-07-18, 2026-07-19, 2026-07-20 и ещё 3
-  4ч структура 131: BCH/USDT:USDT: окно [1784865600000,1785096000000) не покрыто — нет суток 2026-07-24, 2026-07-25, 2026-07-26
-  4ч структура 151: BCH/USDT:USDT: окно [1785153600000,1785600000000) не покрыто — нет суток 2026-07-27, 2026-07-28, 2026-07-29, 2026-07-30, 2026-07-31 и ещё 1
+  1ч структура 82: BCH/USDT:USDT: окно [1785427200000,1785488400000) не покрыто — нет суток 2026-07-30, 2026-07-31
+  1ч структура 99: BCH/USDT:USDT: окно [1785488400000,1785686400000) не покрыто — нет суток 2026-07-31, 2026-08-01, 2026-08-02
+  1ч структура 160: BCH/USDT:USDT: окно [1785708000000,1785787200000) не покрыто — нет суток 2026-08-02, 2026-08-03
+  4ч структура 9: BCH/USDT:USDT: окно [1783108800000,1784203200000) не покрыто — нет суток 2026-07-03, 2026-07-04, 2026-07-05, 2026-07-06, 2026-07-07 и ещё 9
+  4ч структура 88: BCH/USDT:USDT: окно [1784246400000,1784836800000) не покрыто — нет суток 2026-07-17, 2026-07-18, 2026-07-19, 2026-07-20, 2026-07-21 и ещё 2
+  4ч структура 131: BCH/USDT:USDT: окно [1784865600000,1785081600000) не покрыто — нет суток 2026-07-24, 2026-07-25, 2026-07-26
+  4ч структура 146: BCH/USDT:USDT: окно [1785081600000,1785600000000) не покрыто — нет суток 2026-07-26, 2026-07-27, 2026-07-28, 2026-07-29, 2026-07-30 и ещё 2
   1Д структура 2: BCH/USDT:USDT: окно [1768780800000,1769731200000) не покрыто — нет суток 2026-01-19, 2026-01-20, 2026-01-21, 2026-01-22, 2026-01-23 и ещё 6
-  1Д структура 14: BCH/USDT:USDT: окно [1769817600000,1778976000000) не покрыто — нет суток 2026-01-31, 2026-02-01, 2026-02-02, 2026-02-03, 2026-02-04 и ещё 101
+  1Д структура 14: BCH/USDT:USDT: окно [1769817600000,1771545600000) не покрыто — нет суток 2026-01-31, 2026-02-01, 2026-02-02, 2026-02-03, 2026-02-04 и ещё 15
+  1Д структура 36: BCH/USDT:USDT: окно [1771718400000,1775952000000) не покрыто — нет суток 2026-02-22, 2026-02-23, 2026-02-24, 2026-02-25, 2026-02-26 и ещё 44
+  1Д структура 85: BCH/USDT:USDT: окно [1775952000000,1778976000000) не покрыто — нет суток 2026-04-12, 2026-04-13, 2026-04-14, 2026-04-15, 2026-04-16 и ещё 30
+  1Д структура 121: BCH/USDT:USDT: окно [1779062400000,1783209600000) не покрыто — нет суток 2026-05-18, 2026-05-19, 2026-05-20, 2026-05-21, 2026-05-22 и ещё 43
+  1Д структура 170: BCH/USDT:USDT: окно [1783296000000,1784851200000) не покрыто — нет суток 2026-07-06, 2026-07-07, 2026-07-08, 2026-07-09, 2026-07-10 и ещё 13
   1Н структура 3: BCH/USDT:USDT: окно [1667174400000,1674432000000) не покрыто — нет суток 2022-10-31, 2022-11-01, 2022-11-02, 2022-11-03, 2022-11-04 и ещё 79
   1Н структура 16: BCH/USDT:USDT: окно [1675036800000,1687737600000) не покрыто — нет суток 2023-01-30, 2023-01-31, 2023-02-01, 2023-02-02, 2023-02-03 и ещё 142
   1Н структура 37: BCH/USDT:USDT: окно [1687737600000,1709510400000) не покрыто — нет суток 2023-06-26, 2023-06-27, 2023-06-28, 2023-06-29, 2023-06-30 и ещё 247
-  1Н структура 77: BCH/USDT:USDT: окно [1711929600000,1719187200000) не покрыто — нет суток 2024-04-01, 2024-04-02, 2024-04-03, 2024-04-04, 2024-04-05 и ещё 79
-  1Н структура 90: BCH/USDT:USDT: окно [1719792000000,1732492800000) не покрыто — нет суток 2024-07-01, 2024-07-02, 2024-07-03, 2024-07-04, 2024-07-05 и ещё 142
-  1Н структура 112: BCH/USDT:USDT: окно [1733097600000,1780876800000) не покрыто — нет суток 2024-12-02, 2024-12-03, 2024-12-04, 2024-12-05, 2024-12-06 и ещё 548
+  1Н структура 77: BCH/USDT:USDT: окно [1711929600000,1725235200000) не покрыто — нет суток 2024-04-01, 2024-04-02, 2024-04-03, 2024-04-04, 2024-04-05 и ещё 149
+  1Н структура 99: BCH/USDT:USDT: окно [1725235200000,1780876800000) не покрыто — нет суток 2024-09-02, 2024-09-03, 2024-09-04, 2024-09-05, 2024-09-06 и ещё 639
 
 ПЕРЕПРИОР
-   5м  ранний в ШОРТ  слом 213.24  зона тени 213.24…213.31 (0.033%)  тест через 6 баров
-   5м  истинный в ЛОНГ  слом 213.33  зона тени 213.3…213.33 (0.014%)  тест через 19 баров
-  15м  ранний в ШОРТ  слом 213.36  зона тени 213.36…213.68 (0.150%)  тест через 1 баров
-  15м  ранний в ЛОНГ  слом 211.58  зона тени 211.31…211.58 (0.128%)  тест через 31 баров
+   5м  ранний в ШОРТ  слом 213.19  зона тени 213.19…213.48 (0.136%)  тест через 1 баров
+        сделка от ПП (стр. 50): вход 213.19  стоп 213.48  цели нет — противоположный ПП позади входа, не по направлению
+   5м  ранний в ЛОНГ  слом 214.04  зона тени 213.89…214.04 (0.070%)  тест через 1 баров
+        сделка от ПП (стр. 50): вход 214.04  стоп 213.89  цели нет — противоположный ПП позади входа, не по направлению
+  15м  ранний в ШОРТ  слом 213.36  зона тени 213.36…213.68 (0.150%)  теста не было
+        сделка от ПП (стр. 50): вход 213.36  стоп 213.68  цели нет — противоположный ПП позади входа, не по направлению
+  15м  ранний в ЛОНГ  слом 213.6  зона тени 213.27…213.6 (0.155%)  тест через 3 баров
+        сделка от ПП (стр. 50): вход 213.6  стоп 213.27  цели нет — противоположный ПП позади входа, не по направлению
   15м  доп-фактор: не обновлён хай 214.25 против 214.3 — это НЕ слом (стр. 55)
    1ч  ранний в ШОРТ  слом 209.98  зона тени 209.98…210.71 (0.348%)  тест через 1 баров
+        сделка от ПП (стр. 50): вход 209.98  стоп 210.71  цели нет — противоположный ПП позади входа, не по направлению
    1ч  ранний в ЛОНГ  слом 210.87  зона тени 210.55…210.87 (0.152%)  теста не было
+        сделка от ПП (стр. 50): вход 210.87  стоп 210.55  цели нет — противоположный ПП позади входа, не по направлению
    1ч  доп-фактор: не обновлён хай 214.3 против 214.44 — это НЕ слом (стр. 55)
-   4ч  истинный в ШОРТ  слом 216.55  зона тени 216.55…218.62 (0.956%)  тест через 2 баров
-   4ч  ранний в ЛОНГ  слом 212.53  зона тени 211.08…212.53 (0.687%)  тест через 1 баров
+   4ч  истинный в ШОРТ  слом 208.31  зона тени 208.31…212.53 (2.026%)  тест через 1 баров
+        сделка от ПП (стр. 50): вход 208.31  стоп 212.53  цели нет — противоположный ПП позади входа, не по направлению
+   4ч  ранний в ЛОНГ  слом 212.53  зона тени 211.08…212.53 (0.687%)  тест через 6 баров
+        сделка от ПП (стр. 50): вход 212.53  стоп 211.08  цели нет — противоположный ПП позади входа, не по направлению
    4ч  доп-фактор: не обновлён лой 208.37 против 205.5 — это НЕ слом (стр. 55)
-   1Д  истинный в ШОРТ  слом 227.97  зона тени 227.97…235.27 (3.202%)  теста не было
-   1Д  истинный в ЛОНГ  слом 205.2  зона тени 197.42…205.2 (3.941%)  тест через 26 баров
+   1Д  ранний в ШОРТ  слом 209.51  зона тени 209.51…215.17 (2.702%)  тест через 2 баров
+        сделка от ПП (стр. 50): вход 209.51  стоп 215.17  цель 205.2  РР 0.76 — эмитируется в леджер
+   1Д  истинный в ЛОНГ  слом 205.2  зона тени 197.42…205.2 (3.941%)  теста не было
+        подтверждён структурой над ПП (стр. 53): коробка 213.51…254.87
+        сделка от ПП (стр. 50): вход 205.2  стоп 197.42  цель 209.51  РР 0.55 — эмитируется в леджер
    1Н  истинный в ШОРТ  слом 419.05  зона тени 419.05…421.01 (0.468%)  теста не было
-   1Н  ранний в ЛОНГ  слом 575.84  зона тени 558.85…575.84 (3.040%)  тест через 2 баров
+        сделка от ПП (стр. 50): вход 419.05  стоп 421.01  цели нет — противоположный ПП позади входа, не по направлению
+   1Н  ранний в ЛОНГ  слом 575.84  зона тени 558.85…575.84 (3.040%)  тест через 3 баров
+        сделка от ПП (стр. 50): вход 575.84  стоп 558.85  цели нет — противоположный ПП позади входа, не по направлению
    1Н  доп-фактор: не обновлён хай 254.87 против 489.13 — это НЕ слом (стр. 55)
 
 ДОП-ФАКТОРЫ (сопровождают, не порождают сигнал — стр. 64)
-   5м  полосы 0.67% (уже 60% истории) · EMA200 в nan% от цены
-  15м  полосы 0.73% (уже 19% истории) · EMA200 в nan% от цены
-   1ч  конвергенция RSI · полосы 1.15% (уже 1% истории) · EMA200 в nan% от цены
-   4ч  полосы 4.27% (уже 12% истории) · EMA200 в nan% от цены
-   1Д  конвергенция RSI · полосы 8.75% (уже 16% истории) · EMA200 в nan% от цены
-   1Н  полосы 138.39% (уже 84% истории) · EMA200 в nan% от цены
+   5м  полосы 0.67% (уже 66% истории) · EMA200: BCH/USDT:USDT 5m: ema200 требует 200 баров, есть 199 · MA200: BCH/USDT:USDT 5m: ema200 требует 200 баров, есть 199
+  15м  полосы 0.73% (уже 21% истории) · EMA200: BCH/USDT:USDT 15m: ema200 требует 200 баров, есть 199 · MA200: BCH/USDT:USDT 15m: ema200 требует 200 баров, есть 199
+   1ч  расширенная медвежья дивергенция RSI · расширенная бычья дивергенция RSI · расширенная медвежья дивергенция MACD · полосы 1.15% (уже 1% истории) · EMA200: BCH/USDT:USDT 1h: ema200 требует 200 баров, есть 199 · MA200: BCH/USDT:USDT 1h: ema200 требует 200 баров, есть 199
+   4ч  расширенная бычья дивергенция RSI · расширенная бычья дивергенция MACD · полосы 4.29% (уже 13% истории) · EMA200: BCH/USDT:USDT 4h: ema200 требует 200 баров, есть 199 · MA200: BCH/USDT:USDT 4h: ema200 требует 200 баров, есть 199
+   1Д  расширенная бычья дивергенция RSI · полосы 8.77% (уже 18% истории) · EMA200: BCH/USDT:USDT 1d: ema200 требует 200 баров, есть 199 · MA200: BCH/USDT:USDT 1d: ema200 требует 200 баров, есть 199
+   1Н  полосы 131.25% (уже 89% истории) · EMA200: BCH/USDT:USDT 1w: ema200 требует 200 баров, есть 199 · MA200: BCH/USDT:USDT 1w: ema200 требует 200 баров, есть 199

--- BTC/USDT:USDT сохранено
+++ BTC/USDT:USDT пересчитано
@@ -2,921 +2,804 @@
 
 ТРЕНД И СТРУКТУРА
-   5м  баров 999  структур 23  распадов 5  тренд не определён (держится на 0)  незакрытая структура: открыта 58 баров, точек 6
-  15м  баров 999  структур 21  распадов 3  тренд не определён (держится на 0)  незакрытая структура: открыта 66 баров, точек 13
-   1ч  баров 999  структур 23  распадов 1  тренд восходящий (держится на 2)  незакрытая структура: открыта 41 баров, точек 10
-   4ч  баров 999  структур 28  распадов 4  тренд восходящий (держится на 3)  незакрытая структура: открыта 48 баров, точек 8
-   1Д  баров 999  структур 21  распадов 5  тренд нисходящий (держится на 3)  незакрытая структура: открыта 48 баров, точек 12
-   1Н  баров 361  структур 11  распадов 2  тренд не определён (держится на 0)  незакрытая структура: открыта 37 баров, точек 8
+   5м  баров 999  структур 29  распадов 0  в сужении 7  лесенка 2  тренд не определён (держится на 0)  незакрытая структура: открыта 16 баров, точек 4
+  15м  баров 999  структур 26  распадов 0  в сужении 3  лесенка 9  тренд не определён (держится на 0)  незакрытая структура: открыта 66 баров, точек 10
+   1ч  баров 999  структур 35  распадов 0  в сужении 9  лесенка 14  тренд восходящий (держится на 2)  незакрытая структура: открыта 41 баров, точек 10
+   4ч  баров 999  структур 30  распадов 0  в сужении 6  лесенка 9  тренд восходящий (держится на 3)  незакрытая структура: нет
+   1Д  баров 999  структур 31  распадов 0  в сужении 8  лесенка 7  тренд нисходящий (держится на 3)  незакрытая структура: открыта 61 баров, точек 5
+   1Н  баров 361  структур 12  распадов 0  в сужении 3  лесенка 2  тренд не определён (держится на 0)  незакрытая структура: нет
 
 УРОВНИ (ПОК накоплений)
-  ШОРТ  5м  ПОК 63487.4  зона 63400…63516.3  объём 17502.76  отработан
-        границы 63351.3…63529.4  вход: только по слому структуры на младшем ТФ (стр. 31)  по тренду (1Д)
-        стоп безопасный 64164.694…65435.282  рисковый 63529.4  один ордер
-        цель 62800 (15м, 1.08%)
-        цель 62800 (1ч, 1.08%)
-        цель 60800 (1ч, 4.23%)
-        цель 60000 (4ч, 5.49%)
-        РР: безопасный 1к0.35  рисковый 1к16.37  (стандарт курса 1к3)
-        событие: прокол с бара 213, глубина 0.17%, полных тел 0
-  ШОРТ  5м  ПОК 63183.4  зона 63055…63227.6  объём 12308.32  флипнут
-        границы 63065.3…63301.6  вход: по ретесту с обратной стороны, в другую сторону (стр. 43)  по тренду (1Д)
-        стоп безопасный 63934.616…65200.648  рисковый 63301.6  один ордер
-        цель 62800 (15м, 0.61%)
-        цель 62800 (1ч, 0.61%)
-        цель 60800 (1ч, 3.77%)
-        цель 60000 (4ч, 5.04%)
-        РР: безопасный 1к0.19  рисковый 1к3.24  (стандарт курса 1к3)
+  ЛОНГ  5м  ПОК 63499.1  зона 63341…63514.6  объём 18704.81  отработан
+        границы 63351.3…63462  вход: только по слому структуры на младшем ТФ (стр. 31)  ПРОТИВ тренда — курс допускает только хеджем при открытой позиции по тренду (стр. 47), и только под ПРИБЫЛЬНУЮ: стр. 11 — под убыточную сделку хедж не открывается никогда (1Д, держится на 3 экстремумах)  база в сужении (стр. 34), шагов 2
+        СДЕЛКИ НЕТ: отработан на первое касание — стр. 25 «мы этот уровень удаляем»; вход только по слому структуры на младшем ТФ (стр. 31)
+        накопление у уровня: конфигурация 2, под уровнем — вход курс рисует от ПОК нового накопления (стр. 28): 63290.2…63463.4; конфигурация 7, "пила" на уровне — выйти в бу и дождаться выхода (стр. 28): 63382.9…63534.4, 63322.8…63594.6, 63306.2…63779, 63463.4…63763.5, 63428.8…63590
+        сила по композиту (замена VRVP, стр. 22): зона 0 — 0.0% композита; окно композита — структура 1d
+        слом на младшем ТФ: младше этого ТФ рядов не собрано — слом проверить негде
+        событие: прокол с бара 40, глубина 0.02%, полных тел 0
+  ШОРТ  5м  ПОК 63461.95  зона 63382…63484.5  объём 10946.88  отработан
+        границы 63382.9…63534.4  вход: только по слому структуры на младшем ТФ (стр. 31)  по тренду (1Д, держится на 3 экстремумах)
+        СДЕЛКИ НЕТ: отработан на первое касание — стр. 25 «мы этот уровень удаляем»; вход только по слому структуры на младшем ТФ (стр. 31)
+        накопление у уровня: конфигурация 5, над уровнем (стр. 28): 63463.4…63763.5; конфигурация 7, "пила" на уровне — выйти в бу и дождаться выхода (стр. 28): 63322.8…63594.6, 63306.2…63779, 63290.2…63463.4, 63428.8…63590
+        сила по композиту (замена VRVP, стр. 22): зона 0 — 0.0% композита; окно композита — структура 1d
+        слом на младшем ТФ: младше этого ТФ рядов не собрано — слом проверить негде
+        событие: прокол с бара 213, глубина 0.21%, полных тел 0
+  ШОРТ  5м  ПОК 63183.8  зона 63059.7…63226.3  объём 12308.32  флипнут
+        границы 63065.3…63264.3  вход: по ретесту с обратной стороны, в другую сторону (стр. 43)  по тренду (1Д, держится на 3 экстремумах)
+        СДЕЛКИ НЕТ: пробит и флипнут — стр. 43 «Уровень лонг/шорт менятся для нас на противоположный»; вход по ретесту в ДРУГУЮ сторону
+        накопление у уровня: конфигурация 2, под уровнем — вход курс рисует от ПОК нового накопления (стр. 28): 62974.4…63113.9, 62745…63069.4; конфигурация 7, "пила" на уровне — выйти в бу и дождаться выхода (стр. 28): 63130…63310, 63088…63240.8
+        сила по композиту (замена VRVP, стр. 22): зона 0 — 0.0% композита; окно композита — структура 1d
+        слом на младшем ТФ: младше этого ТФ рядов не собрано — слом проверить негде
         событие: пробой с бара 188, глубина 0.12%, полных тел 2
-  ЛОНГ  5м  ПОК 63100  зона 63041.3…63118.8  объём 6079.26  отработан
-        границы 62974.4…63113.9  вход: только по слому структуры на младшем ТФ (стр. 31)  ПРОТИВ тренда (1Д)
-        стоп безопасный 62344.656…61085.168  рисковый 62974.4  один ордер
-        цель 63183.4 (5м, 0.13%)
-        цель 63487.4 (5м, 0.61%)
-        цель 63700 (15м, 0.95%)
-        цель 64000 (15м, 1.43%)
-        цель 64188 (15м, 1.72%)
-        цель 64500 (1ч, 2.22%)
-        цель 64750 (15м, 2.61%)
-        цель 64750 (1ч, 2.61%)
-        цель 65970.9 (4ч, 4.55%)
-        цель 72999.9 (4ч, 15.69%)
-        цель 76400 (4ч, 21.08%)
-        цель 76797.1 (4ч, 21.71%)
-        цель 76797.1 (1Д, 21.71%)
-        цель 78000 (4ч, 23.61%)
-        цель 81000 (4ч, 28.37%)
-        РР: безопасный 1к0.04  рисковый 1к0.66  (стандарт курса 1к3)
+  ЛОНГ  5м  ПОК 63099  зона 63055.6…63134  объём 6079.26  отработан
+        границы 62974.4…63113.9  вход: только по слому структуры на младшем ТФ (стр. 31)  ПРОТИВ тренда — курс допускает только хеджем при открытой позиции по тренду (стр. 47), и только под ПРИБЫЛЬНУЮ: стр. 11 — под убыточную сделку хедж не открывается никогда (1Д, держится на 3 экстремумах)
+        СДЕЛКИ НЕТ: отработан на первое касание — стр. 25 «мы этот уровень удаляем»; вход только по слому структуры на младшем ТФ (стр. 31)
+        накопление у уровня: конфигурация 2, под уровнем — вход курс рисует от ПОК нового накопления (стр. 28): 62745…63069.4; конфигурация 5, над уровнем (стр. 28): 63130…63310; конфигурация 7, "пила" на уровне — выйти в бу и дождаться выхода (стр. 28): 63088…63240.8
+        сила по композиту (замена VRVP, стр. 22): зона 0 — 0.0% композита; окно композита — структура 1d
+        слом на младшем ТФ: младше этого ТФ рядов не собрано — слом проверить негде
         событие: прокол с бара 294, глубина 0.02%, полных тел 0
-  ЛОНГ  5м  ПОК 63500  зона 63441.3…63767.8  объём 11668.24  флипнут
-        границы 63322.8…63594.6  вход: по ретесту с обратной стороны, в другую сторону (стр. 43)  ПРОТИВ тренда (1Д)
-        стоп безопасный 62689.572…61423.116  рисковый 63322.8  один ордер
-        цель 63700 (15м, 0.31%)
-        цель 64000 (15м, 0.79%)
-        цель 64188 (15м, 1.08%)
-        цель 64500 (1ч, 1.57%)
-        цель 64750 (15м, 1.97%)
-        цель 64750 (1ч, 1.97%)
-        цель 65970.9 (4ч, 3.89%)
-        цель 72999.9 (4ч, 14.96%)
-        цель 76400 (4ч, 20.31%)
-        цель 76797.1 (4ч, 20.94%)
-        цель 76797.1 (1Д, 20.94%)
-        цель 78000 (4ч, 22.83%)
-        цель 81000 (4ч, 27.56%)
-        РР: безопасный 1к0.10  рисковый 1к1.13  (стандарт курса 1к3)
+  ЛОНГ  5м  ПОК 63270.3  зона 63189.8…63314  объём 5468.26  отработан
+        границы 63130…63310  вход: только по слому структуры на младшем ТФ (стр. 31)  ПРОТИВ тренда — курс допускает только хеджем при открытой позиции по тренду (стр. 47), и только под ПРИБЫЛЬНУЮ: стр. 11 — под убыточную сделку хедж не открывается никогда (1Д, держится на 3 экстремумах)
+        СДЕЛКИ НЕТ: отработан на первое касание — стр. 25 «мы этот уровень удаляем»; вход только по слому структуры на младшем ТФ (стр. 31)
+        накопление у уровня: конфигурация 2, под уровнем — вход курс рисует от ПОК нового накопления (стр. 28): 63088…63240.8; конфигурация 5, над уровнем (стр. 28): 63306.2…63779, 63290.2…63463.4
+        сила по композиту (замена VRVP, стр. 22): зона 0 — 0.0% композита; окно композита — структура 1d
+        слом на младшем ТФ: младше этого ТФ рядов не собрано — слом проверить негде
+        событие: прокол с бара 282, глубина 0.16%, полных тел 0
+  ЛОНГ  5м  ПОК 63501.05  зона 63376.5…63677.3  объём 11668.24  флипнут
+        границы 63322.8…63594.6  вход: по ретесту с обратной стороны, в другую сторону (стр. 43)  ПРОТИВ тренда — курс допускает только хеджем при открытой позиции по тренду (стр. 47), и только под ПРИБЫЛЬНУЮ: стр. 11 — под убыточную сделку хедж не открывается никогда (1Д, держится на 3 экстремумах)
+        СДЕЛКИ НЕТ: пробит и флипнут — стр. 43 «Уровень лонг/шорт менятся для нас на противоположный»; вход по ретесту в ДРУГУЮ сторону
+        накопление у уровня: конфигурация 2, под уровнем — вход курс рисует от ПОК нового накопления (стр. 28): 63290.2…63463.4; конфигурация 5, над уровнем (стр. 28): 63539…63736.6, 63582.1…64168.7; конфигурация 7, "пила" на уровне — выйти в бу и дождаться выхода (стр. 28): 63306.2…63779, 63463.4…63763.5, 63428.8…63590
+        сила по композиту (замена VRVP, стр. 22): зона 0 — 0.0% композита; окно композита — структура 1d
+        слом на младшем ТФ: младше этого ТФ рядов не собрано — слом проверить негде
         событие: пробой с бара 259, глубина 0.25%, полных тел 2
-  ШОРТ  5м  ПОК 63750  зона 63360…63779  объём 12790.13  флипнут
-        границы 63306.2…63779  вход: по ретесту с обратной стороны, в другую сторону (стр. 43)  по тренду (1Д)
-        стоп безопасный 64416.79…65692.37  рисковый 63779  один ордер
-        цель 63100 (5м, 1.02%)
-        цель 62800 (15м, 1.49%)
-        цель 62800 (1ч, 1.49%)
-        цель 60800 (1ч, 4.63%)
-        цель 60000 (4ч, 5.88%)
-        РР: безопасный 1к0.33  рисковый 1к22.41  (стандарт курса 1к3)
-        событие: пробой с бара 450, глубина 0.33%, полных тел 2
-  ШОРТ  5м  ПОК 63200  зона 63110…63210.3  объём 5419.24  флипнут
-        границы 63088…63240.8  вход: по ретесту с обратной стороны, в другую сторону (стр. 43)  по тренду (1Д)
-        стоп безопасный 63873.208…65138.024  рисковый 63240.8  один ордер
-        цель 62800 (15м, 0.63%)
-        цель 62800 (1ч, 0.63%)
-        цель 60800 (1ч, 3.80%)
-        цель 60000 (4ч, 5.06%)
-        РР: безопасный 1к0.21  рисковый 1к9.80  (стандарт курса 1к3)
-        событие: пробой с бара 443, глубина 0.27%, полных тел 2
-  ШОРТ  5м  ПОК 62750  зона 62738.6…62830  объём 6368.7  флипнут
-        границы 62716…62848  вход: по ретесту с обратной стороны, в другую сторону (стр. 43)  по тренду (1Д)
-        стоп безопасный 63476.48…64733.44  рисковый 62848  один ордер
-        цель 60800 (1ч, 3.11%)
-        цель 60000 (4ч, 4.38%)
-        РР: безопасный 1к0.98  рисковый 1к19.90  (стандарт курса 1к3)
-        событие: пробой с бара 396, глубина 0.15%, полных тел 2
-  ШОРТ  5м  ПОК 62652.7  зона 62562.1…62653  объём 6206  отработан
-        границы 62520…62671.6  вход: только по слому структуры на младшем ТФ (стр. 31)  по тренду (1Д)
-        стоп безопасный 63298.316…64551.748  рисковый 62671.6  один ордер
-        цель 60800 (1ч, 2.96%)
-        цель 60000 (4ч, 4.23%)
-        РР: безопасный 1к0.98  рисковый 1к98.03  (стандарт курса 1к3)
-        событие: прокол с бара 391, глубина 0.05%, полных тел 0
-  ЛОНГ  5м  ПОК 62600  зона 62506…62798.8  объём 32382.31  активен
-        границы 62268.2…62846.3  вход: лимитки на ПОК и зону (стр. 30)  ПРОТИВ тренда (1Д)
-        стоп безопасный 61645.518…60400.154  рисковый 62268.2  один ордер
-        цель 62800 (15м, 0.32%)
-        цель 63200 (5м, 0.96%)
-        цель 63487.4 (15м, 1.42%)
-        цель 63700 (15м, 1.76%)
-        цель 63750 (5м, 1.84%)
-        цель 64000 (15м, 2.24%)
-        цель 64188 (15м, 2.54%)
-        цель 64500 (1ч, 3.04%)
-        цель 64750 (15м, 3.43%)
-        цель 64750 (1ч, 3.43%)
-        цель 65970.9 (4ч, 5.38%)
-        цель 72999.9 (4ч, 16.61%)
-        цель 76400 (4ч, 22.04%)
-        цель 76797.1 (4ч, 22.68%)
-        цель 76797.1 (1Д, 22.68%)
-        цель 78000 (4ч, 24.60%)
-        цель 81000 (4ч, 29.39%)
-        РР: безопасный 1к0.09  рисковый 1к0.60  (стандарт курса 1к3)
-  ЛОНГ  5м  ПОК 63800  зона 63709.1…63899  объём 16570.21  отработан
-        границы 63610.2…63876.5  вход: только по слому структуры на младшем ТФ (стр. 31)  ПРОТИВ тренда (1Д)
-        стоп безопасный 62974.098…61701.894  рисковый 63610.2  один ордер
-        цель 64000 (15м, 0.31%)
-        цель 64188 (15м, 0.61%)
-        цель 64500 (1ч, 1.10%)
-        цель 64750 (15м, 1.49%)
-        цель 64750 (1ч, 1.49%)
-        цель 65970.9 (4ч, 3.40%)
-        цель 72999.9 (4ч, 14.42%)
-        цель 76400 (4ч, 19.75%)
-        цель 76797.1 (4ч, 20.37%)
-        цель 76797.1 (1Д, 20.37%)
-        цель 78000 (4ч, 22.26%)
-        цель 81000 (4ч, 26.96%)
-        РР: безопасный 1к0.10  рисковый 1к1.05  (стандарт курса 1к3)
+  ШОРТ  5м  ПОК 63417.6  зона 63299.2…63555.2  объём 12790.13  отработан
+        границы 63306.2…63779  вход: только по слому структуры на младшем ТФ (стр. 31)  по тренду (1Д, держится на 3 экстремумах)
+        СДЕЛКИ НЕТ: отработан на первое касание — стр. 25 «мы этот уровень удаляем»; вход только по слому структуры на младшем ТФ (стр. 31)
+        накопление у уровня: конфигурация 5, над уровнем (стр. 28): 63463.4…63763.5, 63539…63736.6, 63428.8…63590; конфигурация 7, "пила" на уровне — выйти в бу и дождаться выхода (стр. 28): 63290.2…63463.4
+        сила по композиту (замена VRVP, стр. 22): зона 0 — 0.0% композита; окно композита — структура 1d
+        слом на младшем ТФ: младше этого ТФ рядов не собрано — слом проверить негде
+        событие: прокол с бара 447, глубина 0.09%, полных тел 0
+  ШОРТ  5м  ПОК 63120.9  зона 63082.4…63183.6  объём 5419.24  флипнут
+        границы 63088…63240.8  вход: по ретесту с обратной стороны, в другую сторону (стр. 43)  по тренду (1Д, держится на 3 экстремумах)
+        СДЕЛКИ НЕТ: пробит и флипнут — стр. 43 «Уровень лонг/шорт менятся для нас на противоположный»; вход по ретесту в ДРУГУЮ сторону
+        сила по композиту (замена VRVP, стр. 22): зона 0 — 0.0% композита; окно композита — структура 1d
+        слом на младшем ТФ: младше этого ТФ рядов не собрано — слом проверить негде
+        событие: пробой с бара 443, глубина 0.39%, полных тел 2
+  ШОРТ  5м  ПОК 62817.8  зона 62748.2…62911.4  объём 14640.48  отработан
+        границы 62745…63069.4  вход: только по слому структуры на младшем ТФ (стр. 31)  по тренду (1Д, держится на 3 экстремумах)
+        СДЕЛКИ НЕТ: отработан на первое касание — стр. 25 «мы этот уровень удаляем»; вход только по слому структуры на младшем ТФ (стр. 31)
+        накопление у уровня: конфигурация 2, под уровнем — вход курс рисует от ПОК нового накопления (стр. 28): 62268.2…62754.9
+        сила по композиту (замена VRVP, стр. 22): зона 0 — 0.0% композита; окно композита — структура 1d
+        слом на младшем ТФ: младше этого ТФ рядов не собрано — слом проверить негде
+        событие: прокол с бара 396, глубина 0.05%, полных тел 0
+  ШОРТ  5м  ПОК 62621.6  зона 62555.1…62642.5  объём 6206  отработан
+        границы 62520…62671.6  вход: только по слому структуры на младшем ТФ (стр. 31)  по тренду (1Д, держится на 3 экстремумах)
+        СДЕЛКИ НЕТ: отработан на первое касание — стр. 25 «мы этот уровень удаляем»; вход только по слому структуры на младшем ТФ (стр. 31)
+        накопление у уровня: конфигурация 7, "пила" на уровне — выйти в бу и дождаться выхода (стр. 28): 62268.2…62754.9
+        сила по композиту (замена VRVP, стр. 22): зона 0 — 0.0% композита; окно композита — структура 1d
+        слом на младшем ТФ: младше этого ТФ рядов не собрано — слом проверить негде
+        событие: прокол с бара 389, глубина 0.03%, полных тел 0
+  ЛОНГ  5м  ПОК 62736.2  зона 62500.2…62780.2  объём 32382.31  активен
+        границы 62268.2…62754.9  вход: лимитки на ПОК и зону (стр. 30)  ПРОТИВ тренда — курс допускает только хеджем при открытой позиции по тренду (стр. 47), и только под ПРИБЫЛЬНУЮ: стр. 11 — под убыточную сделку хедж не открывается никогда (1Д, держится на 3 экстремумах)
+        стоп 61781.5 — запас за структуру (стр. 33)  (1.52% от входа)  один ордер
+        цель 63120.9 (5м, 0.61%)
+        цель 63180.75 (15м, 0.71%)
+        цель 63415.75 (15м, 1.08%)
+        цель 63417.6 (5м, 1.09%)
+        цель 63952.65 (1ч, 1.94%)
+        цель 64011.25 (4ч, 2.03%)
+        цель 64105.05 (1ч, 2.18%)
+        цель 64350 (15м, 2.57%)
+        цель 64546.95 (15м, 2.89%)
+        цель 64744.25 (1ч, 3.20%)
+        цель 65970.85 (1ч, 5.16%)
+        цель 65975.65 (4ч, 5.16%)
+        цель 73581.1 (4ч, 17.29%)
+        цель 73588.55 (1Д, 17.30%)
+        цель 76698.35 (4ч, 22.26%)
+        цель 79091.15 (4ч, 26.07%)
+        цель 80883.35 (1Д, 28.93%)
+        РР 1к0.40 до первой цели (стандарт курса 1к3)  НИЖЕ стандарта
+  ЛОНГ  5м  ПОК 63800.6  зона 63626.7…63936.9  объём 53136.19  отработан
+        границы 63680…63850  вход: только по слому структуры на младшем ТФ (стр. 31)  ПРОТИВ тренда — курс допускает только хеджем при открытой позиции по тренду (стр. 47), и только под ПРИБЫЛЬНУЮ: стр. 11 — под убыточную сделку хедж не открывается никогда (1Д, держится на 3 экстремумах)  база в сужении (стр. 34), шагов 4
+        СДЕЛКИ НЕТ: отработан на первое касание — стр. 25 «мы этот уровень удаляем»; вход только по слому структуры на младшем ТФ (стр. 31)
+        накопление у уровня: конфигурация 2, под уровнем — вход курс рисует от ПОК нового накопления (стр. 28): 63463.4…63763.5, 63539…63736.6; конфигурация 5, над уровнем (стр. 28): 63832.9…63989; конфигурация 7, "пила" на уровне — выйти в бу и дождаться выхода (стр. 28): 63777.3…63973.1, 63732…63958.6, 63744.2…64239.8, 63679.5…63845.5, 63582.1…64168.7
+        сила по композиту (замена VRVP, стр. 22): зона 0 — 0.0% композита; окно композита — структура 1d
+        слом на младшем ТФ: младше этого ТФ рядов не собрано — слом проверить негде
         событие: прокол с бара 498, глубина 0.04%, полных тел 0
-  ШОРТ  5м  ПОК 63873.6  зона 63803.2…63965.6  объём 10522.5  отработан
-        границы 63735…63973.1  вход: только по слому структуры на младшем ТФ (стр. 31)  по тренду (1Д)
-        стоп безопасный 64612.831…65892.293  рисковый 63973.1  один ордер
-        цель 62600 (5м, 1.99%)
-        цель 62600 (15м, 1.99%)
-        цель 62600 (1ч, 1.99%)
-        цель 60800 (1ч, 4.81%)
-        цель 60000 (4ч, 6.06%)
-        РР: безопасный 1к0.63  рисковый 1к12.80  (стандарт курса 1к3)
+  ШОРТ  5м  ПОК 63874.2  зона 63818.2…63949.4  объём 11141.83  отработан
+        границы 63777.3…63973.1  вход: только по слому структуры на младшем ТФ (стр. 31)  по тренду (1Д, держится на 3 экстремумах)
+        СДЕЛКИ НЕТ: отработан на первое касание — стр. 25 «мы этот уровень удаляем»; вход только по слому структуры на младшем ТФ (стр. 31)
+        накопление у уровня: конфигурация 2, под уровнем — вход курс рисует от ПОК нового накопления (стр. 28): 63679.5…63845.5; конфигурация 7, "пила" на уровне — выйти в бу и дождаться выхода (стр. 28): 63732…63958.6, 63744.2…64239.8, 63832.9…63989, 63582.1…64168.7
+        сила по композиту (замена VRVP, стр. 22): зона 0 — 0.0% композита; окно композита — структура 1d
+        слом на младшем ТФ: младше этого ТФ рядов не собрано — слом проверить негде
         событие: прокол с бара 585, глубина 0.06%, полных тел 0
-  ШОРТ  5м  ПОК 63522  зона 63459.8…63560.2  объём 3846.84  отработан
-        границы 63463.4…63612.8  вход: только по слому структуры на младшем ТФ (стр. 31)  по тренду (1Д)
-        стоп безопасный 64248.928…65521.184  рисковый 63612.8  один ордер
-        цель 62600 (5м, 1.45%)
-        цель 62600 (15м, 1.45%)
-        цель 62600 (1ч, 1.45%)
-        цель 60800 (1ч, 4.29%)
-        цель 60000 (4ч, 5.54%)
-        РР: безопасный 1к0.46  рисковый 1к10.15  (стандарт курса 1к3)
-        событие: прокол с бара 581, глубина 0.05%, полных тел 0
-  ЛОНГ  5м  ПОК 63650  зона 63583.3…63992.2  объём 20056.21  флипнут
-        границы 63310…63911.6  вход: по ретесту с обратной стороны, в другую сторону (стр. 43)  ПРОТИВ тренда (1Д)
-        стоп безопасный 62676.9…61410.7  рисковый 63310  один ордер
-        цель 63700 (15м, 0.08%)
-        цель 63800 (15м, 0.24%)
-        цель 64000 (15м, 0.55%)
-        цель 64188 (15м, 0.85%)
-        цель 64500 (1ч, 1.34%)
-        цель 64750 (15м, 1.73%)
-        цель 64750 (1ч, 1.73%)
-        цель 65970.9 (4ч, 3.65%)
-        цель 72999.9 (4ч, 14.69%)
-        цель 76400 (4ч, 20.03%)
-        цель 76797.1 (4ч, 20.66%)
-        цель 76797.1 (1Д, 20.66%)
-        цель 78000 (4ч, 22.55%)
-        цель 81000 (4ч, 27.26%)
-        РР: безопасный 1к0.02  рисковый 1к0.15  (стандарт курса 1к3)
-        событие: пробой с бара 646, глубина 0.14%, полных тел 2
-  ШОРТ  5м  ПОК 64100  зона 63816.7…64239.8  объём 10250.18  активен
-        границы 63744.2…64239.8  вход: лимитки на ПОК и зону (стр. 30)  по тренду (1Д)
-        стоп безопасный 64882.198…66166.994  рисковый 64239.8  один ордер
-        цель 64000 (1ч, 0.16%)
-        цель 63650 (5м, 0.70%)
-        цель 62600 (5м, 2.34%)
-        цель 62600 (15м, 2.34%)
-        цель 62600 (1ч, 2.34%)
-        цель 60800 (1ч, 5.15%)
-        цель 60000 (4ч, 6.40%)
-        РР: безопасный 1к0.05  рисковый 1к0.72  (стандарт курса 1к3)
-        событие: курс вердикта не даёт с бара 741, глубина 0.15%, полных тел 0
-  ШОРТ  5м  ПОК 63622.2  зона 63542…63728.9  объём 11908.02  флипнут
-        границы 63480…63736.9  вход: по ретесту с обратной стороны, в другую сторону (стр. 43)  по тренду (1Д)
-        стоп безопасный 64374.269…65649.007  рисковый 63736.9  один ордер
-        цель 62600 (5м, 1.61%)
-        цель 62600 (15м, 1.61%)
-        цель 62600 (1ч, 1.61%)
-        цель 60800 (1ч, 4.44%)
-        цель 60000 (4ч, 5.69%)
-        РР: безопасный 1к0.50  рисковый 1к8.91  (стандарт курса 1к3)
+  ШОРТ  5м  ПОК 63469.05  зона 63434.2…63618.7  объём 12153.22  флипнут
+        границы 63463.4…63763.5  вход: по ретесту с обратной стороны, в другую сторону (стр. 43)  по тренду (1Д, держится на 3 экстремумах)
+        СДЕЛКИ НЕТ: пробит и флипнут — стр. 43 «Уровень лонг/шорт менятся для нас на противоположный»; вход по ретесту в ДРУГУЮ сторону
+        накопление у уровня: конфигурация 2, под уровнем — вход курс рисует от ПОК нового накопления (стр. 28): 63290.2…63463.4; конфигурация 5, над уровнем (стр. 28): 63539…63736.6, 63582.1…64168.7; конфигурация 7, "пила" на уровне — выйти в бу и дождаться выхода (стр. 28): 63428.8…63590
+        сила по композиту (замена VRVP, стр. 22): зона 0 — 0.0% композита; окно композита — структура 1d
+        слом на младшем ТФ: младше этого ТФ рядов не собрано — слом проверить негде
+        событие: пробой с бара 580, глубина 0.14%, полных тел 2
+  ЛОНГ  5м  ПОК 63330.5  зона 63290.2…63668.4  объём 9793.99  активен
+        границы 63290.2…63463.4  вход: только по слому структуры на младшем ТФ (стр. 31)  ПРОТИВ тренда — курс допускает только хеджем при открытой позиции по тренду (стр. 47), и только под ПРИБЫЛЬНУЮ: стр. 11 — под убыточную сделку хедж не открывается никогда (1Д, держится на 3 экстремумах)  граница от прежней структуры (стр. 40)
+        СДЕЛКИ НЕТ: цена уже касалась уровня — стр. 25 «этот уровень становиться больше не актуальным»; вход со 2-3 касания только по слому структуры на младшем ТФ
+        накопление у уровня: конфигурация 5, над уровнем (стр. 28): 63539…63736.6, 63428.8…63590, 63582.1…64168.7
+        сила по композиту (замена VRVP, стр. 22): зона 0 — 0.0% композита; окно композита — структура 1d
+        слом на младшем ТФ: младше этого ТФ рядов не собрано — слом проверить негде
+  ЛОНГ  5м  ПОК 63788.4  зона 63692.3…63890.7  объём 9178.27  отработан
+        границы 63732…63958.6  вход: только по слому структуры на младшем ТФ (стр. 31)  ПРОТИВ тренда — курс допускает только хеджем при открытой позиции по тренду (стр. 47), и только под ПРИБЫЛЬНУЮ: стр. 11 — под убыточную сделку хедж не открывается никогда (1Д, держится на 3 экстремумах)  база в сужении (стр. 34), шагов 1
+        СДЕЛКИ НЕТ: отработан на первое касание — стр. 25 «мы этот уровень удаляем»; вход только по слому структуры на младшем ТФ (стр. 31)
+        накопление у уровня: конфигурация 2, под уровнем — вход курс рисует от ПОК нового накопления (стр. 28): 63539…63736.6; конфигурация 5, над уровнем (стр. 28): 63832.9…63989; конфигурация 7, "пила" на уровне — выйти в бу и дождаться выхода (стр. 28): 63744.2…64239.8, 63679.5…63845.5, 63582.1…64168.7
+        сила по композиту (замена VRVP, стр. 22): зона 0 — 0.0% композита; окно композита — структура 1d
+        слом на младшем ТФ: младше этого ТФ рядов не собрано — слом проверить негде
+        событие: прокол с бара 630, глубина 0.02%, полных тел 0
+  ШОРТ  5м  ПОК 64099.8  зона 63820.8…64240.8  объём 10250.18  активен
+        границы 63744.2…64239.8  вход: только по слому структуры на младшем ТФ (стр. 31)  по тренду (1Д, держится на 3 экстремумах)
+        СДЕЛКИ НЕТ: цена уже торгуется в зоне уровня — стр. 44 «Приоритет – не открывать позицию, если цена уже торгуется в зоне»; ждать выхода из зоны либо быть готовым выйти в б/у на ретесте
+        накопление у уровня: конфигурация 2, под уровнем — вход курс рисует от ПОК нового накопления (стр. 28): 63679.5…63845.5, 63832.9…63989; конфигурация 5, над уровнем (стр. 28): 64174.3…64388, 64162.9…64249; конфигурация 7, "пила" на уровне — выйти в бу и дождаться выхода (стр. 28): 63582.1…64168.7, 63975…64512.9, 64010.1…64193, 64068.4…64230.5
+        сила по композиту (замена VRVP, стр. 22): зона 0 — 0.0% композита; окно композита — структура 1d
+        слом на младшем ТФ: младше этого ТФ рядов не собрано — слом проверить негде
+        событие: курс вердикта не даёт с бара 741, глубина 0.15%, полных тел 1
+  ШОРТ  5м  ПОК 63621.7  зона 63537.2…63672.4  объём 8519.01  флипнут
+        границы 63539…63736.6  вход: по ретесту с обратной стороны, в другую сторону (стр. 43)  по тренду (1Д, держится на 3 экстремумах)
+        СДЕЛКИ НЕТ: пробит и флипнут — стр. 43 «Уровень лонг/шорт менятся для нас на противоположный»; вход по ретесту в ДРУГУЮ сторону
+        накопление у уровня: конфигурация 2, под уровнем — вход курс рисует от ПОК нового накопления (стр. 28): 63428.8…63590; конфигурация 7, "пила" на уровне — выйти в бу и дождаться выхода (стр. 28): 63582.1…64168.7
+        сила по композиту (замена VRVP, стр. 22): зона 0 — 0.0% композита; окно композита — структура 1d
+        слом на младшем ТФ: младше этого ТФ рядов не собрано — слом проверить негде
         событие: пробой с бара 693, глубина 0.31%, полных тел 2
-  ЛОНГ  5м  ПОК 63800  зона 63699…63800.4  объём 5788.8  флипнут
-        границы 63436…63845.5  вход: по ретесту с обратной стороны, в другую сторону (стр. 43)  ПРОТИВ тренда (1Д)
-        стоп безопасный 62801.64…61532.92  рисковый 63436  один ордер
-        цель 64000 (15м, 0.31%)
-        цель 64100 (5м, 0.47%)
-        цель 64500 (1ч, 1.10%)
-        цель 64750 (15м, 1.49%)
-        цель 64750 (1ч, 1.49%)
-        цель 65970.9 (4ч, 3.40%)
-        цель 72999.9 (4ч, 14.42%)
-        цель 76400 (4ч, 19.75%)
-        цель 76797.1 (4ч, 20.37%)
-        цель 76797.1 (1Д, 20.37%)
-        цель 78000 (4ч, 22.26%)
-        цель 81000 (4ч, 26.96%)
-        РР: безопасный 1к0.09  рисковый 1к0.55  (стандарт курса 1к3)
-        событие: пробой с бара 711, глубина 0.06%, полных тел 2
-  ШОРТ  5м  ПОК 64000  зона 63810.2…64016.1  объём 15537.57  флипнут
-        границы 63763.1…64034.3  вход: по ретесту с обратной стороны, в другую сторону (стр. 43)  по тренду (1Д)
-        стоп безопасный 64674.643…65955.329  рисковый 64034.3  один ордер
-        цель 62600 (5м, 2.19%)
-        цель 62600 (15м, 2.19%)
-        цель 62600 (1ч, 2.19%)
-        цель 60800 (1ч, 5.00%)
-        цель 60000 (4ч, 6.25%)
-        РР: безопасный 1к0.72  рисковый 1к40.82  (стандарт курса 1к3)
-        событие: пробой с бара 740, глубина 0.26%, полных тел 2
-  ЛОНГ  5м  ПОК 64100  зона 63909.1…64173.1  объём 30082.17  отработан
-        границы 63582.1…64168.7  вход: только по слому структуры на младшем ТФ (стр. 31)  ПРОТИВ тренда (1Д)
-        стоп безопасный 62946.279…61674.637  рисковый 63582.1  один ордер
-        цель 64500 (1ч, 0.62%)
-        цель 64750 (15м, 1.01%)
-        цель 64750 (1ч, 1.01%)
-        цель 65970.9 (4ч, 2.92%)
-        цель 72999.9 (4ч, 13.88%)
-        цель 76400 (4ч, 19.19%)
-        цель 76797.1 (4ч, 19.81%)
-        цель 76797.1 (1Д, 19.81%)
-        цель 78000 (4ч, 21.68%)
-        цель 81000 (4ч, 26.37%)
-        РР: безопасный 1к0.16  рисковый 1к0.77  (стандарт курса 1к3)
+  ЛОНГ  5м  ПОК 63539.95  зона 63475.6…63584.8  объём 3968.43  активен
+        границы 63428.8…63590  вход: только по слому структуры на младшем ТФ (стр. 31)  ПРОТИВ тренда — курс допускает только хеджем при открытой позиции по тренду (стр. 47), и только под ПРИБЫЛЬНУЮ: стр. 11 — под убыточную сделку хедж не открывается никогда (1Д, держится на 3 экстремумах)
+        СДЕЛКИ НЕТ: цена уже касалась уровня — стр. 25 «этот уровень становиться больше не актуальным»; вход со 2-3 касания только по слому структуры на младшем ТФ
+        накопление у уровня: конфигурация 5, над уровнем (стр. 28): 63582.1…64168.7
+        сила по композиту (замена VRVP, стр. 22): зона 0 — 0.0% композита; окно композита — структура 1d
+        слом на младшем ТФ: младше этого ТФ рядов не собрано — слом проверить негде
+  ЛОНГ  5м  ПОК 63729.4  зона 63709.9…63793.9  объём 4953.53  активен
+        границы 63679.5…63845.5  вход: только по слому структуры на младшем ТФ (стр. 31)  ПРОТИВ тренда — курс допускает только хеджем при открытой позиции по тренду (стр. 47), и только под ПРИБЫЛЬНУЮ: стр. 11 — под убыточную сделку хедж не открывается никогда (1Д, держится на 3 экстремумах)
+        СДЕЛКИ НЕТ: цена уже касалась уровня — стр. 25 «этот уровень становиться больше не актуальным»; вход со 2-3 касания только по слому структуры на младшем ТФ
+        накопление у уровня: конфигурация 7, "пила" на уровне — выйти в бу и дождаться выхода (стр. 28): 63582.1…64168.7
+        сила по композиту (замена VRVP, стр. 22): зона 0 — 0.0% композита; окно композита — структура 1d
+        слом на младшем ТФ: младше этого ТФ рядов не собрано — слом проверить негде
+        событие: курс вердикта не даёт с бара 732, глубина 0.23%, полных тел 1
+  ШОРТ  5м  ПОК 63924.6  зона 63832.1…64012.1  объём 14502.93  флипнут
+        границы 63832.9…63989  вход: по ретесту с обратной стороны, в другую сторону (стр. 43)  по тренду (1Д, держится на 3 экстремумах)  база в сужении (стр. 34), шагов 2
+        СДЕЛКИ НЕТ: пробит и флипнут — стр. 43 «Уровень лонг/шорт менятся для нас на противоположный»; вход по ретесту в ДРУГУЮ сторону
+        накопление у уровня: конфигурация 5, над уровнем (стр. 28): 63975…64512.9, 64010.1…64193; конфигурация 7, "пила" на уровне — выйти в бу и дождаться выхода (стр. 28): 63582.1…64168.7
+        сила по композиту (замена VRVP, стр. 22): зона 0 — 0.0% композита; окно композита — структура 1d
+        слом на младшем ТФ: младше этого ТФ рядов не собрано — слом проверить негде
+        событие: пробой с бара 739, глубина 0.38%, полных тел 2
+  ЛОНГ  5м  ПОК 64099.55  зона 63906…64166.7  объём 30082.17  отработан
+        границы 63582.1…64168.7  вход: только по слому структуры на младшем ТФ (стр. 31)  ПРОТИВ тренда — курс допускает только хеджем при открытой позиции по тренду (стр. 47), и только под ПРИБЫЛЬНУЮ: стр. 11 — под убыточную сделку хедж не открывается никогда (1Д, держится на 3 экстремумах)
+        СДЕЛКИ НЕТ: отработан на первое касание — стр. 25 «мы этот уровень удаляем»; вход только по слому структуры на младшем ТФ (стр. 31)
+        накопление у уровня: конфигурация 5, над уровнем (стр. 28): 64162.9…64249; конфигурация 7, "пила" на уровне — выйти в бу и дождаться выхода (стр. 28): 63975…64512.9, 64010.1…64193, 64068.4…64230.5
+        сила по композиту (замена VRVP, стр. 22): зона 0 — 0.0% композита; окно композита — структура 1d
+        слом на младшем ТФ: младше этого ТФ рядов не собрано — слом проверить негде
         событие: прокол с бара 805, глубина 0.03%, полных тел 0
-  ШОРТ  5м  ПОК 64100  зона 64093.1…64288.1  объём 7531.87  отработан
-        границы 64174.3…64388  вход: только по слому структуры на младшем ТФ (стр. 31)  по тренду (1Д)
-        стоп безопасный 65031.88…66319.64  рисковый 64388  один ордер
-        цель 64000 (1ч, 0.16%)
-        цель 62600 (5м, 2.34%)
-        цель 62600 (15м, 2.34%)
-        цель 62600 (1ч, 2.34%)
-        цель 60800 (1ч, 5.15%)
-        цель 60000 (4ч, 6.40%)
-        РР: безопасный 1к0.05  рисковый 1к0.35  (стандарт курса 1к3)
+  ШОРТ  5м  ПОК 64099.35  зона 64085.4…64283.8  объём 7531.87  отработан
+        границы 64174.3…64388  вход: только по слому структуры на младшем ТФ (стр. 31)  по тренду (1Д, держится на 3 экстремумах)
+        СДЕЛКИ НЕТ: отработан на первое касание — стр. 25 «мы этот уровень удаляем»; вход только по слому структуры на младшем ТФ (стр. 31)
+        накопление у уровня: конфигурация 5, над уровнем (стр. 28): 64162.9…64249, 64251.9…64500; конфигурация 7, "пила" на уровне — выйти в бу и дождаться выхода (стр. 28): 63975…64512.9, 64010.1…64193, 64068.4…64230.5
+        сила по композиту (замена VRVP, стр. 22): зона 0 — 0.0% композита; окно композита — структура 1d
+        слом на младшем ТФ: младше этого ТФ рядов не собрано — слом проверить негде
         событие: прокол с бара 808, глубина 0.07%, полных тел 0
-  ЛОНГ 15м  ПОК 64470  зона 64349.9…64570  объём 24229.14  отработан
-        границы 64256.4…64566  вход: только по слому структуры на младшем ТФ (стр. 31)  ПРОТИВ тренда (1Д)
-        стоп безопасный 63613.836…62328.708  рисковый 64256.4  один ордер
-        цель 65970.9 (4ч, 2.33%)
-        цель 72999.9 (4ч, 13.23%)
-        цель 76400 (4ч, 18.50%)
-        цель 76797.1 (4ч, 19.12%)
-        цель 76797.1 (1Д, 19.12%)
-        цель 78000 (4ч, 20.99%)
-        цель 81000 (4ч, 25.64%)
-        РР: безопасный 1к0.70  рисковый 1к7.03  (стандарт курса 1к3)
-        событие: прокол с бара 145, глубина 0.08%, полных тел 0
-  ШОРТ 15м  ПОК 64700  зона 64647.6…64783.7  объём 10695.24  флипнут
-        границы 64639.9…64909  вход: по ретесту с обратной стороны, в другую сторону (стр. 43)  по тренду (1Д)
-        стоп безопасный 65558.09…66856.27  рисковый 64909  один ордер
-        цель 64470 (15м, 0.36%)
-        цель 64069.1 (1ч, 0.98%)
-        цель 64000 (1ч, 1.08%)
-        цель 60800 (1ч, 6.03%)
-        цель 60000 (4ч, 7.26%)
-        РР: безопасный 1к0.11  рисковый 1к1.10  (стандарт курса 1к3)
+  ЛОНГ  5м  ПОК 64351.85  зона 64166…64402  объём 12848.24  флипнут
+        границы 64162.9…64249  вход: по ретесту с обратной стороны, в другую сторону (стр. 43)  ПРОТИВ тренда — курс допускает только хеджем при открытой позиции по тренду (стр. 47), и только под ПРИБЫЛЬНУЮ: стр. 11 — под убыточную сделку хедж не открывается никогда (1Д, держится на 3 экстремумах)  база в сужении (стр. 34), шагов 2
+        СДЕЛКИ НЕТ: пробит и флипнут — стр. 43 «Уровень лонг/шорт менятся для нас на противоположный»; вход по ретесту в ДРУГУЮ сторону
+        накопление у уровня: конфигурация 2, под уровнем — вход курс рисует от ПОК нового накопления (стр. 28): 64010.1…64193, 64068.4…64230.5; конфигурация 7, "пила" на уровне — выйти в бу и дождаться выхода (стр. 28): 63975…64512.9, 64332.6…64416.9, 64251.9…64500
+        сила по композиту (замена VRVP, стр. 22): зона 0 — 0.0% композита; окно композита — структура 1d
+        слом на младшем ТФ: младше этого ТФ рядов не собрано — слом проверить негде
+        событие: пробой с бара 845, глубина 0.36%, полных тел 2
+  ЛОНГ 15м  ПОК 64489.15  зона 64354.4…64570  объём 24229.14  отработан
+        границы 64256.4…64566  вход: только по слому структуры на младшем ТФ (стр. 31)  ПРОТИВ тренда — курс допускает только хеджем при открытой позиции по тренду (стр. 47), и только под ПРИБЫЛЬНУЮ: стр. 11 — под убыточную сделку хедж не открывается никогда (1Д, держится на 3 экстремумах)
+        СДЕЛКИ НЕТ: отработан на первое касание — стр. 25 «мы этот уровень удаляем»; вход только по слому структуры на младшем ТФ (стр. 31)
+        накопление у уровня: конфигурация 2, под уровнем — вход курс рисует от ПОК нового накопления (стр. 28): 64242.5…64425.6; конфигурация 5, над уровнем (стр. 28): 64515.1…65015.6; конфигурация 7, "пила" на уровне — выйти в бу и дождаться выхода (стр. 28): 64374.4…64872, 64251…64556.6
+        сила по композиту (замена VRVP, стр. 22): зона 0 — 0.0% композита; окно композита — структура 1d
+        слом на младшем ТФ: слом на 5m подтверждён, зона ПП 64136.9…64162.6, тест был
+        событие: прокол с бара 145, глубина 0.11%, полных тел 0
+  ШОРТ 15м  ПОК 64700.8  зона 64642.3…64777.3  объём 10695.24  флипнут
+        границы 64639.9…64909  вход: по ретесту с обратной стороны, в другую сторону (стр. 43)  по тренду (1Д, держится на 3 экстремумах)
+        СДЕЛКИ НЕТ: пробит и флипнут — стр. 43 «Уровень лонг/шорт менятся для нас на противоположный»; вход по ретесту в ДРУГУЮ сторону
+        накопление у уровня: конфигурация 7, "пила" на уровне — выйти в бу и дождаться выхода (стр. 28): 64374.4…64872, 64515.1…65015.6
+        сила по композиту (замена VRVP, стр. 22): зона 0 — 0.0% композита; окно композита — структура 1d
+        слом на младшем ТФ: слом на 5m подтверждён, зона ПП 64037.1…64118.1, тест был
         событие: пробой с бара 76, глубина 0.30%, полных тел 2
-  ШОРТ 15м  ПОК 65200  зона 64977.3…65424.2  объём 83174.57  отработан
-        границы 64872…65555  вход: только по слому структуры на младшем ТФ (стр. 31)  по тренду (1Д)
-        стоп безопасный 66210.55…67521.65  рисковый 65555  один ордер
-        цель 64470 (15м, 1.12%)
-        цель 64470 (1ч, 1.12%)
-        цель 64069.1 (1ч, 1.73%)
-        цель 64000 (1ч, 1.84%)
-        цель 60800 (1ч, 6.75%)
-        цель 60000 (4ч, 7.98%)
-        РР: безопасный 1к0.31  рисковый 1к2.06  (стандарт курса 1к3)
-        событие: прокол с бара 475, глубина 0.29%, полных тел 0
-  ЛОНГ 15м  ПОК 64500  зона 64465…64740.6  объём 30145.37  флипнут
-        границы 64374.4…64941.7  вход: по ретесту с обратной стороны, в другую сторону (стр. 43)  ПРОТИВ тренда (1Д)
-        стоп безопасный 63730.656…62443.168  рисковый 64374.4  один ордер
-        цель 65200 (15м, 1.09%)
-        цель 65970.9 (4ч, 2.28%)
-        цель 72999.9 (4ч, 13.18%)
-        цель 76400 (4ч, 18.45%)
-        цель 76797.1 (4ч, 19.07%)
-        цель 76797.1 (1Д, 19.07%)
-        цель 78000 (4ч, 20.93%)
-        цель 81000 (4ч, 25.58%)
-        РР: безопасный 1к0.34  рисковый 1к5.57  (стандарт курса 1к3)
-        событие: пробой с бара 177, глубина 1.45%, полных тел 2
-  ШОРТ 15м  ПОК 64975.6  зона 64813.1…65038  объём 12408.62  отработан
-        границы 64727.3…65069.4  вход: только по слому структуры на младшем ТФ (стр. 31)  по тренду (1Д)
-        стоп безопасный 65720.094…67021.482  рисковый 65069.4  один ордер
-        цель 64500 (15м, 0.73%)
-        цель 64069.1 (1ч, 1.40%)
-        цель 64000 (1ч, 1.50%)
-        цель 60800 (1ч, 6.43%)
-        цель 60000 (4ч, 7.66%)
-        РР: безопасный 1к0.23  рисковый 1к5.07  (стандарт курса 1к3)
-        событие: прокол с бара 423, глубина 0.06%, полных тел 0
-  ШОРТ 15м  ПОК 63500  зона 63310…63553.6  объём 36769.77  отработан
-        границы 63263.5…63642.2  вход: только по слому структуры на младшем ТФ (стр. 31)  по тренду (1Д)
-        стоп безопасный 64278.622…65551.466  рисковый 63642.2  один ордер
-        цель 60800 (1ч, 4.25%)
-        цель 60000 (4ч, 5.51%)
-        РР: безопасный 1к1.32  рисковый 1к18.99  (стандарт курса 1к3)
-        событие: прокол с бара 242, глубина 0.03%, полных тел 0
-  ЛОНГ 15м  ПОК 64000  зона 63607.6…64050.4  объём 94908.09  флипнут
-        границы 62660.1…64084.5  вход: по ретесту с обратной стороны, в другую сторону (стр. 43)  ПРОТИВ тренда (1Д)
-        стоп безопасный 62033.499…60780.297  рисковый 62660.1  один ордер
-        цель 64500 (1ч, 0.78%)
-        цель 64975.6 (15м, 1.52%)
-        цель 65200 (15м, 1.88%)
-        цель 65970.9 (4ч, 3.08%)
-        цель 72999.9 (4ч, 14.06%)
-        цель 76400 (4ч, 19.38%)
-        цель 76797.1 (4ч, 20.00%)
-        цель 76797.1 (1Д, 20.00%)
-        цель 78000 (4ч, 21.88%)
-        цель 81000 (4ч, 26.56%)
-        РР: безопасный 1к0.16  рисковый 1к0.37  (стандарт курса 1к3)
-        событие: пробой с бара 340, глубина 0.22%, полных тел 2
-  ШОРТ 15м  ПОК 64404  зона 64305.8…64652.1  объём 37042.57  отработан
-        границы 64251…64556.6  вход: только по слому структуры на младшем ТФ (стр. 31)  по тренду (1Д)
-        стоп безопасный 65202.166…66493.298  рисковый 64556.6  один ордер
-        цель 64000 (15м, 0.63%)
-        цель 64000 (1ч, 0.63%)
-        цель 64000 (1ч, 0.63%)
-        цель 63200 (1ч, 1.87%)
-        цель 60800 (1ч, 5.60%)
-        цель 60000 (4ч, 6.84%)
-        РР: безопасный 1к0.19  рисковый 1к2.65  (стандарт курса 1к3)
-        событие: прокол с бара 351, глубина 0.47%, полных тел 0
-  ШОРТ 15м  ПОК 64000  зона 63734.6…64385  объём 61283.77  активен
-        границы 63857.4…64703.9  вход: лимитки на ПОК и зону (стр. 30)  по тренду (1Д)
-        стоп безопасный 65350.939…66645.017  рисковый 64703.9  один ордер
-        цель 63200 (1ч, 1.25%)
-        цель 60800 (1ч, 5.00%)
-        цель 60000 (4ч, 6.25%)
-        РР: безопасный 1к0.30  рисковый 1к1.14  (стандарт курса 1к3)
-        событие: курс вердикта не даёт с бара 367, глубина 0.17%, полных тел 0
-  ЛОНГ 15м  ПОК 63700  зона 63240.5…63934.9  объём 43349.76  флипнут
-        границы 63234…64108.4  вход: по ретесту с обратной стороны, в другую сторону (стр. 43)  ПРОТИВ тренда (1Д)
-        стоп безопасный 62601.66…61336.98  рисковый 63234  один ордер
-        цель 64000 (15м, 0.47%)
-        цель 64500 (1ч, 1.26%)
-        цель 64975.6 (15м, 2.00%)
-        цель 65200 (15м, 2.35%)
-        цель 65970.9 (4ч, 3.56%)
-        цель 72999.9 (4ч, 14.60%)
-        цель 76400 (4ч, 19.94%)
-        цель 76797.1 (4ч, 20.56%)
-        цель 76797.1 (1Д, 20.56%)
-        цель 78000 (4ч, 22.45%)
-        цель 81000 (4ч, 27.16%)
-        РР: безопасный 1к0.13  рисковый 1к0.64  (стандарт курса 1к3)
-        событие: пробой с бара 508, глубина 0.16%, полных тел 2
-  ЛОНГ 15м  ПОК 64000  зона 63932.5…64245.3  объём 22166.74  флипнут
-        границы 63881…64393  вход: по ретесту с обратной стороны, в другую сторону (стр. 43)  ПРОТИВ тренда (1Д)
-        стоп безопасный 63242.19…61964.57  рисковый 63881  один ордер
-        цель 64500 (1ч, 0.78%)
-        цель 64975.6 (15м, 1.52%)
-        цель 65200 (15м, 1.88%)
-        цель 65970.9 (4ч, 3.08%)
-        цель 72999.9 (4ч, 14.06%)
-        цель 76400 (4ч, 19.38%)
-        цель 76797.1 (4ч, 20.00%)
-        цель 76797.1 (1Д, 20.00%)
-        цель 78000 (4ч, 21.88%)
-        цель 81000 (4ч, 26.56%)
-        РР: безопасный 1к0.25  рисковый 1к4.20  (стандарт курса 1к3)
+  ШОРТ 15м  ПОК 65179.4  зона 64977.9…65419.9  объём 83174.57  отработан
+        границы 64872…65555  вход: только по слому структуры на младшем ТФ (стр. 31)  по тренду (1Д, держится на 3 экстремумах)
+        СДЕЛКИ НЕТ: отработан на первое касание — стр. 25 «мы этот уровень удаляем»; вход только по слому структуры на младшем ТФ (стр. 31)
+        накопление у уровня: конфигурация 2, под уровнем — вход курс рисует от ПОК нового накопления (стр. 28): 64872…65069.4, 64515.1…65015.6
+        сила по композиту (замена VRVP, стр. 22): зона 0 — 0.0% композита; окно композита — структура 1d
+        слом на младшем ТФ: слом на 5m подтверждён, зона ПП 64037.1…64118.1, тест был
+        событие: прокол с бара 475, глубина 0.33%, полных тел 0
+  ЛОНГ 15м  ПОК 64566.9  зона 64472.4…64745.4  объём 30145.37  флипнут
+        границы 64374.4…64872  вход: по ретесту с обратной стороны, в другую сторону (стр. 43)  ПРОТИВ тренда — курс допускает только хеджем при открытой позиции по тренду (стр. 47), и только под ПРИБЫЛЬНУЮ: стр. 11 — под убыточную сделку хедж не открывается никогда (1Д, держится на 3 экстремумах)  граница от прежней структуры (стр. 40)
+        СДЕЛКИ НЕТ: пробит и флипнут — стр. 43 «Уровень лонг/шорт менятся для нас на противоположный»; вход по ретесту в ДРУГУЮ сторону
+        накопление у уровня: конфигурация 2, под уровнем — вход курс рисует от ПОК нового накопления (стр. 28): 64251…64556.6; конфигурация 7, "пила" на уровне — выйти в бу и дождаться выхода (стр. 28): 64515.1…65015.6
+        сила по композиту (замена VRVP, стр. 22): зона 0 — 0.0% композита; окно композита — структура 1d
+        слом на младшем ТФ: слом на 5m подтверждён, зона ПП 64136.9…64162.6, тест был
+        событие: пробой с бара 176, глубина 1.55%, полных тел 2
+  ШОРТ 15м  ПОК 64933  зона 64846.3…65036.7  объём 10245.49  отработан
+        границы 64872…65069.4  вход: только по слому структуры на младшем ТФ (стр. 31)  по тренду (1Д, держится на 3 экстремумах)  граница от прежней структуры (стр. 40)
+        СДЕЛКИ НЕТ: отработан на первое касание — стр. 25 «мы этот уровень удаляем»; вход только по слому структуры на младшем ТФ (стр. 31)
+        накопление у уровня: конфигурация 7, "пила" на уровне — выйти в бу и дождаться выхода (стр. 28): 64515.1…65015.6
+        сила по композиту (замена VRVP, стр. 22): зона 0 — 0.0% композита; окно композита — структура 1d
+        слом на младшем ТФ: слом на 5m подтверждён, зона ПП 64037.1…64118.1, тест был
+        событие: прокол с бара 423, глубина 0.13%, полных тел 0
+  ШОРТ 15м  ПОК 63497.1  зона 63118.9…63565.3  объём 92948.09  отработан
+        границы 63187.2…63794.3  вход: только по слому структуры на младшем ТФ (стр. 31)  по тренду (1Д, держится на 3 экстремумах)  база в сужении (стр. 34), шагов 1
+        СДЕЛКИ НЕТ: отработан на первое касание — стр. 25 «мы этот уровень удаляем»; вход только по слому структуры на младшем ТФ (стр. 31)
+        накопление у уровня: конфигурация 2, под уровнем — вход курс рисует от ПОК нового накопления (стр. 28): 62410.5…63275.7, 62961.1…63275.7, 63068.1…63266.1; конфигурация 7, "пила" на уровне — выйти в бу и дождаться выхода (стр. 28): 62660.1…64084.5, 63234…64251, 63275.7…63529.4, 63275.7…63594.6, 63290.2…63610.2, 63480…63926
+        сила по композиту (замена VRVP, стр. 22): зона 0 — 0.0% композита; окно композита — структура 1d
+        слом на младшем ТФ: слом на 5m подтверждён, зона ПП 64037.1…64118.1, тест был
+        событие: прокол с бара 242, глубина 0.04%, полных тел 0
+  ЛОНГ 15м  ПОК 63897.2  зона 63621.3…64066.3  объём 94908.09  флипнут
+        границы 62660.1…64084.5  вход: по ретесту с обратной стороны, в другую сторону (стр. 43)  ПРОТИВ тренда — курс допускает только хеджем при открытой позиции по тренду (стр. 47), и только под ПРИБЫЛЬНУЮ: стр. 11 — под убыточную сделку хедж не открывается никогда (1Д, держится на 3 экстремумах)
+        СДЕЛКИ НЕТ: пробит и флипнут — стр. 43 «Уровень лонг/шорт менятся для нас на противоположный»; вход по ретесту в ДРУГУЮ сторону
+        накопление у уровня: конфигурация 5, над уровнем (стр. 28): 63930…64251; конфигурация 7, "пила" на уровне — выйти в бу и дождаться выхода (стр. 28): 63600…64251, 63234…64251, 63577…63982.2, 63610.2…63960, 63651.8…63958.6, 63480…63926, 63782.7…64159.4
+        сила по композиту (замена VRVP, стр. 22): зона 0 — 0.0% композита; окно композита — структура 1d
+        слом на младшем ТФ: слом на 5m подтверждён, зона ПП 64136.9…64162.6, тест был
+        событие: пробой с бара 342, глубина 0.47%, полных тел 2
+  ШОРТ 15м  ПОК 64442.5  зона 64229…64565  объём 37042.57  отработан
+        границы 64251…64556.6  вход: только по слому структуры на младшем ТФ (стр. 31)  по тренду (1Д, держится на 3 экстремумах)
+        СДЕЛКИ НЕТ: отработан на первое касание — стр. 25 «мы этот уровень удаляем»; вход только по слому структуры на младшем ТФ (стр. 31)
+        накопление у уровня: конфигурация 2, под уровнем — вход курс рисует от ПОК нового накопления (стр. 28): 63600…64251, 63234…64251, 63930…64251, 64242.5…64425.6; конфигурация 5, над уровнем (стр. 28): 64515.1…65015.6
+        сила по композиту (замена VRVP, стр. 22): зона 0 — 0.0% композита; окно композита — структура 1d
+        слом на младшем ТФ: слом на 5m подтверждён, зона ПП 64037.1…64118.1, тест был
+        событие: прокол с бара 351, глубина 0.41%, полных тел 0
+  ЛОНГ 15м  ПОК 63946.5  зона 63644…64238  объём 48651.78  флипнут
+        границы 63600…64251  вход: по ретесту с обратной стороны, в другую сторону (стр. 43)  ПРОТИВ тренда — курс допускает только хеджем при открытой позиции по тренду (стр. 47), и только под ПРИБЫЛЬНУЮ: стр. 11 — под убыточную сделку хедж не открывается никогда (1Д, держится на 3 экстремумах)  граница от прежней структуры (стр. 40)
+        СДЕЛКИ НЕТ: пробит и флипнут — стр. 43 «Уровень лонг/шорт менятся для нас на противоположный»; вход по ретесту в ДРУГУЮ сторону
+        накопление у уровня: конфигурация 2, под уровнем — вход курс рисует от ПОК нового накопления (стр. 28): 63480…63926; конфигурация 7, "пила" на уровне — выйти в бу и дождаться выхода (стр. 28): 63234…64251, 63930…64251, 63577…63982.2, 63610.2…63960, 63651.8…63958.6, 63782.7…64159.4
+        сила по композиту (замена VRVP, стр. 22): зона 0 — 0.0% композита; окно композита — структура 1d
+        слом на младшем ТФ: слом на 5m подтверждён, зона ПП 64136.9…64162.6, тест был
+        событие: пробой с бара 356, глубина 0.95%, полных тел 2
+  ЛОНГ 15м  ПОК 63588.45  зона 63359.1…64026.3  объём 62746.83  отработан
+        границы 63234…64251  вход: только по слому структуры на младшем ТФ (стр. 31)  ПРОТИВ тренда — курс допускает только хеджем при открытой позиции по тренду (стр. 47), и только под ПРИБЫЛЬНУЮ: стр. 11 — под убыточную сделку хедж не открывается никогда (1Д, держится на 3 экстремумах)  граница от прежней структуры (стр. 40)
+        СДЕЛКИ НЕТ: отработан на первое касание — стр. 25 «мы этот уровень удаляем»; вход только по слому структуры на младшем ТФ (стр. 31)
+        накопление у уровня: конфигурация 2, под уровнем — вход курс рисует от ПОК нового накопления (стр. 28): 63275.7…63529.4; конфигурация 5, над уровнем (стр. 28): 63930…64251, 63610.2…63960, 63651.8…63958.6, 63782.7…64159.4; конфигурация 7, "пила" на уровне — выйти в бу и дождаться выхода (стр. 28): 63577…63982.2, 63275.7…63594.6, 63290.2…63610.2, 63480…63926
+        сила по композиту (замена VRVP, стр. 22): зона 0 — 0.0% композита; окно композита — структура 1d
+        слом на младшем ТФ: слом на 5m подтверждён, зона ПП 64136.9…64162.6, тест был
+        событие: прокол с бара 511, глубина 0.02%, полных тел 0
+  ЛОНГ 15м  ПОК 64000.85  зона 63937.1…64192.1  объём 19143.16  флипнут
+        границы 63930…64251  вход: по ретесту с обратной стороны, в другую сторону (стр. 43)  ПРОТИВ тренда — курс допускает только хеджем при открытой позиции по тренду (стр. 47), и только под ПРИБЫЛЬНУЮ: стр. 11 — под убыточную сделку хедж не открывается никогда (1Д, держится на 3 экстремумах)  граница от прежней структуры (стр. 40)
+        СДЕЛКИ НЕТ: пробит и флипнут — стр. 43 «Уровень лонг/шорт менятся для нас на противоположный»; вход по ретесту в ДРУГУЮ сторону
+        накопление у уровня: конфигурация 2, под уровнем — вход курс рисует от ПОК нового накопления (стр. 28): 63577…63982.2, 63610.2…63960, 63651.8…63958.6; конфигурация 7, "пила" на уровне — выйти в бу и дождаться выхода (стр. 28): 63782.7…64159.4
+        сила по композиту (замена VRVP, стр. 22): зона 0 — 0.0% композита; окно композита — структура 1d
+        слом на младшем ТФ: слом на 5m подтверждён, зона ПП 64136.9…64162.6, тест был
         событие: пробой с бара 499, глубина 0.26%, полных тел 2
-  ШОРТ 15м  ПОК 64750  зона 64599.3…64991  объём 64083.84  активен
-        границы 64571.4…65157  вход: лимитки на ПОК и зону (стр. 30)  по тренду (1Д)
-        стоп безопасный 65808.57…67111.71  рисковый 65157  один ордер
-        цель 64550 (1ч, 0.31%)
-        цель 64000 (15м, 1.16%)
-        цель 64000 (1ч, 1.16%)
-        цель 63700 (15м, 1.62%)
-        цель 63200 (1ч, 2.39%)
-        цель 60800 (1ч, 6.10%)
-        цель 60000 (4ч, 7.34%)
-        РР: безопасный 1к0.08  рисковый 1к0.49  (стандарт курса 1к3)
-  ШОРТ 15м  ПОК 64188  зона 64177.5…64377  объём 18986.41  отработан
-        границы 64138…64425.6  вход: только по слому структуры на младшем ТФ (стр. 31)  по тренду (1Д)
-        стоп безопасный 65069.856…66358.368  рисковый 64425.6  один ордер
-        цель 64000 (15м, 0.29%)
-        цель 64000 (1ч, 0.29%)
-        цель 63700 (15м, 0.76%)
-        цель 63200 (1ч, 1.54%)
-        цель 60800 (1ч, 5.28%)
-        цель 60000 (4ч, 6.52%)
-        РР: безопасный 1к0.09  рисковый 1к0.79  (стандарт курса 1к3)
-        событие: прокол с бара 874, глубина 0.08%, полных тел 0
-  ШОРТ 15м  ПОК 63700  зона 63554.7…63826.6  объём 22768.83  активен
-        границы 63577…63982.2  вход: лимитки на ПОК и зону (стр. 30)  по тренду (1Д)
-        стоп безопасный 64622.022…65901.666  рисковый 63982.2  один ордер
-        цель 63200 (1ч, 0.78%)
-        цель 60800 (1ч, 4.55%)
-        цель 60000 (4ч, 5.81%)
-        РР: безопасный 1к0.23  рисковый 1к1.77  (стандарт курса 1к3)
-        событие: курс вердикта не даёт с бара 749, глубина 0.12%, полных тел 0
-  ЛОНГ 15м  ПОК 62800  зона 62504.1…63023.1  объём 144796.81  отработан
-        границы 62410.5…63275.7  вход: только по слому структуры на младшем ТФ (стр. 31)  ПРОТИВ тренда (1Д)
-        стоп безопасный 61786.395…60538.185  рисковый 62410.5  один ордер
-        цель 63700 (15м, 1.43%)
-        цель 64000 (15м, 1.91%)
-        цель 64188 (15м, 2.21%)
-        цель 64500 (1ч, 2.71%)
-        цель 64750 (15м, 3.11%)
-        цель 64750 (1ч, 3.11%)
-        цель 65970.9 (4ч, 5.05%)
-        цель 72999.9 (4ч, 16.24%)
-        цель 76400 (4ч, 21.66%)
-        цель 76797.1 (4ч, 22.29%)
-        цель 76797.1 (1Д, 22.29%)
-        цель 78000 (4ч, 24.20%)
-        цель 81000 (4ч, 28.98%)
-        РР: безопасный 1к0.40  рисковый 1к2.31  (стандарт курса 1к3)
-        событие: прокол с бара 774, глубина 0.09%, полных тел 0
-  ШОРТ 15м  ПОК 63487.4  зона 63129.8…63538.6  объём 75637.49  флипнут
-        границы 63065.3…63620  вход: по ретесту с обратной стороны, в другую сторону (стр. 43)  по тренду (1Д)
-        стоп безопасный 64256.2…65528.6  рисковый 63620  один ордер
-        лестница 63200 · 63487.4  средняя при равных долях 63343.7
-        цель 62800 (15м, 1.08%)
-        цель 62800 (1ч, 1.08%)
-        цель 60800 (1ч, 4.23%)
-        цель 60000 (4ч, 5.49%)
-        РР: безопасный 1к0.34  рисковый 1к5.18  (стандарт курса 1к3)
-        событие: пробой с бара 816, глубина 0.74%, полных тел 2
-  ШОРТ 15м  ПОК 62800  зона 62742.2…62914  объём 14756.33  активен
-        границы 62716…62976.8  вход: лимитки на ПОК и зону (стр. 30)  по тренду (1Д)
-        стоп безопасный 63606.568…64866.104  рисковый 62976.8  один ордер
-        лестница 62750 · 62800  средняя при равных долях 62775
-        цель 60800 (1ч, 3.18%)
-        цель 60000 (4ч, 4.46%)
-        РР: безопасный 1к0.97  рисковый 1к11.31  (стандарт курса 1к3)
-        событие: курс вердикта не даёт с бара 798, глубина 0.07%, полных тел 0
-  ЛОНГ 15м  ПОК 62600  зона 62481.4…62806.2  объём 40710.89  активен
-        границы 62268.2…62846.3  вход: лимитки на ПОК и зону (стр. 30)  ПРОТИВ тренда (1Д)
-        стоп безопасный 61645.518…60400.154  рисковый 62268.2  один ордер
-        цель 62800 (15м, 0.32%)
-        цель 63487.4 (15м, 1.42%)
-        цель 63700 (15м, 1.76%)
-        промежуточная 63750 (5м, 1.84%)
-        цель 64000 (15м, 2.24%)
-        цель 64188 (15м, 2.54%)
-        цель 64500 (1ч, 3.04%)
-        цель 64750 (15м, 3.43%)
-        цель 64750 (1ч, 3.43%)
-        цель 65970.9 (4ч, 5.38%)
-        цель 72999.9 (4ч, 16.61%)
-        цель 76400 (4ч, 22.04%)
-        цель 76797.1 (4ч, 22.68%)
-        цель 76797.1 (1Д, 22.68%)
-        цель 78000 (4ч, 24.60%)
-        цель 81000 (4ч, 29.39%)
-        РР: безопасный 1к0.09  рисковый 1к0.60  (стандарт курса 1к3)
-  ШОРТ 15м  ПОК 63800  зона 63682.8…63899  объём 39776.7  активен
-        границы 63610.2…63960  вход: лимитки на ПОК и зону (стр. 30)  по тренду (1Д)
-        стоп безопасный 64599.6…65878.8  рисковый 63960  один ордер
-        лестница 63800 · 63873.6  средняя при равных долях 63836.8
-        промежуточная 62600 (5м, 1.88%)
-        цель 62600 (15м, 1.88%)
-        цель 62600 (1ч, 1.88%)
-        цель 60800 (1ч, 4.70%)
-        цель 60000 (4ч, 5.96%)
-        РР: безопасный 1к0.58  рисковый 1к7.50  (стандарт курса 1к3)
-        событие: курс вердикта не даёт с бара 861, глубина 0.17%, полных тел 0
-  ЛОНГ 15м  ПОК 64000  зона 63555.5…64031.5  объём 84465.76  отработан
-        границы 63352.2…63911.6  вход: только по слому структуры на младшем ТФ (стр. 31)  ПРОТИВ тренда (1Д)
-        стоп безопасный 62718.678…61451.634  рисковый 63352.2  один ордер
-        промежуточная 64100 (5м, 0.16%)
-        цель 64500 (1ч, 0.78%)
-        цель 64750 (15м, 1.17%)
-        цель 64750 (1ч, 1.17%)
-        цель 65970.9 (4ч, 3.08%)
-        цель 72999.9 (4ч, 14.06%)
-        цель 76400 (4ч, 19.38%)
-        цель 76797.1 (4ч, 20.00%)
-        цель 76797.1 (1Д, 20.00%)
-        цель 78000 (4ч, 21.88%)
-        цель 81000 (4ч, 26.56%)
-        РР: безопасный 1к0.20  рисковый 1к0.77  (стандарт курса 1к3)
-        событие: прокол с бара 916, глубина 0.34%, полных тел 0
-  ЛОНГ 15м  ПОК 64100  зона 63890…64173.1  объём 23403.81  активен
-        границы 63782.7…64200  вход: лимитки на ПОК и зону (стр. 30)  ПРОТИВ тренда (1Д)
-        стоп безопасный 63144.873…61869.219  рисковый 63782.7  один ордер
-        цель 64500 (1ч, 0.62%)
-        цель 64750 (15м, 1.01%)
-        цель 64750 (1ч, 1.01%)
-        цель 65970.9 (4ч, 2.92%)
-        цель 72999.9 (4ч, 13.88%)
-        цель 76400 (4ч, 19.19%)
-        цель 76797.1 (4ч, 19.81%)
-        цель 76797.1 (1Д, 19.81%)
-        цель 78000 (4ч, 21.68%)
-        цель 81000 (4ч, 26.37%)
-        РР: безопасный 1к0.18  рисковый 1к1.26  (стандарт курса 1к3)
-        событие: курс вердикта не даёт с бара 935, глубина 0.28%, полных тел 0
-  ЛОНГ  1ч  ПОК 60800  зона 58764.7…60811.3  объём 1723189.51  активен
-        границы 58030…61931.1  вход: лимитки на ПОК и зону (стр. 30)  ПРОТИВ тренда (1Д)
-        стоп безопасный 57449.7…56289.1  рисковый 58030  один ордер
-        цель 64000 (4ч, 5.26%)
-        цель 72999.9 (4ч, 20.07%)
-        цель 76400 (4ч, 25.66%)
-        цель 76797.1 (4ч, 26.31%)
-        цель 76797.1 (1Д, 26.31%)
-        цель 78000 (4ч, 28.29%)
-        цель 81000 (4ч, 33.22%)
-        РР: безопасный 1к0.71  рисковый 1к1.16  (стандарт курса 1к3)
-  ЛОНГ  1ч  ПОК 62600  зона 62204.9…63005.2  объём 130714.51  отработан
-        границы 61653…62957.2  вход: только по слому структуры на младшем ТФ (стр. 31)  ПРОТИВ тренда (1Д)
-        стоп безопасный 61036.47…59803.41  рисковый 61653  один ордер
-        цель 64000 (4ч, 2.24%)
-        цель 72999.9 (4ч, 16.61%)
-        цель 76400 (4ч, 22.04%)
-        цель 76797.1 (4ч, 22.68%)
-        цель 76797.1 (1Д, 22.68%)
-        цель 78000 (4ч, 24.60%)
-        цель 81000 (4ч, 29.39%)
-        РР: безопасный 1к0.50  рисковый 1к1.48  (стандарт курса 1к3)
+  ШОРТ 15м  ПОК 64546.95  зона 64528.8…64891.8  объём 98275.95  активен
+        границы 64515.1…65015.6  вход: лимитки на ПОК и зону (стр. 30)  по тренду (1Д, держится на 3 экстремумах)
+        стоп 65157 — за стоповым объёмом либо проколом (стр. 18)  (0.95% от входа)  один ордер  якорь: прокол за границу
+        цель 64000.85 (15м, 0.85%)
+        цель 63992.4 (1ч, 0.86%)
+        цель 63588.45 (15м, 1.48%)
+        цель 63254.35 (1ч, 2.00%)
+        цель 61934.65 (1ч, 4.05%)
+        цель 61268.6 (4ч, 5.08%)
+        цель 60799.8 (1ч, 5.81%)
+        цель 58706.65 (1ч, 9.05%)
+        РР 1к0.90 до первой цели (стандарт курса 1к3)  НИЖЕ стандарта
+  ШОРТ 15м  ПОК 64350  зона 64253.8…64404.6  объём 15744.44  отработан
+        границы 64242.5…64425.6  вход: только по слому структуры на младшем ТФ (стр. 31)  по тренду (1Д, держится на 3 экстремумах)  база в сужении (стр. 34), шагов 1
+        СДЕЛКИ НЕТ: отработан на первое касание — стр. 25 «мы этот уровень удаляем»; вход только по слому структуры на младшем ТФ (стр. 31)
+        сила по композиту (замена VRVP, стр. 22): зона 0 — 0.0% композита; окно композита — структура 1d
+        слом на младшем ТФ: слом на 5m подтверждён, зона ПП 64037.1…64118.1, тест был
+        событие: прокол с бара 928, глубина 0.03%, полных тел 0
+  ШОРТ 15м  ПОК 63705.75  зона 63572.3…63839.2  объём 22768.83  отработан
+        границы 63577…63982.2  вход: только по слому структуры на младшем ТФ (стр. 31)  по тренду (1Д, держится на 3 экстремумах)
+        СДЕЛКИ НЕТ: отработан на первое касание — стр. 25 «мы этот уровень удаляем»; вход только по слому структуры на младшем ТФ (стр. 31)
+        накопление у уровня: конфигурация 2, под уровнем — вход курс рисует от ПОК нового накопления (стр. 28): 63275.7…63594.6, 63290.2…63610.2; конфигурация 5, над уровнем (стр. 28): 63782.7…64159.4; конфигурация 7, "пила" на уровне — выйти в бу и дождаться выхода (стр. 28): 63610.2…63960, 63651.8…63958.6, 63480…63926
+        сила по композиту (замена VRVP, стр. 22): зона 0 — 0.0% композита; окно композита — структура 1d
+        слом на младшем ТФ: слом на 5m подтверждён, зона ПП 64037.1…64118.1, тест был
+        событие: прокол с бара 749, глубина 0.11%, полных тел 0
+  ЛОНГ 15м  ПОК 62995.15  зона 62595.6…63093.4  объём 144796.81  отработан
+        границы 62410.5…63275.7  вход: только по слому структуры на младшем ТФ (стр. 31)  ПРОТИВ тренда — курс допускает только хеджем при открытой позиции по тренду (стр. 47), и только под ПРИБЫЛЬНУЮ: стр. 11 — под убыточную сделку хедж не открывается никогда (1Д, держится на 3 экстремумах)
+        СДЕЛКИ НЕТ: отработан на первое касание — стр. 25 «мы этот уровень удаляем»; вход только по слому структуры на младшем ТФ (стр. 31)
+        накопление у уровня: конфигурация 2, под уровнем — вход курс рисует от ПОК нового накопления (стр. 28): 62520…62850.1, 62268.2…62846.3; конфигурация 5, над уровнем (стр. 28): 63068.1…63266.1; конфигурация 7, "пила" на уровне — выйти в бу и дождаться выхода (стр. 28): 62961.1…63275.7
+        сила по композиту (замена VRVP, стр. 22): зона 0 — 0.0% композита; окно композита — структура 1d
+        слом на младшем ТФ: слом на 5m подтверждён, зона ПП 64136.9…64162.6, тест был
+        событие: прокол с бара 710, глубина 0.05%, полных тел 0
+  ШОРТ 15м  ПОК 63458.55  зона 63312.8…63565.8  объём 21924.69  отработан
+        границы 63275.7…63529.4  вход: только по слому структуры на младшем ТФ (стр. 31)  по тренду (1Д, держится на 3 экстремумах)  граница от прежней структуры (стр. 40)
+        СДЕЛКИ НЕТ: отработан на первое касание — стр. 25 «мы этот уровень удаляем»; вход только по слому структуры на младшем ТФ (стр. 31)
+        накопление у уровня: конфигурация 5, над уровнем (стр. 28): 63480…63926; конфигурация 7, "пила" на уровне — выйти в бу и дождаться выхода (стр. 28): 63275.7…63594.6, 63290.2…63610.2
+        сила по композиту (замена VRVP, стр. 22): зона 0 — 0.0% композита; окно композита — структура 1d
+        слом на младшем ТФ: слом на 5m подтверждён, зона ПП 64037.1…64118.1, тест был
+        событие: прокол с бара 737, глубина 0.21%, полных тел 0
+  ЛОНГ 15м  ПОК 63099.7  зона 63033.1…63187.9  объём 20425.49  отработан
+        границы 62961.1…63275.7  вход: только по слому структуры на младшем ТФ (стр. 31)  ПРОТИВ тренда — курс допускает только хеджем при открытой позиции по тренду (стр. 47), и только под ПРИБЫЛЬНУЮ: стр. 11 — под убыточную сделку хедж не открывается никогда (1Д, держится на 3 экстремумах)  граница от прежней структуры (стр. 40)
+        СДЕЛКИ НЕТ: отработан на первое касание — стр. 25 «мы этот уровень удаляем»; вход только по слому структуры на младшем ТФ (стр. 31)
+        накопление у уровня: конфигурация 7, "пила" на уровне — выйти в бу и дождаться выхода (стр. 28): 63068.1…63266.1
+        сила по композиту (замена VRVP, стр. 22): зона 0 — 0.0% композита; окно композита — структура 1d
+        слом на младшем ТФ: слом на 5m подтверждён, зона ПП 64136.9…64162.6, тест был
+        событие: прокол с бара 764, глубина 0.02%, полных тел 0
+  ШОРТ 15м  ПОК 63415.75  зона 63281.2…63577.9  объём 26415.99  флипнут
+        границы 63275.7…63594.6  вход: по ретесту с обратной стороны, в другую сторону (стр. 43)  по тренду (1Д, держится на 3 экстремумах)  граница от прежней структуры (стр. 40)
+        СДЕЛКИ НЕТ: пробит и флипнут — стр. 43 «Уровень лонг/шорт менятся для нас на противоположный»; вход по ретесту в ДРУГУЮ сторону
+        накопление у уровня: конфигурация 5, над уровнем (стр. 28): 63480…63926; конфигурация 7, "пила" на уровне — выйти в бу и дождаться выхода (стр. 28): 63290.2…63610.2
+        сила по композиту (замена VRVP, стр. 22): зона 0 — 0.0% композита; окно композита — структура 1d
+        слом на младшем ТФ: слом на 5m подтверждён, зона ПП 64037.1…64118.1, тест был
+        событие: пробой с бара 815, глубина 0.85%, полных тел 2
+  ШОРТ 15м  ПОК 63180.75  зона 62903…63260.5  объём 14267.17  флипнут
+        границы 63068.1…63266.1  вход: по ретесту с обратной стороны, в другую сторону (стр. 43)  по тренду (1Д, держится на 3 экстремумах)
+        СДЕЛКИ НЕТ: пробит и флипнут — стр. 43 «Уровень лонг/шорт менятся для нас на противоположный»; вход по ретесту в ДРУГУЮ сторону
+        сила по композиту (замена VRVP, стр. 22): зона 0 — 0.0% композита; окно композита — структура 1d
+        слом на младшем ТФ: слом на 5m подтверждён, зона ПП 64037.1…64118.1, тест был
+        событие: пробой с бара 814, глубина 0.93%, полных тел 2
+  ШОРТ 15м  ПОК 62601.7  зона 62477…62801.8  объём 18108.72  флипнут
+        границы 62520…62850.1  вход: по ретесту с обратной стороны, в другую сторону (стр. 43)  по тренду (1Д, держится на 3 экстремумах)
+        СДЕЛКИ НЕТ: пробит и флипнут — стр. 43 «Уровень лонг/шорт менятся для нас на противоположный»; вход по ретесту в ДРУГУЮ сторону
+        накопление у уровня: конфигурация 7, "пила" на уровне — выйти в бу и дождаться выхода (стр. 28): 62268.2…62846.3
+        сила по композиту (замена VRVP, стр. 22): зона 0 — 0.0% композита; окно композита — структура 1d
+        слом на младшем ТФ: слом на 5m подтверждён, зона ПП 64037.1…64118.1, тест был
+        событие: пробой с бара 796, глубина 0.39%, полных тел 2
+  ЛОНГ 15м  ПОК 62664.95  зона 62498.2…62797.2  объём 33183.41  активен
+        границы 62268.2…62846.3  вход: лимитки на ПОК и зону (стр. 30)  ПРОТИВ тренда — курс допускает только хеджем при открытой позиции по тренду (стр. 47), и только под ПРИБЫЛЬНУЮ: стр. 11 — под убыточную сделку хедж не открывается никогда (1Д, держится на 3 экстремумах)
+        стоп 61690.1 — запас за структуру (стр. 33)  (1.56% от входа)  один ордер
+        лестница 62664.95 · 62736.2  средняя при равных долях 62700.575
+        цель 63180.75 (15м, 0.82%)
+        цель 63415.75 (15м, 1.20%)
+        промежуточная 63417.6 (5м, 1.20%)
+        цель 63952.65 (1ч, 2.05%)
+        цель 64011.25 (4ч, 2.15%)
+        цель 64105.05 (1ч, 2.30%)
+        цель 64350 (15м, 2.69%)
+        цель 64546.95 (15м, 3.00%)
+        цель 64744.25 (1ч, 3.32%)
+        цель 65970.85 (1ч, 5.28%)
+        цель 65975.65 (4ч, 5.28%)
+        цель 73581.1 (4ч, 17.42%)
+        цель 73588.55 (1Д, 17.43%)
+        цель 76698.35 (4ч, 22.39%)
+        цель 79091.15 (4ч, 26.21%)
+        цель 80883.35 (1Д, 29.07%)
+        РР 1к0.53 до первой цели (стандарт курса 1к3)  НИЖЕ стандарта
+  ШОРТ 15м  ПОК 63803.05  зона 63700.1…63913.1  объём 39776.7  отработан
+        границы 63610.2…63960  вход: только по слому структуры на младшем ТФ (стр. 31)  по тренду (1Д, держится на 3 экстремумах)
+        СДЕЛКИ НЕТ: отработан на первое касание — стр. 25 «мы этот уровень удаляем»; вход только по слому структуры на младшем ТФ (стр. 31)
+        накопление у уровня: конфигурация 7, "пила" на уровне — выйти в бу и дождаться выхода (стр. 28): 63651.8…63958.6, 63480…63926, 63782.7…64159.4
+        сила по композиту (замена VRVP, стр. 22): зона 0 — 0.0% композита; окно композита — структура 1d
+        слом на младшем ТФ: слом на 5m подтверждён, зона ПП 64037.1…64118.1, тест был
+        событие: прокол с бара 861, глубина 0.17%, полных тел 0
+  ЛОНГ 15м  ПОК 63473.1  зона 63315…63575.4  объём 18910.65  отработан
+        границы 63290.2…63610.2  вход: только по слому структуры на младшем ТФ (стр. 31)  ПРОТИВ тренда — курс допускает только хеджем при открытой позиции по тренду (стр. 47), и только под ПРИБЫЛЬНУЮ: стр. 11 — под убыточную сделку хедж не открывается никогда (1Д, держится на 3 экстремумах)  граница от прежней структуры (стр. 40)
+        СДЕЛКИ НЕТ: отработан на первое касание — стр. 25 «мы этот уровень удаляем»; вход только по слому структуры на младшем ТФ (стр. 31)
+        накопление у уровня: конфигурация 5, над уровнем (стр. 28): 63480…63926
+        сила по композиту (замена VRVP, стр. 22): зона 0 — 0.0% композита; окно композита — структура 1d
+        слом на младшем ТФ: слом на 5m подтверждён, зона ПП 64136.9…64162.6, тест был
+        событие: прокол с бара 896, глубина 0.07%, полных тел 0
+  ШОРТ 15м  ПОК 63787.8  зона 63616.8…63974  объём 21400.4  отработан
+        границы 63651.8…63958.6  вход: только по слому структуры на младшем ТФ (стр. 31)  по тренду (1Д, держится на 3 экстремумах)
+        СДЕЛКИ НЕТ: отработан на первое касание — стр. 25 «мы этот уровень удаляем»; вход только по слому структуры на младшем ТФ (стр. 31)
+        накопление у уровня: конфигурация 7, "пила" на уровне — выйти в бу и дождаться выхода (стр. 28): 63480…63926, 63782.7…64159.4
+        сила по композиту (замена VRVP, стр. 22): зона 0 — 0.0% композита; окно композита — структура 1d
+        слом на младшем ТФ: слом на 5m подтверждён, зона ПП 64037.1…64118.1, тест был
+        событие: прокол с бара 898, глубина 0.05%, полных тел 0
+  ЛОНГ 15м  ПОК 63910.05  зона 63629…64006.3  объём 42267.03  отработан
+        границы 63480…63926  вход: только по слому структуры на младшем ТФ (стр. 31)  ПРОТИВ тренда — курс допускает только хеджем при открытой позиции по тренду (стр. 47), и только под ПРИБЫЛЬНУЮ: стр. 11 — под убыточную сделку хедж не открывается никогда (1Д, держится на 3 экстремумах)
+        СДЕЛКИ НЕТ: отработан на первое касание — стр. 25 «мы этот уровень удаляем»; вход только по слому структуры на младшем ТФ (стр. 31)
+        накопление у уровня: конфигурация 7, "пила" на уровне — выйти в бу и дождаться выхода (стр. 28): 63782.7…64159.4
+        сила по композиту (замена VRVP, стр. 22): зона 0 — 0.0% композита; окно композита — структура 1d
+        слом на младшем ТФ: слом на 5m подтверждён, зона ПП 64136.9…64162.6, тест был
+        событие: прокол с бара 916, глубина 0.20%, полных тел 0
+  ЛОНГ 15м  ПОК 64098.35  зона 63953.8…64166.2  объём 19023.92  отработан
+        границы 63782.7…64159.4  вход: только по слому структуры на младшем ТФ (стр. 31)  ПРОТИВ тренда — курс допускает только хеджем при открытой позиции по тренду (стр. 47), и только под ПРИБЫЛЬНУЮ: стр. 11 — под убыточную сделку хедж не открывается никогда (1Д, держится на 3 экстремумах)  база в сужении (стр. 34), шагов 1
+        СДЕЛКИ НЕТ: отработан на первое касание — стр. 25 «мы этот уровень удаляем»; вход только по слому структуры на младшем ТФ (стр. 31)
+        сила по композиту (замена VRVP, стр. 22): зона 0 — 0.0% композита; окно композита — структура 1d
+        слом на младшем ТФ: слом на 5m подтверждён, зона ПП 64136.9…64162.6, тест был
+        событие: прокол с бара 935, глубина 0.28%, полных тел 0
+  ЛОНГ  1ч  ПОК 59999.5  зона 59122…60448  объём 803466.76  отработан
+        границы 58888…59883.2  вход: только по слому структуры на младшем ТФ (стр. 31)  ПРОТИВ тренда — курс допускает только хеджем при открытой позиции по тренду (стр. 47), и только под ПРИБЫЛЬНУЮ: стр. 11 — под убыточную сделку хедж не открывается никогда (1Д, держится на 3 экстремумах)  база в сужении (стр. 34), шагов 3
+        СДЕЛКИ НЕТ: отработан на первое касание — стр. 25 «мы этот уровень удаляем»; вход только по слому структуры на младшем ТФ (стр. 31)
+        накопление у уровня: конфигурация 2, под уровнем — вход курс рисует от ПОК нового накопления (стр. 28): 58294.1…59444.5; конфигурация 7, "пила" на уровне — выйти в бу и дождаться выхода (стр. 28): 58988…60758.3, 59555…61322
+        сила по композиту (замена VRVP, стр. 22): зона 0 — 0.0% композита; окно композита — структура 1d
+        слом на младшем ТФ: слом на 15m подтверждён, зона ПП 64040.4…64163.8, тест был
+        событие: прокол с бара 107, глубина 0.48%, полных тел 1
+  ШОРТ  1ч  ПОК 59800  зона 59403.2…60504  объём 272419.74  флипнут
+        границы 58988…60758.3  вход: по ретесту с обратной стороны, в другую сторону (стр. 43)  по тренду (1Д, держится на 3 экстремумах)
+        СДЕЛКИ НЕТ: пробит и флипнут — стр. 43 «Уровень лонг/шорт менятся для нас на противоположный»; вход по ретесту в ДРУГУЮ сторону
+        накопление у уровня: конфигурация 2, под уровнем — вход курс рисует от ПОК нового накопления (стр. 28): 58294.1…59444.5; конфигурация 7, "пила" на уровне — выйти в бу и дождаться выхода (стр. 28): 59555…61322
+        сила по композиту (замена VRVP, стр. 22): зона 0 — 0.0% композита; окно композита — структура 1d
+        слом на младшем ТФ: слом на 15m подтверждён, зона ПП 64066.1…64096.3, тест был
+        событие: пробой с бара 161, глубина 1.20%, полных тел 2
+  ЛОНГ  1ч  ПОК 58392.35  зона 58164.2…58874  объём 119456.69  отработан
+        границы 58160…58988  вход: только по слому структуры на младшем ТФ (стр. 31)  ПРОТИВ тренда — курс допускает только хеджем при открытой позиции по тренду (стр. 47), и только под ПРИБЫЛЬНУЮ: стр. 11 — под убыточную сделку хедж не открывается никогда (1Д, держится на 3 экстремумах)  граница от прежней структуры (стр. 40)
+        СДЕЛКИ НЕТ: отработан на первое касание — стр. 25 «мы этот уровень удаляем»; вход только по слому структуры на младшем ТФ (стр. 31)
+        накопление у уровня: конфигурация 7, "пила" на уровне — выйти в бу и дождаться выхода (стр. 28): 58294.1…59444.5
+        сила по композиту (замена VRVP, стр. 22): зона 0 — 0.0% композита; окно композита — структура 1d
+        слом на младшем ТФ: слом на 15m подтверждён, зона ПП 64040.4…64163.8, тест был
+        событие: прокол с бара 159, глубина 0.17%, полных тел 0
+  ЛОНГ  1ч  ПОК 58706.65  зона 58427.9…59052.3  объём 78503.48  активен
+        границы 58294.1…59444.5  вход: лимитки на ПОК и зону (стр. 30)  ПРОТИВ тренда — курс допускает только хеджем при открытой позиции по тренду (стр. 47), и только под ПРИБЫЛЬНУЮ: стр. 11 — под убыточную сделку хедж не открывается никогда (1Д, держится на 3 экстремумах)
+        стоп 57143.7 — запас за структуру (стр. 33)  (2.66% от входа)  один ордер
+        цель 59800 (1ч, 1.86%)
+        цель 59804.5 (4ч, 1.87%)
+        цель 62624.3 (4ч, 6.67%)
+        цель 73581.1 (4ч, 25.34%)
+        цель 73588.55 (1Д, 25.35%)
+        цель 76698.35 (4ч, 30.65%)
+        цель 79091.15 (4ч, 34.72%)
+        цель 80883.35 (1Д, 37.78%)
+        РР 1к0.70 до первой цели (стандарт курса 1к3)  НИЖЕ стандарта
+  ЛОНГ  1ч  ПОК 60799.8  зона 59832.3…60890.1  объём 225298.33  активен
+        границы 59555…61322  вход: лимитки на ПОК и зону (стр. 30)  ПРОТИВ тренда — курс допускает только хеджем при открытой позиции по тренду (стр. 47), и только под ПРИБЫЛЬНУЮ: стр. 11 — под убыточную сделку хедж не открывается никогда (1Д, держится на 3 экстремумах)
+        стоп 57758.6 — за стоповым объёмом либо проколом (стр. 18)  (5.00% от входа)  один ордер  якорь: лой/хай своего ТФ или ТФ−1
+        цель 62624.3 (4ч, 3.00%)
+        цель 73581.1 (4ч, 21.02%)
+        цель 73588.55 (1Д, 21.03%)
+        цель 76698.35 (4ч, 26.15%)
+        цель 79091.15 (4ч, 30.08%)
+        цель 80883.35 (1Д, 33.03%)
+        РР 1к0.60 до первой цели (стандарт курса 1к3)  НИЖЕ стандарта
+  ЛОНГ  1ч  ПОК 61504.35  зона 61413.4…61820  объём 109005.23  отработан
+        границы 61480.7…61727.2  вход: только по слому структуры на младшем ТФ (стр. 31)  ПРОТИВ тренда — курс допускает только хеджем при открытой позиции по тренду (стр. 47), и только под ПРИБЫЛЬНУЮ: стр. 11 — под убыточную сделку хедж не открывается никогда (1Д, держится на 3 экстремумах)  база в сужении (стр. 34), шагов 2
+        СДЕЛКИ НЕТ: отработан на первое касание — стр. 25 «мы этот уровень удаляем»; вход только по слому структуры на младшем ТФ (стр. 31)
+        накопление у уровня: конфигурация 5, над уровнем (стр. 28): 61727.2…62735.2, 61806…62434.9; конфигурация 7, "пила" на уровне — выйти в бу и дождаться выхода (стр. 28): 61297…63424.2
+        сила по композиту (замена VRVP, стр. 22): зона 0 — 0.0% композита; окно композита — структура 1d
+        слом на младшем ТФ: слом на 15m подтверждён, зона ПП 64040.4…64163.8, тест был
+        событие: прокол с бара 280, глубина 0.34%, полных тел 0
+  ЛОНГ  1ч  ПОК 62599.95  зона 62237.1…62927.4  объём 117735.49  отработан
+        границы 61727.2…62735.2  вход: только по слому структуры на младшем ТФ (стр. 31)  ПРОТИВ тренда — курс допускает только хеджем при открытой позиции по тренду (стр. 47), и только под ПРИБЫЛЬНУЮ: стр. 11 — под убыточную сделку хедж не открывается никогда (1Д, держится на 3 экстремумах)  граница от прежней структуры (стр. 40)
+        СДЕЛКИ НЕТ: отработан на первое касание — стр. 25 «мы этот уровень удаляем»; вход только по слому структуры на младшем ТФ (стр. 31)
+        накопление у уровня: конфигурация 2, под уровнем — вход курс рисует от ПОК нового накопления (стр. 28): 61926.9…62331.8, 61806…62434.9; конфигурация 7, "пила" на уровне — выйти в бу и дождаться выхода (стр. 28): 62410.1…63450, 61297…63424.2, 62466.9…64234.1, 62428.5…63286.5, 62434.9…64110.2, 62434.9…64950, 62505.1…63843.1, 62228.8…62956.5, 62268.2…62956.5
+        сила по композиту (замена VRVP, стр. 22): зона 0 — 0.0% композита; окно композита — структура 1d
+        слом на младшем ТФ: слом на 15m подтверждён, зона ПП 64040.4…64163.8, тест был
         событие: прокол с бара 245, глубина 0.08%, полных тел 0
-  ЛОНГ  1ч  ПОК 63000  зона 62534.7…63193.1  объём 99005.92  флипнут
-        границы 62410.1…63450  вход: по ретесту с обратной стороны, в другую сторону (стр. 43)  ПРОТИВ тренда (1Д)
-        стоп безопасный 61785.999…60537.797  рисковый 62410.1  один ордер
-        цель 64000 (4ч, 1.59%)
-        цель 72999.9 (4ч, 15.87%)
-        цель 76400 (4ч, 21.27%)
-        цель 76797.1 (4ч, 21.90%)
-        цель 76797.1 (1Д, 21.90%)
-        цель 78000 (4ч, 23.81%)
-        цель 81000 (4ч, 28.57%)
-        РР: безопасный 1к0.41  рисковый 1к1.70  (стандарт курса 1к3)
-        событие: пробой с бара 272, глубина 0.62%, полных тел 2
-  ЛОНГ  1ч  ПОК 62590.4  зона 62354.2…64202.1  объём 802823.64  отработан
-        границы 61297…63990.7  вход: только по слому структуры на младшем ТФ (стр. 31)  ПРОТИВ тренда (1Д)
-        стоп безопасный 60684.03…59458.09  рисковый 61297  один ордер
-        цель 72999.9 (4ч, 16.63%)
-        цель 76400 (4ч, 22.06%)
-        цель 76797.1 (4ч, 22.70%)
-        цель 76797.1 (1Д, 22.70%)
-        цель 78000 (4ч, 24.62%)
-        цель 81000 (4ч, 29.41%)
-        РР: безопасный 1к3.32  рисковый 1к8.05  (стандарт курса 1к3)
-        событие: прокол с бара 440, глубина 0.25%, полных тел 0
-  ШОРТ  1ч  ПОК 64100  зона 63796…64239.2  объём 199064.83  флипнут
-        границы 63619.9…64680  вход: по ретесту с обратной стороны, в другую сторону (стр. 43)  по тренду (1Д)
-        стоп безопасный 65326.8…66620.4  рисковый 64680  один ордер
-        цель 62590.4 (1ч, 2.36%)
-        цель 62590.4 (4ч, 2.36%)
-        цель 60800 (1ч, 5.15%)
-        цель 60000 (4ч, 6.40%)
-        РР: безопасный 1к0.60  рисковый 1к2.60  (стандарт курса 1к3)
-        событие: пробой с бара 472, глубина 1.33%, полных тел 2
-  ЛОНГ  1ч  ПОК 63064.4  зона 62143.2…63107.2  объём 219573.56  флипнут
-        границы 62061.3…63260  вход: по ретесту с обратной стороны, в другую сторону (стр. 43)  ПРОТИВ тренда (1Д)
-        стоп безопасный 61440.687…60199.461  рисковый 62061.3  один ордер
-        цель 64100 (1ч, 1.64%)
-        цель 64100 (4ч, 1.64%)
-        цель 72999.9 (4ч, 15.75%)
-        цель 76400 (4ч, 21.15%)
-        цель 76797.1 (4ч, 21.78%)
-        цель 76797.1 (1Д, 21.78%)
-        цель 78000 (4ч, 23.68%)
-        цель 81000 (4ч, 28.44%)
-        РР: безопасный 1к0.36  рисковый 1к1.03  (стандарт курса 1к3)
-        событие: пробой с бара 536, глубина 0.65%, полных тел 2
-  ШОРТ  1ч  ПОК 65000  зона 64471.6…65096.3  объём 246003.14  отработан
-        границы 64390.4…65130  вход: только по слому структуры на младшем ТФ (стр. 31)  по тренду (1Д)
-        стоп безопасный 65781.3…67083.9  рисковый 65130  один ордер
-        цель 63064.4 (1ч, 2.98%)
-        цель 60800 (1ч, 6.46%)
-        цель 60000 (4ч, 7.69%)
-        РР: безопасный 1к0.93  рисковый 1к14.89  (стандарт курса 1к3)
-        событие: прокол с бара 603, глубина 0.13%, полных тел 0
-  ШОРТ  1ч  ПОК 63900  зона 63748.6…64457.8  объём 113169.33  флипнут
-        границы 63833…64874.7  вход: по ретесту с обратной стороны, в другую сторону (стр. 43)  по тренду (1Д)
-        стоп безопасный 65523.447…66820.941  рисковый 64874.7  один ордер
-        цель 63064.4 (1ч, 1.31%)
-        цель 60800 (1ч, 4.85%)
-        цель 60000 (4ч, 6.10%)
-        РР: безопасный 1к0.29  рисковый 1к0.86  (стандарт курса 1к3)
-        событие: пробой с бара 548, глубина 0.71%, полных тел 2
-  ЛОНГ  1ч  ПОК 64000  зона 63145.6…64466  объём 138596.45  активен
-        границы 62505.1…64356.7  вход: лимитки на ПОК и зону (стр. 30)  ПРОТИВ тренда (1Д)
-        стоп безопасный 61880.049…60629.947  рисковый 62505.1  один ордер
-        цель 65000 (1ч, 1.56%)
-        цель 72999.9 (4ч, 14.06%)
-        цель 76400 (4ч, 19.38%)
-        цель 76797.1 (4ч, 20.00%)
-        цель 76797.1 (1Д, 20.00%)
-        цель 78000 (4ч, 21.88%)
-        цель 81000 (4ч, 26.56%)
-        РР: безопасный 1к0.30  рисковый 1к0.67  (стандарт курса 1к3)
-        событие: курс вердикта не даёт с бара 609, глубина 0.41%, полных тел 0
-  ШОРТ  1ч  ПОК 64750  зона 64421.6…64882.3  объём 92111.61  отработан
-        границы 64259.5…64948.8  вход: только по слому структуры на младшем ТФ (стр. 31)  по тренду (1Д)
-        стоп безопасный 65598.288…66897.264  рисковый 64948.8  один ордер
-        цель 64000 (1ч, 1.16%)
-        цель 60800 (1ч, 6.10%)
-        цель 60000 (4ч, 7.34%)
-        РР: безопасный 1к0.35  рисковый 1к3.77  (стандарт курса 1к3)
-        событие: прокол с бара 614, глубина 0.46%, полных тел 0
-  ЛОНГ  1ч  ПОК 65500  зона 64619.9…65807.3  объём 170591.46  отработан
-        границы 63736.1…65688  вход: только по слому структуры на младшем ТФ (стр. 31)  ПРОТИВ тренда (1Д)
-        стоп безопасный 63098.739…61824.017  рисковый 63736.1  один ордер
-        цель 72999.9 (4ч, 11.45%)
-        цель 76400 (4ч, 16.64%)
-        цель 76797.1 (4ч, 17.25%)
-        цель 76797.1 (1Д, 17.25%)
-        цель 78000 (4ч, 19.08%)
-        цель 81000 (4ч, 23.66%)
-        РР: безопасный 1к2.04  рисковый 1к4.25  (стандарт курса 1к3)
-        событие: прокол с бара 682, глубина 0.28%, полных тел 0
-  ШОРТ  1ч  ПОК 65970.9  зона 65720.7…66490.8  объём 117007.54  флипнут
-        границы 65939…66924.1  вход: по ретесту с обратной стороны, в другую сторону (стр. 43)  по тренду (1Д)
-        стоп безопасный 67593.341…68931.823  рисковый 66924.1  один ордер
-        цель 65500 (1ч, 0.71%)
-        цель 64750 (4ч, 1.85%)
-        цель 64000 (1ч, 2.99%)
-        цель 60800 (1ч, 7.84%)
-        цель 60000 (4ч, 9.05%)
-        РР: безопасный 1к0.16  рисковый 1к0.49  (стандарт курса 1к3)
-        событие: пробой с бара 666, глубина 0.60%, полных тел 2
-  ШОРТ  1ч  ПОК 65600  зона 65524.8…66268.5  объём 87281.18  отработан
-        границы 65313.7…66363.6  вход: только по слому структуры на младшем ТФ (стр. 31)  по тренду (1Д)
-        стоп безопасный 67027.236…68354.508  рисковый 66363.6  один ордер
-        цель 64750 (4ч, 1.30%)
-        цель 64000 (1ч, 2.44%)
-        цель 60800 (1ч, 7.32%)
-        цель 60000 (4ч, 8.54%)
-        РР: безопасный 1к0.31  рисковый 1к1.11  (стандарт курса 1к3)
-        событие: прокол с бара 706, глубина 0.27%, полных тел 0
-  ШОРТ  1ч  ПОК 64300  зона 64174.7…65297.4  объём 117632.87  флипнут
-        границы 64636…65780  вход: по ретесту с обратной стороны, в другую сторону (стр. 43)  по тренду (1Д)
-        стоп безопасный 66437.8…67753.4  рисковый 65780  один ордер
-        цель 64000 (1ч, 0.47%)
-        цель 60800 (1ч, 5.44%)
-        цель 60000 (4ч, 6.69%)
-        РР: безопасный 1к0.09  рисковый 1к0.20  (стандарт курса 1к3)
-        событие: пробой с бара 740, глубина 0.18%, полных тел 2
-  ЛОНГ  1ч  ПОК 64069.1  зона 63941.6…64219.6  объём 94438.51  флипнут
-        границы 63666…64266.9  вход: по ретесту с обратной стороны, в другую сторону (стр. 43)  ПРОТИВ тренда (1Д)
-        стоп безопасный 63029.34…61756.02  рисковый 63666  один ордер
-        цель 65970.9 (4ч, 2.97%)
-        цель 72999.9 (4ч, 13.94%)
-        цель 76400 (4ч, 19.25%)
-        цель 76797.1 (4ч, 19.87%)
-        цель 76797.1 (1Д, 19.87%)
-        цель 78000 (4ч, 21.74%)
-        цель 81000 (4ч, 26.43%)
-        РР: безопасный 1к0.82  рисковый 1к4.72  (стандарт курса 1к3)
+  ЛОНГ  1ч  ПОК 62702.4  зона 62536.5…63184.3  объём 99005.92  флипнут
+        границы 62410.1…63450  вход: по ретесту с обратной стороны, в другую сторону (стр. 43)  ПРОТИВ тренда — курс допускает только хеджем при открытой позиции по тренду (стр. 47), и только под ПРИБЫЛЬНУЮ: стр. 11 — под убыточную сделку хедж не открывается никогда (1Д, держится на 3 экстремумах)
+        СДЕЛКИ НЕТ: пробит и флипнут — стр. 43 «Уровень лонг/шорт менятся для нас на противоположный»; вход по ретесту в ДРУГУЮ сторону
+        накопление у уровня: конфигурация 5, над уровнем (стр. 28): 63021…63642.2, 62956.5…63275.7; конфигурация 7, "пила" на уровне — выйти в бу и дождаться выхода (стр. 28): 61297…63424.2, 62466.9…64234.1, 62428.5…63286.5, 62434.9…64110.2, 62434.9…64950, 62505.1…63843.1, 62228.8…62956.5, 62268.2…62956.5
+        сила по композиту (замена VRVP, стр. 22): зона 0 — 0.0% композита; окно композита — структура 1d
+        слом на младшем ТФ: слом на 15m подтверждён, зона ПП 64040.4…64163.8, тест был
+        событие: пробой с бара 276, глубина 2.24%, полных тел 2
+  ЛОНГ  1ч  ПОК 63686.95  зона 62585.2…64178.5  объём 369082.83  флипнут
+        границы 61297…63424.2  вход: по ретесту с обратной стороны, в другую сторону (стр. 43)  ПРОТИВ тренда — курс допускает только хеджем при открытой позиции по тренду (стр. 47), и только под ПРИБЫЛЬНУЮ: стр. 11 — под убыточную сделку хедж не открывается никогда (1Д, держится на 3 экстремумах)  база в сужении (стр. 34), шагов 1
+        СДЕЛКИ НЕТ: пробит и флипнут — стр. 43 «Уровень лонг/шорт менятся для нас на противоположный»; вход по ретесту в ДРУГУЮ сторону
+        накопление у уровня: конфигурация 2, под уровнем — вход курс рисует от ПОК нового накопления (стр. 28): 62428.5…63286.5, 63021…63642.2, 62956.5…63275.7, 62228.8…62956.5, 62268.2…62956.5; конфигурация 5, над уровнем (стр. 28): 64110.2…64280, 63928…64110.2, 63843.1…65589.7, 63912…64014.9, 64014.9…64633; конфигурация 7, "пила" на уровне — выйти в бу и дождаться выхода (стр. 28): 62466.9…64234.1, 62434.9…64110.2, 62434.9…64950, 62505.1…63843.1, 63666…64266.9, 63526…64175, 63234…64715.9, 63577…64476.8
+        сила по композиту (замена VRVP, стр. 22): зона 0 — 0.0% композита; окно композита — структура 1d
+        слом на младшем ТФ: слом на 15m подтверждён, зона ПП 64040.4…64163.8, тест был
+        событие: пробой с бара 309, глубина 0.80%, полных тел 2
+  ШОРТ  1ч  ПОК 62808.75  зона 61860…63529.8  объём 114572.62  флипнут
+        границы 62466.9…64234.1  вход: по ретесту с обратной стороны, в другую сторону (стр. 43)  по тренду (1Д, держится на 3 экстремумах)
+        СДЕЛКИ НЕТ: пробит и флипнут — стр. 43 «Уровень лонг/шорт менятся для нас на противоположный»; вход по ретесту в ДРУГУЮ сторону
+        накопление у уровня: конфигурация 2, под уровнем — вход курс рисует от ПОК нового накопления (стр. 28): 61926.9…62331.8, 61806…62434.9; конфигурация 5, над уровнем (стр. 28): 63021…63642.2, 63526…64175, 63234…64715.9, 62956.5…63275.7; конфигурация 7, "пила" на уровне — выйти в бу и дождаться выхода (стр. 28): 62428.5…63286.5, 62434.9…64110.2, 62434.9…64950, 62505.1…63843.1, 62228.8…62956.5, 62268.2…62956.5
+        сила по композиту (замена VRVP, стр. 22): зона 0 — 0.0% композита; окно композита — структура 1d
+        слом на младшем ТФ: слом на 15m подтверждён, зона ПП 64066.1…64096.3, тест был
+        событие: пробой с бара 345, глубина 0.76%, полных тел 2
+  ЛОНГ  1ч  ПОК 62074.4  зона 61836.8…62297.6  объём 119113.84  отработан
+        границы 61926.9…62331.8  вход: только по слому структуры на младшем ТФ (стр. 31)  ПРОТИВ тренда — курс допускает только хеджем при открытой позиции по тренду (стр. 47), и только под ПРИБЫЛЬНУЮ: стр. 11 — под убыточную сделку хедж не открывается никогда (1Д, держится на 3 экстремумах)  база в сужении (стр. 34), шагов 2
+        СДЕЛКИ НЕТ: отработан на первое касание — стр. 25 «мы этот уровень удаляем»; вход только по слому структуры на младшем ТФ (стр. 31)
+        накопление у уровня: конфигурация 5, над уровнем (стр. 28): 62228.8…62956.5, 62268.2…62956.5; конфигурация 7, "пила" на уровне — выйти в бу и дождаться выхода (стр. 28): 61806…62434.9
+        сила по композиту (замена VRVP, стр. 22): зона 0 — 0.0% композита; окно композита — структура 1d
+        слом на младшем ТФ: слом на 15m подтверждён, зона ПП 64040.4…64163.8, тест был
+        событие: прокол с бара 449, глубина 0.02%, полных тел 0
+  ЛОНГ  1ч  ПОК 62706.75  зона 62619.3…63191.7  объём 122305.11  отработан
+        границы 62428.5…63286.5  вход: только по слому структуры на младшем ТФ (стр. 31)  ПРОТИВ тренда — курс допускает только хеджем при открытой позиции по тренду (стр. 47), и только под ПРИБЫЛЬНУЮ: стр. 11 — под убыточную сделку хедж не открывается никогда (1Д, держится на 3 экстремумах)
+        СДЕЛКИ НЕТ: отработан на первое касание — стр. 25 «мы этот уровень удаляем»; вход только по слому структуры на младшем ТФ (стр. 31)
+        накопление у уровня: конфигурация 5, над уровнем (стр. 28): 63021…63642.2, 62956.5…63275.7; конфигурация 7, "пила" на уровне — выйти в бу и дождаться выхода (стр. 28): 62434.9…64110.2, 62434.9…64950, 62505.1…63843.1, 62228.8…62956.5, 62268.2…62956.5
+        сила по композиту (замена VRVP, стр. 22): зона 0 — 0.0% композита; окно композита — структура 1d
+        слом на младшем ТФ: слом на 15m подтверждён, зона ПП 64040.4…64163.8, тест был
+        событие: прокол с бара 438, глубина 0.43%, полных тел 0
+  ШОРТ  1ч  ПОК 64197.6  зона 63937.9…64393.7  объём 157782.98  отработан
+        границы 64110.2…64280  вход: только по слому структуры на младшем ТФ (стр. 31)  по тренду (1Д, держится на 3 экстремумах)  база в сужении (стр. 34), шагов 4
+        СДЕЛКИ НЕТ: отработан на первое касание — стр. 25 «мы этот уровень удаляем»; вход только по слому структуры на младшем ТФ (стр. 31)
+        накопление у уровня: конфигурация 2, под уровнем — вход курс рисует от ПОК нового накопления (стр. 28): 63928…64110.2, 62434.9…64110.2, 63912…64014.9, 63526…64175; конфигурация 5, над уровнем (стр. 28): 64233…64636; конфигурация 7, "пила" на уровне — выйти в бу и дождаться выхода (стр. 28): 62434.9…64950, 63843.1…65589.7, 64014.9…64633, 63666…64266.9, 63234…64715.9, 63577…64476.8
+        сила по композиту (замена VRVP, стр. 22): зона 0 — 0.0% композита; окно композита — структура 1d
+        слом на младшем ТФ: слом на 15m подтверждён, зона ПП 64066.1…64096.3, тест был
+        событие: прокол с бара 414, глубина 0.06%, полных тел 0
+  ЛОНГ  1ч  ПОК 63967.95  зона 63783.7…64112  объём 38660.11  флипнут
+        границы 63928…64110.2  вход: по ретесту с обратной стороны, в другую сторону (стр. 43)  ПРОТИВ тренда — курс допускает только хеджем при открытой позиции по тренду (стр. 47), и только под ПРИБЫЛЬНУЮ: стр. 11 — под убыточную сделку хедж не открывается никогда (1Д, держится на 3 экстремумах)  база в сужении (стр. 34), шагов 1  граница от прежней структуры (стр. 40)
+        СДЕЛКИ НЕТ: пробит и флипнут — стр. 43 «Уровень лонг/шорт менятся для нас на противоположный»; вход по ретесту в ДРУГУЮ сторону
+        накопление у уровня: конфигурация 2, под уровнем — вход курс рисует от ПОК нового накопления (стр. 28): 62505.1…63843.1; конфигурация 5, над уровнем (стр. 28): 64014.9…64633; конфигурация 7, "пила" на уровне — выйти в бу и дождаться выхода (стр. 28): 62434.9…64110.2, 62434.9…64950, 63843.1…65589.7, 63912…64014.9, 63666…64266.9, 63526…64175, 63234…64715.9, 63577…64476.8
+        сила по композиту (замена VRVP, стр. 22): зона 0 — 0.0% композита; окно композита — структура 1d
+        слом на младшем ТФ: слом на 15m подтверждён, зона ПП 64040.4…64163.8, тест был
+        событие: пробой с бара 432, глубина 0.52%, полных тел 2
+  ШОРТ  1ч  ПОК 63071.85  зона 62171.4…63267.6  объём 175922.74  флипнут
+        границы 62434.9…64110.2  вход: по ретесту с обратной стороны, в другую сторону (стр. 43)  по тренду (1Д, держится на 3 экстремумах)  граница от прежней структуры (стр. 40)
+        СДЕЛКИ НЕТ: пробит и флипнут — стр. 43 «Уровень лонг/шорт менятся для нас на противоположный»; вход по ретесту в ДРУГУЮ сторону
+        накопление у уровня: конфигурация 2, под уровнем — вход курс рисует от ПОК нового накопления (стр. 28): 61806…62434.9, 62228.8…62956.5, 62268.2…62956.5; конфигурация 5, над уровнем (стр. 28): 63234…64715.9; конфигурация 7, "пила" на уровне — выйти в бу и дождаться выхода (стр. 28): 62434.9…64950, 62505.1…63843.1, 63021…63642.2, 62956.5…63275.7
+        сила по композиту (замена VRVP, стр. 22): зона 0 — 0.0% композита; окно композита — структура 1d
+        слом на младшем ТФ: слом на 15m подтверждён, зона ПП 64066.1…64096.3, тест был
+        событие: пробой с бара 471, глубина 1.96%, полных тел 2
+  ЛОНГ  1ч  ПОК 61934.65  зона 61864.1…62270.8  объём 35431.74  активен
+        границы 61806…62434.9  вход: только по слому структуры на младшем ТФ (стр. 31)  ПРОТИВ тренда — курс допускает только хеджем при открытой позиции по тренду (стр. 47), и только под ПРИБЫЛЬНУЮ: стр. 11 — под убыточную сделку хедж не открывается никогда (1Д, держится на 3 экстремумах)  граница от прежней структуры (стр. 40)
+        СДЕЛКИ НЕТ: цена уже касалась уровня — стр. 25 «этот уровень становиться больше не актуальным»; вход со 2-3 касания только по слому структуры на младшем ТФ
+        накопление у уровня: конфигурация 5, над уровнем (стр. 28): 62228.8…62956.5, 62268.2…62956.5
+        сила по композиту (замена VRVP, стр. 22): зона 0 — 0.0% композита; окно композита — структура 1d
+        слом на младшем ТФ: слом на 15m подтверждён, зона ПП 64040.4…64163.8, тест был
+  ЛОНГ  1ч  ПОК 64813.25  зона 63783.2…65222  объём 236614.32  отработан
+        границы 62434.9…64950  вход: только по слому структуры на младшем ТФ (стр. 31)  ПРОТИВ тренда — курс допускает только хеджем при открытой позиции по тренду (стр. 47), и только под ПРИБЫЛЬНУЮ: стр. 11 — под убыточную сделку хедж не открывается никогда (1Д, держится на 3 экстремумах)  граница от прежней структуры (стр. 40)
+        СДЕЛКИ НЕТ: отработан на первое касание — стр. 25 «мы этот уровень удаляем»; вход только по слому структуры на младшем ТФ (стр. 31)
+        накопление у уровня: конфигурация 2, под уровнем — вход курс рисует от ПОК нового накопления (стр. 28): 62505.1…63843.1, 63912…64014.9, 64014.9…64633, 63666…64266.9, 64233…64636, 63526…64175, 63234…64715.9, 63577…64476.8; конфигурация 5, над уровнем (стр. 28): 65011.4…65788; конфигурация 7, "пила" на уровне — выйти в бу и дождаться выхода (стр. 28): 63843.1…65589.7, 64636…65788, 64636…65722.5, 64571.4…65157
+        сила по композиту (замена VRVP, стр. 22): зона 0 — 0.0% композита; окно композита — структура 1d
+        слом на младшем ТФ: слом на 15m подтверждён, зона ПП 64040.4…64163.8, тест был
+        событие: прокол с бара 499, глубина 0.09%, полных тел 0
+  ШОРТ  1ч  ПОК 64105.05  зона 63848.6…64852.1  объём 190836.37  активен
+        границы 63843.1…65589.7  вход: только по слому структуры на младшем ТФ (стр. 31)  по тренду (1Д, держится на 3 экстремумах)
+        СДЕЛКИ НЕТ: цена уже торгуется в зоне уровня — стр. 44 «Приоритет – не открывать позицию, если цена уже торгуется в зоне»; ждать выхода из зоны либо быть готовым выйти в б/у на ретесте
+        накопление у уровня: конфигурация 2, под уровнем — вход курс рисует от ПОК нового накопления (стр. 28): 63912…64014.9; конфигурация 5, над уровнем (стр. 28): 64636…65788, 64233…64636, 64636…65722.5, 64571.4…65157; конфигурация 7, "пила" на уровне — выйти в бу и дождаться выхода (стр. 28): 64014.9…64633, 63666…64266.9, 63526…64175, 63234…64715.9, 63577…64476.8
+        сила по композиту (замена VRVP, стр. 22): зона 0 — 0.0% композита; окно композита — структура 1d
+        слом на младшем ТФ: слом на 15m подтверждён, зона ПП 64066.1…64096.3, тест был
+        событие: курс вердикта не даёт с бара 548, глубина 0.39%, полных тел 1
+  ЛОНГ  1ч  ПОК 63254.35  зона 62560.6…63522.6  объём 97762.15  активен
+        границы 62505.1…63843.1  вход: только по слому структуры на младшем ТФ (стр. 31)  ПРОТИВ тренда — курс допускает только хеджем при открытой позиции по тренду (стр. 47), и только под ПРИБЫЛЬНУЮ: стр. 11 — под убыточную сделку хедж не открывается никогда (1Д, держится на 3 экстремумах)  граница от прежней структуры (стр. 40)
+        СДЕЛКИ НЕТ: цена уже касалась уровня — стр. 25 «этот уровень становиться больше не актуальным»; вход со 2-3 касания только по слому структуры на младшем ТФ
+        накопление у уровня: конфигурация 2, под уровнем — вход курс рисует от ПОК нового накопления (стр. 28): 62228.8…62956.5, 62268.2…62956.5; конфигурация 7, "пила" на уровне — выйти в бу и дождаться выхода (стр. 28): 63021…63642.2, 63234…64715.9, 62956.5…63275.7
+        сила по композиту (замена VRVP, стр. 22): зона 0 — 0.0% композита; окно композита — структура 1d
+        слом на младшем ТФ: слом на 15m подтверждён, зона ПП 64040.4…64163.8, тест был
+        событие: курс вердикта не даёт с бара 796, глубина 0.37%, полных тел 1
+  ЛОНГ  1ч  ПОК 63956.5  зона 63924.2…63992.6  объём 13759.02  отработан
+        границы 63912…64014.9  вход: только по слому структуры на младшем ТФ (стр. 31)  ПРОТИВ тренда — курс допускает только хеджем при открытой позиции по тренду (стр. 47), и только под ПРИБЫЛЬНУЮ: стр. 11 — под убыточную сделку хедж не открывается никогда (1Д, держится на 3 экстремумах)  база в сужении (стр. 34), шагов 1
+        СДЕЛКИ НЕТ: отработан на первое касание — стр. 25 «мы этот уровень удаляем»; вход только по слому структуры на младшем ТФ (стр. 31)
+        накопление у уровня: конфигурация 7, "пила" на уровне — выйти в бу и дождаться выхода (стр. 28): 63666…64266.9, 63526…64175, 63234…64715.9, 63577…64476.8
+        сила по композиту (замена VRVP, стр. 22): зона 0 — 0.0% композита; окно композита — структура 1d
+        слом на младшем ТФ: слом на 15m подтверждён, зона ПП 64040.4…64163.8, тест был
+        событие: прокол с бара 609, глубина 0.34%, полных тел 0
+  ЛОНГ  1ч  ПОК 64740.35  зона 64243.1…64945.1  объём 230884.3  активен
+        границы 64014.9…64633  вход: только по слому структуры на младшем ТФ (стр. 31)  ПРОТИВ тренда — курс допускает только хеджем при открытой позиции по тренду (стр. 47), и только под ПРИБЫЛЬНУЮ: стр. 11 — под убыточную сделку хедж не открывается никогда (1Д, держится на 3 экстремумах)  база в сужении (стр. 34), шагов 1  граница от прежней структуры (стр. 40)
+        СДЕЛКИ НЕТ: цена уже касалась уровня — стр. 25 «этот уровень становиться больше не актуальным»; вход со 2-3 касания только по слому структуры на младшем ТФ
+        накопление у уровня: конфигурация 2, под уровнем — вход курс рисует от ПОК нового накопления (стр. 28): 63666…64266.9, 64233…64636, 63234…64715.9, 63577…64476.8; конфигурация 7, "пила" на уровне — выйти в бу и дождаться выхода (стр. 28): 64636…65788, 64636…65722.5, 64571.4…65157
+        сила по композиту (замена VRVP, стр. 22): зона 0 — 0.0% композита; окно композита — структура 1d
+        слом на младшем ТФ: слом на 15m подтверждён, зона ПП 64040.4…64163.8, тест был
+        событие: курс вердикта не даёт с бара 690, глубина 0.16%, полных тел 1
+  ЛОНГ  1ч  ПОК 66186.05  зона 65641.7…66921.4  объём 155580.54  отработан
+        границы 65011.4…65788  вход: только по слому структуры на младшем ТФ (стр. 31)  ПРОТИВ тренда — курс допускает только хеджем при открытой позиции по тренду (стр. 47), и только под ПРИБЫЛЬНУЮ: стр. 11 — под убыточную сделку хедж не открывается никогда (1Д, держится на 3 экстремумах)
+        СДЕЛКИ НЕТ: отработан на первое касание — стр. 25 «мы этот уровень удаляем»; вход только по слому структуры на младшем ТФ (стр. 31)
+        накопление у уровня: конфигурация 2, под уровнем — вход курс рисует от ПОК нового накопления (стр. 28): 64636…65788, 64636…65722.5; конфигурация 7, "пила" на уровне — выйти в бу и дождаться выхода (стр. 28): 65788…66711
+        сила по композиту (замена VRVP, стр. 22): зона 0 — 0.0% композита; окно композита — структура 1d
+        слом на младшем ТФ: слом на 15m подтверждён, зона ПП 64040.4…64163.8, тест был
+        событие: прокол с бара 649, глубина 0.02%, полных тел 0
+  ШОРТ  1ч  ПОК 65970.85  зона 65674.4…66134.2  объём 135224.66  активен
+        границы 65788…66711  вход: только по слому структуры на младшем ТФ (стр. 31)  по тренду (1Д, держится на 3 экстремумах)  граница от прежней структуры (стр. 40)
+        СДЕЛКИ НЕТ: цена уже касалась уровня — стр. 25 «этот уровень становиться больше не актуальным»; вход со 2-3 касания только по слому структуры на младшем ТФ
+        накопление у уровня: конфигурация 2, под уровнем — вход курс рисует от ПОК нового накопления (стр. 28): 64636…65788, 64636…65722.5
+        сила по композиту (замена VRVP, стр. 22): зона 0 — 0.0% композита; окно композита — структура 1d
+        слом на младшем ТФ: слом на 15m подтверждён, зона ПП 64066.1…64096.3, тест был
+  ШОРТ  1ч  ПОК 65018.55  зона 64667.1…65412.6  объём 196183.68  флипнут
+        границы 64636…65788  вход: по ретесту с обратной стороны, в другую сторону (стр. 43)  по тренду (1Д, держится на 3 экстремумах)  граница от прежней структуры (стр. 40)
+        СДЕЛКИ НЕТ: пробит и флипнут — стр. 43 «Уровень лонг/шорт менятся для нас на противоположный»; вход по ретесту в ДРУГУЮ сторону
+        накопление у уровня: конфигурация 2, под уровнем — вход курс рисует от ПОК нового накопления (стр. 28): 63234…64715.9; конфигурация 7, "пила" на уровне — выйти в бу и дождаться выхода (стр. 28): 64636…65722.5, 64571.4…65157
+        сила по композиту (замена VRVP, стр. 22): зона 0 — 0.0% композита; окно композита — структура 1d
+        слом на младшем ТФ: слом на 15m подтверждён, зона ПП 64066.1…64096.3, тест был
+        событие: пробой с бара 769, глубина 0.83%, полных тел 2
+  ЛОНГ  1ч  ПОК 64067.25  зона 63943.5…64213.5  объём 94438.51  флипнут
+        границы 63666…64266.9  вход: по ретесту с обратной стороны, в другую сторону (стр. 43)  ПРОТИВ тренда — курс допускает только хеджем при открытой позиции по тренду (стр. 47), и только под ПРИБЫЛЬНУЮ: стр. 11 — под убыточную сделку хедж не открывается никогда (1Д, держится на 3 экстремумах)
+        СДЕЛКИ НЕТ: пробит и флипнут — стр. 43 «Уровень лонг/шорт менятся для нас на противоположный»; вход по ретесту в ДРУГУЮ сторону
+        накопление у уровня: конфигурация 7, "пила" на уровне — выйти в бу и дождаться выхода (стр. 28): 63526…64175, 63234…64715.9, 63577…64476.8
+        сила по композиту (замена VRVP, стр. 22): зона 0 — 0.0% композита; окно композита — структура 1d
+        слом на младшем ТФ: слом на 15m подтверждён, зона ПП 64040.4…64163.8, тест был
         событие: пробой с бара 793, глубина 0.98%, полных тел 2
-  ЛОНГ  1ч  ПОК 64470  зона 64299.8…64787.1  объём 62514.64  отработан
-        границы 64233…64909  вход: только по слому структуры на младшем ТФ (стр. 31)  ПРОТИВ тренда (1Д)
-        стоп безопасный 63590.67…62306.01  рисковый 64233  один ордер
-        цель 65970.9 (4ч, 2.33%)
-        цель 72999.9 (4ч, 13.23%)
-        цель 76400 (4ч, 18.50%)
-        цель 76797.1 (4ч, 19.12%)
-        цель 76797.1 (1Д, 19.12%)
-        цель 78000 (4ч, 20.99%)
-        цель 81000 (4ч, 25.64%)
-        РР: безопасный 1к0.69  рисковый 1к6.33  (стандарт курса 1к3)
-        событие: прокол с бара 785, глубина 0.15%, полных тел 0
-  ШОРТ  1ч  ПОК 64500  зона 64437.3…65333.7  объём 140887.55  активен
-        границы 64374.4…65722.5  вход: лимитки на ПОК и зону (стр. 30)  по тренду (1Д)
-        стоп безопасный 66379.725…67694.175  рисковый 65722.5  один ордер
-        лестница 64500 · 64975.6 · 65200  средняя при равных долях 64891.86666667
-        цель 64000 (1ч, 0.78%)
-        цель 60800 (1ч, 5.74%)
-        цель 60000 (4ч, 6.98%)
-        РР: безопасный 1к0.16  рисковый 1к0.41  (стандарт курса 1к3)
-        событие: курс вердикта не даёт с бара 826, глубина 0.33%, полных тел 0
-  ЛОНГ  1ч  ПОК 63200  зона 63122…63553.4  объём 104021.33  флипнут
-        границы 63021…63642.2  вход: по ретесту с обратной стороны, в другую сторону (стр. 43)  ПРОТИВ тренда (1Д)
-        стоп безопасный 62390.79…61130.37  рисковый 63021  один ордер
-        цель 64069.1 (4ч, 1.38%)
-        цель 64500 (1ч, 2.06%)
-        промежуточная 64975.6 (15м, 2.81%)
-        промежуточная 65200 (15м, 3.16%)
-        цель 65970.9 (4ч, 4.38%)
-        цель 72999.9 (4ч, 15.51%)
-        цель 76400 (4ч, 20.89%)
-        цель 76797.1 (4ч, 21.51%)
-        цель 76797.1 (1Д, 21.51%)
-        цель 78000 (4ч, 23.42%)
-        цель 81000 (4ч, 28.16%)
-        РР: безопасный 1к0.42  рисковый 1к4.86  (стандарт курса 1к3)
-        событие: пробой с бара 881, глубина 1.25%, полных тел 2
-  ЛОНГ  1ч  ПОК 64000  зона 63679.8…64047.6  объём 70383.24  флипнут
-        границы 63526…64084.5  вход: по ретесту с обратной стороны, в другую сторону (стр. 43)  ПРОТИВ тренда (1Д)
-        стоп безопасный 62890.74…61620.22  рисковый 63526  один ордер
-        цель 64500 (1ч, 0.78%)
-        промежуточная 64975.6 (15м, 1.52%)
-        промежуточная 65200 (15м, 1.88%)
-        цель 65970.9 (4ч, 3.08%)
-        цель 72999.9 (4ч, 14.06%)
-        цель 76400 (4ч, 19.38%)
-        цель 76797.1 (4ч, 20.00%)
-        цель 76797.1 (1Д, 20.00%)
-        цель 78000 (4ч, 21.88%)
-        цель 81000 (4ч, 26.56%)
-        РР: безопасный 1к0.21  рисковый 1к1.05  (стандарт курса 1к3)
-        событие: пробой с бара 834, глубина 1.20%, полных тел 2
-  ЛОНГ  1ч  ПОК 64550  зона 63881.4…64612.5  объём 182908.2  флипнут
-        границы 63234…64715.9  вход: по ретесту с обратной стороны, в другую сторону (стр. 43)  ПРОТИВ тренда (1Д)
-        стоп безопасный 62601.66…61336.98  рисковый 63234  один ордер
-        лестница 63700 · 64000 · 64550  средняя при равных долях 64083.33333333
-        промежуточная 65200 (15м, 1.01%)
-        цель 65970.9 (4ч, 2.20%)
-        цель 72999.9 (4ч, 13.09%)
-        цель 76400 (4ч, 18.36%)
-        цель 76797.1 (4ч, 18.97%)
-        цель 76797.1 (1Д, 18.97%)
-        цель 78000 (4ч, 20.84%)
-        цель 81000 (4ч, 25.48%)
-        РР: безопасный 1к0.44  рисковый 1к1.08  (стандарт курса 1к3)
-        событие: пробой с бара 868, глубина 0.64%, полных тел 2
-  ШОРТ  1ч  ПОК 64750  зона 64599.3…64969.4  объём 71331.09  активен
-        границы 64571.4…65157  вход: лимитки на ПОК и зону (стр. 30)  по тренду (1Д)
-        стоп безопасный 65808.57…67111.71  рисковый 65157  один ордер
-        промежуточная 64000 (15м, 1.16%)
-        цель 64000 (1ч, 1.16%)
-        промежуточная 63700 (15м, 1.62%)
-        цель 63200 (1ч, 2.39%)
-        цель 60800 (1ч, 6.10%)
-        цель 60000 (4ч, 7.34%)
-        РР: безопасный 1к0.32  рисковый 1к1.84  (стандарт курса 1к3)
-  ЛОНГ  1ч  ПОК 62800  зона 62504.1…63040  объём 150644.36  флипнут
-        границы 62410.5…63275.7  вход: по ретесту с обратной стороны, в другую сторону (стр. 43)  ПРОТИВ тренда (1Д)
-        стоп безопасный 61786.395…60538.185  рисковый 62410.5  один ордер
-        промежуточная 63700 (15м, 1.43%)
-        промежуточная 64000 (15м, 1.91%)
-        промежуточная 64188 (15м, 2.21%)
-        цель 64500 (1ч, 2.71%)
-        промежуточная 64750 (15м, 3.11%)
-        цель 64750 (1ч, 3.11%)
-        цель 65970.9 (4ч, 5.05%)
-        цель 72999.9 (4ч, 16.24%)
-        цель 76400 (4ч, 21.66%)
-        цель 76797.1 (4ч, 22.29%)
-        цель 76797.1 (1Д, 22.29%)
-        цель 78000 (4ч, 24.20%)
-        цель 81000 (4ч, 28.98%)
-        РР: безопасный 1к0.75  рисковый 1к4.36  (стандарт курса 1к3)
-        событие: пробой с бара 942, глубина 0.85%, полных тел 2
-  ЛОНГ  1ч  ПОК 62600  зона 62500.7…63428.5  объём 163550.67  активен
-        границы 62268.2…63620  вход: лимитки на ПОК и зону (стр. 30)  ПРОТИВ тренда (1Д)
-        стоп безопасный 61645.518…60400.154  рисковый 62268.2  один ордер
-        лестница 62600 · 62800  средняя при равных долях 62700
-        промежуточная 62800 (15м, 0.32%)
-        промежуточная 63700 (15м, 1.76%)
-        промежуточная 64000 (15м, 2.24%)
-        промежуточная 64188 (15м, 2.54%)
-        цель 64500 (1ч, 3.04%)
-        промежуточная 64750 (15м, 3.43%)
-        цель 64750 (1ч, 3.43%)
-        цель 65970.9 (4ч, 5.38%)
-        цель 72999.9 (4ч, 16.61%)
-        цель 76400 (4ч, 22.04%)
-        цель 76797.1 (4ч, 22.68%)
-        цель 76797.1 (1Д, 22.68%)
-        цель 78000 (4ч, 24.60%)
-        цель 81000 (4ч, 29.39%)
-        РР: безопасный 1к0.86  рисковый 1к5.73  (стандарт курса 1к3)
-  ЛОНГ  4ч  ПОК 80000  зона 78766.2…80551.3  объём 390654.58  флипнут
-        границы 78027…80590.2  вход: по ретесту с обратной стороны, в другую сторону (стр. 43)  ПРОТИВ тренда (1Д)
-        стоп безопасный 77246.73…75686.19  рисковый 78027  один ордер
+  ЛОНГ  1ч  ПОК 64488  зона 64301…64661.4  объём 44257.86  отработан
+        границы 64233…64636  вход: только по слому структуры на младшем ТФ (стр. 31)  ПРОТИВ тренда — курс допускает только хеджем при открытой позиции по тренду (стр. 47), и только под ПРИБЫЛЬНУЮ: стр. 11 — под убыточную сделку хедж не открывается никогда (1Д, держится на 3 экстремумах)  граница от прежней структуры (стр. 40)
+        СДЕЛКИ НЕТ: отработан на первое касание — стр. 25 «мы этот уровень удаляем»; вход только по слому структуры на младшем ТФ (стр. 31)
+        накопление у уровня: конфигурация 2, под уровнем — вход курс рисует от ПОК нового накопления (стр. 28): 63577…64476.8; конфигурация 5, над уровнем (стр. 28): 64636…65722.5, 64571.4…65157; конфигурация 7, "пила" на уровне — выйти в бу и дождаться выхода (стр. 28): 63234…64715.9
+        сила по композиту (замена VRVP, стр. 22): зона 0 — 0.0% композита; окно композита — структура 1d
+        слом на младшем ТФ: слом на 15m подтверждён, зона ПП 64040.4…64163.8, тест был
+        событие: прокол с бара 785, глубина 0.18%, полных тел 0
+  ШОРТ  1ч  ПОК 65183.3  зона 64784.3…65582.3  объём 157217.1  отработан
+        границы 64636…65722.5  вход: только по слому структуры на младшем ТФ (стр. 31)  по тренду (1Д, держится на 3 экстремумах)  граница от прежней структуры (стр. 40)
+        СДЕЛКИ НЕТ: отработан на первое касание — стр. 25 «мы этот уровень удаляем»; вход только по слому структуры на младшем ТФ (стр. 31)
+        накопление у уровня: конфигурация 2, под уровнем — вход курс рисует от ПОК нового накопления (стр. 28): 64571.4…65157
+        сила по композиту (замена VRVP, стр. 22): зона 0 — 0.0% композита; окно композита — структура 1d
+        слом на младшем ТФ: слом на 15m подтверждён, зона ПП 64066.1…64096.3, тест был
+        событие: прокол с бара 868, глубина 0.32%, полных тел 0
+  ЛОНГ  1ч  ПОК 63306.2  зона 63128.7…63554.7  объём 104021.33  отработан
+        границы 63021…63642.2  вход: только по слому структуры на младшем ТФ (стр. 31)  ПРОТИВ тренда — курс допускает только хеджем при открытой позиции по тренду (стр. 47), и только под ПРИБЫЛЬНУЮ: стр. 11 — под убыточную сделку хедж не открывается никогда (1Д, держится на 3 экстремумах)
+        СДЕЛКИ НЕТ: отработан на первое касание — стр. 25 «мы этот уровень удаляем»; вход только по слому структуры на младшем ТФ (стр. 31)
+        накопление у уровня: конфигурация 2, под уровнем — вход курс рисует от ПОК нового накопления (стр. 28): 62956.5…63275.7; конфигурация 5, над уровнем (стр. 28): 63526…64175; конфигурация 7, "пила" на уровне — выйти в бу и дождаться выхода (стр. 28): 63234…64715.9
+        сила по композиту (замена VRVP, стр. 22): зона 0 — 0.0% композита; окно композита — структура 1d
+        слом на младшем ТФ: слом на 15m подтверждён, зона ПП 64040.4…64163.8, тест был
+        событие: прокол с бара 840, глубина 0.11%, полных тел 0
+  ЛОНГ  1ч  ПОК 63903.8  зона 63682.4…64049.6  объём 70383.24  флипнут
+        границы 63526…64175  вход: по ретесту с обратной стороны, в другую сторону (стр. 43)  ПРОТИВ тренда — курс допускает только хеджем при открытой позиции по тренду (стр. 47), и только под ПРИБЫЛЬНУЮ: стр. 11 — под убыточную сделку хедж не открывается никогда (1Д, держится на 3 экстремумах)
+        СДЕЛКИ НЕТ: пробит и флипнут — стр. 43 «Уровень лонг/шорт менятся для нас на противоположный»; вход по ретесту в ДРУГУЮ сторону
+        накопление у уровня: конфигурация 7, "пила" на уровне — выйти в бу и дождаться выхода (стр. 28): 63234…64715.9, 63577…64476.8
+        сила по композиту (замена VRVP, стр. 22): зона 0 — 0.0% композита; окно композита — структура 1d
+        слом на младшем ТФ: слом на 15m подтверждён, зона ПП 64040.4…64163.8, тест был
+        событие: пробой с бара 834, глубина 1.05%, полных тел 2
+  ЛОНГ  1ч  ПОК 63992.4  зона 63867.6…64597.2  объём 182908.2  флипнут
+        границы 63234…64715.9  вход: по ретесту с обратной стороны, в другую сторону (стр. 43)  ПРОТИВ тренда — курс допускает только хеджем при открытой позиции по тренду (стр. 47), и только под ПРИБЫЛЬНУЮ: стр. 11 — под убыточную сделку хедж не открывается никогда (1Д, держится на 3 экстремумах)
+        СДЕЛКИ НЕТ: пробит и флипнут — стр. 43 «Уровень лонг/шорт менятся для нас на противоположный»; вход по ретесту в ДРУГУЮ сторону
+        накопление у уровня: конфигурация 5, над уровнем (стр. 28): 64571.4…65157; конфигурация 7, "пила" на уровне — выйти в бу и дождаться выхода (стр. 28): 63577…64476.8
+        сила по композиту (замена VRVP, стр. 22): зона 0 — 0.0% композита; окно композита — структура 1d
+        слом на младшем ТФ: слом на 15m подтверждён, зона ПП 64040.4…64163.8, тест был
+        событие: пробой с бара 874, глубина 0.61%, полных тел 2
+  ШОРТ  1ч  ПОК 64744.25  зона 64638…64988  объём 71331.09  активен
+        границы 64571.4…65157  вход: лимитки на ПОК и зону (стр. 30)  по тренду (1Д, держится на 3 экстремумах)
+        стоп 66924.1 — за стоповым объёмом либо проколом (стр. 18)  (3.37% от входа)  один ордер  якорь: лой/хай своего ТФ или ТФ−1
+        цель 64740.35 (1ч, 0.01%)
+        промежуточная 64000.85 (15м, 1.15%)
+        цель 63992.4 (1ч, 1.16%)
+        промежуточная 63588.45 (15м, 1.79%)
+        цель 63254.35 (1ч, 2.30%)
+        цель 61934.65 (1ч, 4.34%)
+        цель 61268.6 (4ч, 5.37%)
+        цель 60799.8 (1ч, 6.09%)
+        цель 58706.65 (1ч, 9.33%)
+        РР 1к0.00 до первой цели (стандарт курса 1к3)  НИЖЕ стандарта
+  ШОРТ  1ч  ПОК 63952.65  зона 63342…64128.6  объём 68307.62  отработан
+        границы 63577…64476.8  вход: только по слому структуры на младшем ТФ (стр. 31)  по тренду (1Д, держится на 3 экстремумах)
+        СДЕЛКИ НЕТ: отработан на первое касание — стр. 25 «мы этот уровень удаляем»; вход только по слому структуры на младшем ТФ (стр. 31)
+        сила по композиту (замена VRVP, стр. 22): зона 0 — 0.0% композита; окно композита — структура 1d
+        слом на младшем ТФ: слом на 15m подтверждён, зона ПП 64066.1…64096.3, тест был
+        событие: прокол с бара 953, глубина 0.01%, полных тел 0
+  ШОРТ  1ч  ПОК 62933.7  зона 62652.8…63119.2  объём 100983.19  флипнут
+        границы 62956.5…63275.7  вход: по ретесту с обратной стороны, в другую сторону (стр. 43)  по тренду (1Д, держится на 3 экстремумах)  база в сужении (стр. 34), шагов 1
+        СДЕЛКИ НЕТ: пробит и флипнут — стр. 43 «Уровень лонг/шорт менятся для нас на противоположный»; вход по ретесту в ДРУГУЮ сторону
+        накопление у уровня: конфигурация 7, "пила" на уровне — выйти в бу и дождаться выхода (стр. 28): 62228.8…62956.5, 62268.2…62956.5
+        сила по композиту (замена VRVP, стр. 22): зона 0 — 0.0% композита; окно композита — структура 1d
+        слом на младшем ТФ: слом на 15m подтверждён, зона ПП 64066.1…64096.3, тест был
+        событие: пробой с бара 915, глубина 0.97%, полных тел 2
+  ЛОНГ  1ч  ПОК 63461.05  зона 62895.3…63592.8  объём 94332.26  флипнут
+        границы 62228.8…62956.5  вход: по ретесту с обратной стороны, в другую сторону (стр. 43)  ПРОТИВ тренда — курс допускает только хеджем при открытой позиции по тренду (стр. 47), и только под ПРИБЫЛЬНУЮ: стр. 11 — под убыточную сделку хедж не открывается никогда (1Д, держится на 3 экстремумах)  граница от прежней структуры (стр. 40)
+        СДЕЛКИ НЕТ: пробит и флипнут — стр. 43 «Уровень лонг/шорт менятся для нас на противоположный»; вход по ретесту в ДРУГУЮ сторону
+        накопление у уровня: конфигурация 2, под уровнем — вход курс рисует от ПОК нового накопления (стр. 28): 62268.2…62956.5
+        сила по композиту (замена VRVP, стр. 22): зона 0 — 0.0% композита; окно композита — структура 1d
+        слом на младшем ТФ: слом на 15m подтверждён, зона ПП 64040.4…64163.8, тест был
+        событие: пробой с бара 937, глубина 0.62%, полных тел 2
+  ЛОНГ  1ч  ПОК 62597.75  зона 62268.2…63028.7  объём 87077.31  активен
+        границы 62268.2…62956.5  вход: лимитки на ПОК и зону (стр. 30)  ПРОТИВ тренда — курс допускает только хеджем при открытой позиции по тренду (стр. 47), и только под ПРИБЫЛЬНУЮ: стр. 11 — под убыточную сделку хедж не открывается никогда (1Д, держится на 3 экстремумах)  граница от прежней структуры (стр. 40)
+        стоп 59159 — за стоповым объёмом либо проколом (стр. 18)  (5.49% от входа)  один ордер  якорь: лой/хай своего ТФ или ТФ−1
+        лестница 62597.75 · 62664.95  средняя при равных долях 62631.35
+        цель 63952.65 (1ч, 2.16%)
+        цель 64011.25 (4ч, 2.26%)
+        цель 64105.05 (1ч, 2.41%)
+        промежуточная 64350 (15м, 2.80%)
+        промежуточная 64546.95 (15м, 3.11%)
+        цель 64744.25 (1ч, 3.43%)
+        цель 65970.85 (1ч, 5.39%)
+        цель 65975.65 (4ч, 5.40%)
+        цель 73581.1 (4ч, 17.55%)
+        цель 73588.55 (1Д, 17.56%)
+        цель 76698.35 (4ч, 22.53%)
+        цель 79091.15 (4ч, 26.35%)
+        цель 80883.35 (1Д, 29.21%)
+        РР 1к0.39 до первой цели (стандарт курса 1к3)  НИЖЕ стандарта
+  ЛОНГ  4ч  ПОК 79993.25  зона 78774.5…80562  объём 390654.58  флипнут
+        границы 78027…80590.2  вход: по ретесту с обратной стороны, в другую сторону (стр. 43)  ПРОТИВ тренда — курс допускает только хеджем при открытой позиции по тренду (стр. 47), и только под ПРИБЫЛЬНУЮ: стр. 11 — под убыточную сделку хедж не открывается никогда (1Д, держится на 3 экстремумах)
+        СДЕЛКИ НЕТ: пробит и флипнут — стр. 43 «Уровень лонг/шорт менятся для нас на противоположный»; вход по ретесту в ДРУГУЮ сторону
+        накопление у уровня: конфигурация 2, под уровнем — вход курс рисует от ПОК нового накопления (стр. 28): 78610…79801; конфигурация 7, "пила" на уровне — выйти в бу и дождаться выхода (стр. 28): 79801…80590.2
+        сила по композиту (замена VRVP, стр. 22): зона 562357 — 32.8% композита; окно композита — структура 1d
+        слом на младшем ТФ: слом на 1h подтверждён, зона ПП 64004.4…64239.8, тест был
+        событие: пробой с бара 459, глубина 1.07%, полных тел 2
+  ШОРТ  4ч  ПОК 81000.85  зона 80613.4…82569.1  объём 351462.71  отработан
+        границы 80590.2…82828.7  вход: только по слому структуры на младшем ТФ (стр. 31)  по тренду (1Д, держится на 3 экстремумах)  граница от прежней структуры (стр. 40)
+        СДЕЛКИ НЕТ: отработан на первое касание — стр. 25 «мы этот уровень удаляем»; вход только по слому структуры на младшем ТФ (стр. 31)
+        сила по композиту (замена VRVP, стр. 22): зона 673167 — 39.3% композита; окно композита — структура 1d
+        слом на младшем ТФ: слом на 1h подтверждён, зона ПП 62961.1…63007.3, теста ещё не было
+        событие: прокол с бара 472, глубина 0.05%, полных тел 0
+  ШОРТ  4ч  ПОК 80795.05  зона 80101.3…81413.8  объём 550836.71  флипнут
+        границы 79801…80590.2  вход: по ретесту с обратной стороны, в другую сторону (стр. 43)  по тренду (1Д, держится на 3 экстремумах)  граница от прежней структуры (стр. 40)
+        СДЕЛКИ НЕТ: пробит и флипнут — стр. 43 «Уровень лонг/шорт менятся для нас на противоположный»; вход по ретесту в ДРУГУЮ сторону
+        сила по композиту (замена VRVP, стр. 22): зона 652412 — 38.1% композита; окно композита — структура 1d
+        слом на младшем ТФ: слом на 1h подтверждён, зона ПП 62961.1…63007.3, теста ещё не было
+        событие: пробой с бара 501, глубина 1.49%, полных тел 2
+  ШОРТ  4ч  ПОК 79091.15  зона 77678.7…80397  объём 499602.11  активен
+        границы 78610…79801  вход: только по слому структуры на младшем ТФ (стр. 31)  по тренду (1Д, держится на 3 экстремумах)  граница от прежней структуры (стр. 40)
+        СДЕЛКИ НЕТ: цена уже касалась уровня — стр. 25 «этот уровень становиться больше не актуальным»; вход со 2-3 касания только по слому структуры на младшем ТФ
+        накопление у уровня: конфигурация 2, под уровнем — вход курс рисует от ПОК нового накопления (стр. 28): 76014.2…77757.5, 74203.6…77887.9
+        сила по композиту (замена VRVP, стр. 22): зона 644208 — 37.6% композита; окно композита — структура 1d
+        слом на младшем ТФ: слом на 1h подтверждён, зона ПП 62961.1…63007.3, теста ещё не было
+  ШОРТ  4ч  ПОК 76789.9  зона 76624.9…77704.9  объём 534126.33  отработан
+        границы 76014.2…77757.5  вход: только по слому структуры на младшем ТФ (стр. 31)  по тренду (1Д, держится на 3 экстремумах)
+        СДЕЛКИ НЕТ: отработан на первое касание — стр. 25 «мы этот уровень удаляем»; вход только по слому структуры на младшем ТФ (стр. 31)
+        накопление у уровня: конфигурация 7, "пила" на уровне — выйти в бу и дождаться выхода (стр. 28): 74203.6…77887.9
+        сила по композиту (замена VRVP, стр. 22): зона 222505 — 13.0% композита; окно композита — структура 1d
+        слом на младшем ТФ: слом на 1h подтверждён, зона ПП 62961.1…63007.3, теста ещё не было
+        событие: прокол с бара 557, глубина 1.05%, полных тел 0
+  ШОРТ  4ч  ПОК 76698.35  зона 75318.8…77699.2  объём 659274.98  активен
+        границы 74203.6…77887.9  вход: лимитки на ПОК и зону (стр. 30)  по тренду (1Д, держится на 3 экстремумах)
+        стоп 81745.4 — за стоповым объёмом либо проколом (стр. 18)  (6.58% от входа)  один ордер  якорь: лой/хай своего ТФ или ТФ−1
         целей нет
-        РР: безопасный нет цели  рисковый нет цели  (стандарт курса 1к3)
-        событие: пробой с бара 459, глубина 1.08%, полных тел 2
-  ШОРТ  4ч  ПОК 81000  зона 79830…81748.3  объём 1269549.85  активен
-        границы 79137.4…82828.7  вход: лимитки на ПОК и зону (стр. 30)  по тренду (1Д)
-        стоп безопасный 83656.987…85313.561  рисковый 82828.7  один ордер
-        цель 78000 (1Д, 3.70%)
-        РР: безопасный 1к0.70  рисковый 1к1.64  (стандарт курса 1к3)
-  ШОРТ  4ч  ПОК 78000  зона 76843.7…78521  объём 299682.26  активен
-        границы 77601.8…78564.3  вход: лимитки на ПОК и зону (стр. 30)  по тренду (1Д)
-        стоп безопасный 79349.943…80921.229  рисковый 78564.3  один ордер
+        РР нет цели до первой цели (стандарт курса 1к3)
+  ШОРТ  4ч  ПОК 73581.1  зона 72871.3…74108.9  объём 498350.87  активен
+        границы 72436…74203.6  вход: лимитки на ПОК и зону (стр. 30)  по тренду (1Д, держится на 3 экстремумах)  граница от прежней структуры (стр. 40)
+        стоп 77887.9 — за стоповым объёмом либо проколом (стр. 18)  (5.85% от входа)  один ордер  якорь: лой/хай своего ТФ или ТФ−1
         целей нет
-        РР: безопасный нет цели  рисковый нет цели  (стандарт курса 1к3)
-        событие: курс вердикта не даёт с бара 540, глубина 0.23%, полных тел 0
-  ШОРТ  4ч  ПОК 76797.1  зона 76642.8…77646.5  объём 421792.49  активен
-        границы 76107.1…77825.8  вход: лимитки на ПОК и зону (стр. 30)  по тренду (1Д)
-        стоп безопасный 78604.058…80160.574  рисковый 77825.8  один ордер
+        РР нет цели до первой цели (стандарт курса 1к3)
+  ШОРТ  4ч  ПОК 62624.3  зона 62199.2…64161.2  объём 893787.85  флипнут
+        границы 62232.1…64568  вход: по ретесту с обратной стороны, в другую сторону (стр. 43)  по тренду (1Д, держится на 3 экстремумах)
+        СДЕЛКИ НЕТ: пробит и флипнут — стр. 43 «Уровень лонг/шорт менятся для нас на противоположный»; вход по ретесту в ДРУГУЮ сторону
+        накопление у уровня: конфигурация 5, над уровнем (стр. 28): 63619.9…64271.9, 63021…65780; конфигурация 7, "пила" на уровне — выйти в бу и дождаться выхода (стр. 28): 62180…63286.5, 62228.8…63620
+        сила по композиту (замена VRVP, стр. 22): зона 0 — 0.0% композита; окно композита — структура 1d
+        слом на младшем ТФ: слом на 1h подтверждён, зона ПП 62961.1…63007.3, теста ещё не было
+        событие: пробой с бара 803, глубина 1.32%, полных тел 2
+  ШОРТ  4ч  ПОК 59804.5  зона 59200…60448  объём 1157307.21  флипнут
+        границы 59714.8…60543.3  вход: по ретесту с обратной стороны, в другую сторону (стр. 43)  по тренду (1Д, держится на 3 экстремумах)  база в сужении (стр. 34), шагов 4
+        СДЕЛКИ НЕТ: пробит и флипнут — стр. 43 «Уровень лонг/шорт менятся для нас на противоположный»; вход по ретесту в ДРУГУЮ сторону
+        накопление у уровня: конфигурация 7, "пила" на уровне — выйти в бу и дождаться выхода (стр. 28): 58160…62180
+        сила по композиту (замена VRVP, стр. 22): зона 0 — 0.0% композита; окно композита — структура 1d
+        слом на младшем ТФ: слом на 1h подтверждён, зона ПП 62961.1…63007.3, теста ещё не было
+        событие: пробой с бара 789, глубина 2.54%, полных тел 2
+  ЛОНГ  4ч  ПОК 61268.6  зона 58954.6…62438.6  объём 756664.17  активен
+        границы 58160…62180  вход: только по слому структуры на младшем ТФ (стр. 31)  ПРОТИВ тренда — курс допускает только хеджем при открытой позиции по тренду (стр. 47), и только под ПРИБЫЛЬНУЮ: стр. 11 — под убыточную сделку хедж не открывается никогда (1Д, держится на 3 экстремумах)
+        СДЕЛКИ НЕТ: цена уже касалась уровня — стр. 25 «этот уровень становиться больше не актуальным»; вход со 2-3 касания только по слому структуры на младшем ТФ
+        накопление у уровня: конфигурация 5, над уровнем (стр. 28): 62180…63286.5, 62228.8…63620
+        сила по композиту (замена VRVP, стр. 22): зона 0 — 0.0% композита; окно композита — структура 1d
+        слом на младшем ТФ: слом на 1h подтверждён, зона ПП 64004.4…64239.8, тест был
+  ЛОНГ  4ч  ПОК 62703.85  зона 62483.5…64009  объём 887012.82  отработан
+        границы 62180…63286.5  вход: только по слому структуры на младшем ТФ (стр. 31)  ПРОТИВ тренда — курс допускает только хеджем при открытой позиции по тренду (стр. 47), и только под ПРИБЫЛЬНУЮ: стр. 11 — под убыточную сделку хедж не открывается никогда (1Д, держится на 3 экстремумах)  база в сужении (стр. 34), шагов 1  граница от прежней структуры (стр. 40)
+        СДЕЛКИ НЕТ: отработан на первое касание — стр. 25 «мы этот уровень удаляем»; вход только по слому структуры на младшем ТФ (стр. 31)
+        накопление у уровня: конфигурация 5, над уровнем (стр. 28): 63619.9…64271.9, 63021…65780; конфигурация 7, "пила" на уровне — выйти в бу и дождаться выхода (стр. 28): 62228.8…63620
+        сила по композиту (замена VRVP, стр. 22): зона 0 — 0.0% композита; окно композита — структура 1d
+        слом на младшем ТФ: слом на 1h подтверждён, зона ПП 64004.4…64239.8, тест был
+        событие: прокол с бара 859, глубина 0.43%, полных тел 0
+  ШОРТ  4ч  ПОК 64111.15  зона 63694.9…64234.9  объём 229137.1  флипнут
+        границы 63619.9…64271.9  вход: по ретесту с обратной стороны, в другую сторону (стр. 43)  по тренду (1Д, держится на 3 экстремумах)  база в сужении (стр. 34), шагов 1
+        СДЕЛКИ НЕТ: пробит и флипнут — стр. 43 «Уровень лонг/шорт менятся для нас на противоположный»; вход по ретесту в ДРУГУЮ сторону
+        накопление у уровня: конфигурация 7, "пила" на уровне — выйти в бу и дождаться выхода (стр. 28): 63021…65780
+        сила по композиту (замена VRVP, стр. 22): зона 0 — 0.0% композита; окно композита — структура 1d
+        слом на младшем ТФ: слом на 1h подтверждён, зона ПП 62961.1…63007.3, теста ещё не было
+        событие: пробой с бара 867, глубина 1.59%, полных тел 2
+  ЛОНГ  4ч  ПОК 64750  зона 63751.6…65492.4  объём 997239.75  отработан
+        границы 64259.5…65589.7  вход: только по слому структуры на младшем ТФ (стр. 31)  ПРОТИВ тренда — курс допускает только хеджем при открытой позиции по тренду (стр. 47), и только под ПРИБЫЛЬНУЮ: стр. 11 — под убыточную сделку хедж не открывается никогда (1Д, держится на 3 экстремумах)  база в сужении (стр. 34), шагов 1
+        СДЕЛКИ НЕТ: отработан на первое касание — стр. 25 «мы этот уровень удаляем»; вход только по слому структуры на младшем ТФ (стр. 31)
+        накопление у уровня: конфигурация 7, "пила" на уровне — выйти в бу и дождаться выхода (стр. 28): 63021…65780
+        сила по композиту (замена VRVP, стр. 22): зона 0 — 0.0% композита; окно композита — структура 1d
+        слом на младшем ТФ: слом на 1h подтверждён, зона ПП 64004.4…64239.8, тест был
+        событие: прокол с бара 921, глубина 0.18%, полных тел 0
+  ШОРТ  4ч  ПОК 65975.65  зона 65529.1…66811.5  объём 315263.14  активен
+        границы 65589.7…66924.1  вход: только по слому структуры на младшем ТФ (стр. 31)  по тренду (1Д, держится на 3 экстремумах)  граница от прежней структуры (стр. 40)
+        СДЕЛКИ НЕТ: цена уже касалась уровня — стр. 25 «этот уровень становиться больше не актуальным»; вход со 2-3 касания только по слому структуры на младшем ТФ
+        накопление у уровня: конфигурация 2, под уровнем — вход курс рисует от ПОК нового накопления (стр. 28): 63021…65780
+        сила по композиту (замена VRVP, стр. 22): зона 0 — 0.0% композита; окно композита — структура 1d
+        слом на младшем ТФ: слом на 1h подтверждён, зона ПП 62961.1…63007.3, теста ещё не было
+  ШОРТ  4ч  ПОК 64011.25  зона 63590…65039.1  объём 970345.43  отработан
+        границы 63021…65780  вход: только по слому структуры на младшем ТФ (стр. 31)  по тренду (1Д, держится на 3 экстремумах)
+        СДЕЛКИ НЕТ: отработан на первое касание — стр. 25 «мы этот уровень удаляем»; вход только по слому структуры на младшем ТФ (стр. 31)
+        накопление у уровня: конфигурация 2, под уровнем — вход курс рисует от ПОК нового накопления (стр. 28): 62228.8…63620
+        сила по композиту (замена VRVP, стр. 22): зона 0 — 0.0% композита; окно композита — структура 1d
+        слом на младшем ТФ: слом на 1h подтверждён, зона ПП 62961.1…63007.3, теста ещё не было
+        событие: прокол с бара 988, глубина 0.07%, полных тел 0
+  ЛОНГ  4ч  ПОК 63464.95  зона 62490.1…63615.7  объём 297704.39  активен
+        границы 62228.8…63620  вход: только по слому структуры на младшем ТФ (стр. 31)  ПРОТИВ тренда — курс допускает только хеджем при открытой позиции по тренду (стр. 47), и только под ПРИБЫЛЬНУЮ: стр. 11 — под убыточную сделку хедж не открывается никогда (1Д, держится на 3 экстремумах)
+        СДЕЛКИ НЕТ: цена уже касалась уровня — стр. 25 «этот уровень становиться больше не актуальным»; вход со 2-3 касания только по слому структуры на младшем ТФ
+        сила по композиту (замена VRVP, стр. 22): зона 0 — 0.0% композита; окно композита — структура 1d
+        слом на младшем ТФ: слом на 1h подтверждён, зона ПП 64004.4…64239.8, тест был
+  ШОРТ  1Д  ПОК 80883.35  зона 78942.5…82007  объём 1712521.47  активен
+        границы 78300…82828.7  вход: лимитки на ПОК и зону (стр. 30)  приоритет не определён  граница от прежней структуры (стр. 40)
+        стоп 86443 — за стоповым объёмом либо проколом (стр. 18)  (6.87% от входа)  закуп дробим  якорь: лой/хай своего ТФ или ТФ−1
+        лестница 79091.15 · 80883.35  средняя при равных долях 79987.25
         целей нет
-        РР: безопасный нет цели  рисковый нет цели  (стандарт курса 1к3)
-        событие: курс вердикта не даёт с бара 557, глубина 1.05%, полных тел 0
-  ШОРТ  4ч  ПОК 76400  зона 75288.3…77731  объём 659274.98  активен
-        границы 74203.6…77600  вход: лимитки на ПОК и зону (стр. 30)  по тренду (1Д)
-        стоп безопасный 78376…79928  рисковый 77600  один ордер
+        РР нет цели до первой цели (стандарт курса 1к3)
+  ШОРТ  1Д  ПОК 73588.55  зона 72670.1…76909.1  объём 1513805.58  активен
+        границы 72436…78180  вход: лимитки на ПОК и зону (стр. 30)  приоритет не определён
+        стоп 81999 — за стоповым объёмом либо проколом (стр. 18)  (11.43% от входа)  закуп дробим  якорь: лой/хай своего ТФ или ТФ−1
+        лестница 73581.1 · 73588.55 · 76698.35  средняя при равных долях 74622.66666667
         целей нет
-        РР: безопасный нет цели  рисковый нет цели  (стандарт курса 1к3)
-  ШОРТ  4ч  ПОК 72999.9  зона 72638.5…73944.1  объём 498350.87  активен
-        границы 72436…74293.1  вход: лимитки на ПОК и зону (стр. 30)  по тренду (1Д)
-        стоп безопасный 75036.031…76521.893  рисковый 74293.1  один ордер
-        целей нет
-        РР: безопасный нет цели  рисковый нет цели  (стандарт курса 1к3)
-  ЛОНГ  4ч  ПОК 63000  зона 61837…63964.1  объём 900332.35  флипнут
-        границы 60755…64179.5  вход: по ретесту с обратной стороны, в другую сторону (стр. 43)  ПРОТИВ тренда (1Д)
-        стоп безопасный 60147.45…58932.35  рисковый 60755  один ордер
-        цель 72999.9 (4ч, 15.87%)
-        цель 76400 (4ч, 21.27%)
-        цель 76797.1 (4ч, 21.90%)
-        цель 76797.1 (1Д, 21.90%)
-        цель 78000 (4ч, 23.81%)
-        цель 81000 (4ч, 28.57%)
-        РР: безопасный 1к2.46  рисковый 1к4.45  (стандарт курса 1к3)
-        событие: пробой с бара 711, глубина 1.22%, полных тел 2
-  ШОРТ  4ч  ПОК 64000  зона 62181.3…64800.6  объём 1244095.68  отработан
-        границы 62232.1…66956.7  вход: только по слому структуры на младшем ТФ (стр. 31)  по тренду (1Д)
-        стоп безопасный 67626.267…68965.401  рисковый 66956.7  один ордер
-        целей нет
-        РР: безопасный нет цели  рисковый нет цели  (стандарт курса 1к3)
-        событие: прокол с бара 821, глубина 1.08%, полных тел 0
-  ЛОНГ  4ч  ПОК 60000  зона 58557…60609.4  объём 1925407.51  активен
-        границы 58030…61931.1  вход: лимитки на ПОК и зону (стр. 30)  ПРОТИВ тренда (1Д)
-        стоп безопасный 57449.7…56289.1  рисковый 58030  один ордер
-        лестница 60000 · 60800  средняя при равных долях 60400
-        цель 64000 (4ч, 6.67%)
-        цель 72999.9 (4ч, 21.67%)
-        цель 76400 (4ч, 27.33%)
-        цель 76797.1 (4ч, 28.00%)
-        цель 76797.1 (1Д, 28.00%)
-        цель 78000 (4ч, 30.00%)
-        цель 81000 (4ч, 35.00%)
-        РР: безопасный 1к1.08  рисковый 1к2.03  (стандарт курса 1к3)
-  ЛОНГ  4ч  ПОК 62590.4  зона 62407.8…63888.5  объём 967885.82  отработан
-        границы 61297…63450  вход: только по слому структуры на младшем ТФ (стр. 31)  ПРОТИВ тренда (1Д)
-        стоп безопасный 60684.03…59458.09  рисковый 61297  один ордер
-        цель 72999.9 (4ч, 16.63%)
-        цель 76400 (4ч, 22.06%)
-        цель 76797.1 (4ч, 22.70%)
-        цель 76797.1 (1Д, 22.70%)
-        цель 78000 (4ч, 24.62%)
-        цель 81000 (4ч, 29.41%)
-        РР: безопасный 1к3.32  рисковый 1к8.05  (стандарт курса 1к3)
-        событие: прокол с бара 859, глубина 0.25%, полных тел 0
-  ШОРТ  4ч  ПОК 64100  зона 63710…64261.6  объём 229137.1  флипнут
-        границы 63619.9…64680  вход: по ретесту с обратной стороны, в другую сторону (стр. 43)  по тренду (1Д)
-        стоп безопасный 65326.8…66620.4  рисковый 64680  один ордер
-        промежуточная 60800 (1ч, 5.15%)
-        цель 60000 (4ч, 6.40%)
-        РР: безопасный 1к1.63  рисковый 1к7.07  (стандарт курса 1к3)
-        событие: пробой с бара 867, глубина 1.61%, полных тел 2
-  ЛОНГ  4ч  ПОК 64750  зона 63744.9…65501  объём 997239.75  отработан
-        границы 61806…65589.7  вход: только по слому структуры на младшем ТФ (стр. 31)  ПРОТИВ тренда (1Д)
-        стоп безопасный 61187.94…59951.82  рисковый 61806  один ордер
-        лестница 64000 · 64750 · 65500  средняя при равных долях 64750
-        цель 72999.9 (4ч, 12.74%)
-        цель 76400 (4ч, 17.99%)
-        цель 76797.1 (4ч, 18.61%)
-        цель 76797.1 (1Д, 18.61%)
-        цель 78000 (4ч, 20.46%)
-        цель 81000 (4ч, 25.10%)
-        РР: безопасный 1к1.72  рисковый 1к2.80  (стандарт курса 1к3)
-        событие: прокол с бара 921, глубина 0.18%, полных тел 0
-  ШОРТ  4ч  ПОК 65970.9  зона 65554.3…66629.9  объём 286158.84  активен
-        границы 65505…66924.1  вход: лимитки на ПОК и зону (стр. 30)  по тренду (1Д)
-        стоп безопасный 67593.341…68931.823  рисковый 66924.1  один ордер
-        лестница 65600 · 65970.9  средняя при равных долях 65785.45
-        промежуточная 64000 (1ч, 2.99%)
-        промежуточная 60800 (1ч, 7.84%)
-        цель 60000 (4ч, 9.05%)
-        РР: безопасный 1к2.02  рисковый 1к6.26  (стандарт курса 1к3)
-  ШОРТ  4ч  ПОК 64069.1  зона 63926…65270  объём 466806.09  отработан
-        границы 63666…65780  вход: только по слому структуры на младшем ТФ (стр. 31)  по тренду (1Д)
-        стоп безопасный 66437.8…67753.4  рисковый 65780  один ордер
-        лестница 64069.1 · 64500  средняя при равных долях 64284.55
-        промежуточная 64000 (1ч, 0.11%)
-        промежуточная 60800 (1ч, 5.10%)
-        цель 60000 (4ч, 6.35%)
-        РР: безопасный 1к1.10  рисковый 1к2.38  (стандарт курса 1к3)
-        событие: прокол с бара 952, глубина 0.02%, полных тел 0
-  ЛОНГ  1Д  ПОК 78000  зона 75637.6…79898.4  объём 2361040.65  флипнут
-        границы 74868…79455  вход: по ретесту с обратной стороны, в другую сторону (стр. 43)  приоритет не определён
-        стоп безопасный 74119.32…72621.96  рисковый 74868  закуп дробим
-        целей нет
-        РР: безопасный нет цели  рисковый нет цели  (стандарт курса 1к3)
-        событие: пробой с бара 918, глубина 2.55%, полных тел 2
-  ШОРТ  1Д  ПОК 76797.1  зона 74099.4…80113.2  объём 2408100.91  активен
-        границы 74203.6…82460.5  вход: лимитки на ПОК и зону (стр. 30)  приоритет не определён
-        стоп безопасный 83285.105…84934.315  рисковый 82460.5  закуп дробим
-        лестница 76400 · 76797.1 · 78000  средняя при равных долях 77065.7
-        целей нет
-        РР: безопасный нет цели  рисковый нет цели  (стандарт курса 1к3)
+        РР нет цели до первой цели (стандарт курса 1к3)
 
-УРОВЕНЬ НЕ ПОСТРОЕН — причины (§4.3)
-  5м структура 808: BTC/USDT:USDT: окно [1785874500000,1785895500000) не покрыто — нет суток 2026-08-05
-  5м структура 879: BTC/USDT:USDT: окно [1785895800000,1785900000000) не покрыто — нет суток 2026-08-05
+СВОДКА ПО ТФ: структур → уровней (§4.3)
+  всего уровней 103  →  торгуется лимитками 11  (по состояниям: {'worked_off': 47, 'flipped': 32, 'active': 24})
+     5м  24 из 29  (83%)
+    15м  26 из 26  (100%)
+     1ч  35 из 35  (100%)
+     4ч  16 из 30  (53%)
+     1Д  2 из 31  (6%)
+     1Н  0 из 12  (0%)
+
+УРОВЕНЬ НЕ ПОСТРОЕН — причины поштучно (§4.3)
+  5м структура 844: BTC/USDT:USDT: окно [1785885300000,1785891000000) не покрыто — нет суток 2026-08-05
+  5м структура 865: BTC/USDT:USDT: окно [1785891600000,1785899700000) не покрыто — нет суток 2026-08-05
   5м структура 895: BTC/USDT:USDT: окно [1785900600000,1785906300000) не покрыто — нет суток 2026-08-05
   5м структура 918: BTC/USDT:USDT: окно [1785907500000,1785912900000) не покрыто — нет суток 2026-08-05
+  5м структура 941: BTC/USDT:USDT: окно [1785914400000,1785927000000) не покрыто — нет суток 2026-08-05
   4ч структура 2: BTC/USDT:USDT: окно [1771574400000,1771819200000) не покрыто — нет суток 2026-02-20, 2026-02-21, 2026-02-22, 2026-02-23
-  4ч структура 43: BTC/USDT:USDT: окно [1772164800000,1772467200000) не покрыто — нет суток 2026-02-27, 2026-02-28, 2026-03-01, 2026-03-02
-  4ч структура 64: BTC/USDT:USDT: окно [1772467200000,1772625600000) не покрыто — нет суток 2026-03-02, 2026-03-03, 2026-03-04
-  4ч структура 76: BTC/USDT:USDT: окно [1772640000000,1772913600000) не покрыто — нет суток 2026-03-04, 2026-03-05, 2026-03-06, 2026-03-07
-  4ч структура 97: BTC/USDT:USDT: окно [1772942400000,1773619200000) не покрыто — нет суток 2026-03-08, 2026-03-09, 2026-03-10, 2026-03-11, 2026-03-12 и ещё 3
-  4ч структура 150: BTC/USDT:USDT: окно [1773705600000,1774209600000) не покрыто — нет суток 2026-03-17, 2026-03-18, 2026-03-19, 2026-03-20, 2026-03-21 и ещё 1
-  4ч структура 185: BTC/USDT:USDT: окно [1774209600000,1774612800000) не покрыто — нет суток 2026-03-22, 2026-03-23, 2026-03-24, 2026-03-25, 2026-03-26 и ещё 1
-  4ч структура 214: BTC/USDT:USDT: окно [1774627200000,1774857600000) не покрыто — нет суток 2026-03-27, 2026-03-28, 2026-03-29, 2026-03-30
-  4ч структура 231: BTC/USDT:USDT: окно [1774872000000,1775030400000) не покрыто — нет суток 2026-03-30, 2026-03-31, 2026-04-01
-  4ч структура 252: BTC/USDT:USDT: окно [1775174400000,1775433600000) не покрыто — нет суток 2026-04-03, 2026-04-04, 2026-04-05
+  4ч структура 27: BTC/USDT:USDT: окно [1771934400000,1772323200000) не покрыто — нет суток 2026-02-24, 2026-02-25, 2026-02-26, 2026-02-27, 2026-02-28
+  4ч структура 54: BTC/USDT:USDT: окно [1772323200000,1772611200000) не покрыто — нет суток 2026-03-01, 2026-03-02, 2026-03-03, 2026-03-04
+  4ч структура 76: BTC/USDT:USDT: окно [1772640000000,1773705600000) не покрыто — нет суток 2026-03-04, 2026-03-05, 2026-03-06, 2026-03-07, 2026-03-08 и ещё 8
+  4ч структура 150: BTC/USDT:USDT: окно [1773705600000,1774137600000) не покрыто — нет суток 2026-03-17, 2026-03-18, 2026-03-19, 2026-03-20, 2026-03-21
+  4ч структура 182: BTC/USDT:USDT: окно [1774166400000,1774612800000) не покрыто — нет суток 2026-03-22, 2026-03-23, 2026-03-24, 2026-03-25, 2026-03-26 и ещё 1
+  4ч структура 214: BTC/USDT:USDT: окно [1774627200000,1775001600000) не покрыто — нет суток 2026-03-27, 2026-03-28, 2026-03-29, 2026-03-30, 2026-03-31
+  4ч структура 241: BTC/USDT:USDT: окно [1775016000000,1775476800000) не покрыто — нет суток 2026-04-01, 2026-04-02, 2026-04-03, 2026-04-04, 2026-04-05 и ещё 1
   4ч структура 274: BTC/USDT:USDT: окно [1775491200000,1775606400000) не покрыто — нет суток 2026-04-06, 2026-04-07
   4ч структура 285: BTC/USDT:USDT: окно [1775649600000,1776110400000) не покрыто — нет суток 2026-04-08, 2026-04-09, 2026-04-10, 2026-04-11, 2026-04-12 и ещё 1
   4ч структура 321: BTC/USDT:USDT: окно [1776168000000,1776441600000) не покрыто — нет суток 2026-04-14, 2026-04-15, 2026-04-16, 2026-04-17
   4ч структура 340: BTC/USDT:USDT: окно [1776441600000,1777737600000) не покрыто — нет суток 2026-04-17, 2026-04-18, 2026-04-19, 2026-04-20, 2026-04-21
+  4ч структура 618: BTC/USDT:USDT: окно [1780444800000,1781366400000) не покрыто — нет суток 2026-06-03, 2026-06-04, 2026-06-05, 2026-06-06, 2026-06-07
+  4ч структура 683: BTC/USDT:USDT: окно [1781380800000,1781784000000) не покрыто — нет суток 2026-06-14, 2026-06-15
   1Д структура 4: BTC/USDT:USDT: окно [1699920000000,1701475200000) не покрыто — нет суток 2023-11-14, 2023-11-15, 2023-11-16, 2023-11-17, 2023-11-18 и ещё 13
-  1Д структура 25: BTC/USDT:USDT: окно [1701734400000,1704758400000) не покрыто — нет суток 2023-12-05, 2023-12-06, 2023-12-07, 2023-12-08, 2023-12-09 и ещё 30
-  1Д структура 62: BTC/USDT:USDT: окно [1704931200000,1705968000000) не покрыто — нет суток 2024-01-11, 2024-01-12, 2024-01-13, 2024-01-14, 2024-01-15 и ещё 7
+  1Д структура 25: BTC/USDT:USDT: окно [1701734400000,1704412800000) не покрыто — нет суток 2023-12-05, 2023-12-06, 2023-12-07, 2023-12-08, 2023-12-09 и ещё 26
+  1Д структура 59: BTC/USDT:USDT: окно [1704672000000,1705968000000) не покрыто — нет суток 2024-01-08, 2024-01-09, 2024-01-10, 2024-01-11, 2024-01-12 и ещё 10
   1Д структура 74: BTC/USDT:USDT: окно [1705968000000,1708992000000) не покрыто — нет суток 2024-01-23, 2024-01-24, 2024-01-25, 2024-01-26, 2024-01-27 и ещё 30
+  1Д структура 110: BTC/USDT:USDT: окно [1709078400000,1710288000000) не покрыто — нет суток 2024-02-28, 2024-02-29, 2024-03-01, 2024-03-02, 2024-03-03 и ещё 9
   1Д структура 125: BTC/USDT:USDT: окно [1710374400000,1714521600000) не покрыто — нет суток 2024-03-14, 2024-03-15, 2024-03-16, 2024-03-17, 2024-03-18 и ещё 43
   1Д структура 173: BTC/USDT:USDT: окно [1714521600000,1722902400000) не покрыто — нет суток 2024-05-01, 2024-05-02, 2024-05-03, 2024-05-04, 2024-05-05 и ещё 92
@@ -924,48 +807,70 @@
   1Д структура 289: BTC/USDT:USDT: окно [1724544000000,1727481600000) не покрыто — нет суток 2024-08-25, 2024-08-26, 2024-08-27, 2024-08-28, 2024-08-29 и ещё 29
   1Д структура 328: BTC/USDT:USDT: окно [1727913600000,1730160000000) не покрыто — нет суток 2024-10-03, 2024-10-04, 2024-10-05, 2024-10-06, 2024-10-07 и ещё 21
-  1Д структура 385: BTC/USDT:USDT: окно [1732838400000,1740528000000) не покрыто — нет суток 2024-11-29, 2024-11-30, 2024-12-01, 2024-12-02, 2024-12-03 и ещё 84
-  1Д структура 476: BTC/USDT:USDT: окно [1740700800000,1746144000000) не покрыто — нет суток 2025-02-28, 2025-03-01, 2025-03-02, 2025-03-03, 2025-03-04 и ещё 58
-  1Д структура 552: BTC/USDT:USDT: окно [1747267200000,1752192000000) не покрыто — нет суток 2025-05-15, 2025-05-16, 2025-05-17, 2025-05-18, 2025-05-19 и ещё 52
+  1Д структура 354: BTC/USDT:USDT: окно [1730160000000,1732752000000) не покрыто — нет суток 2024-10-29, 2024-10-30, 2024-10-31, 2024-11-01, 2024-11-02 и ещё 25
+  1Д структура 385: BTC/USDT:USDT: окно [1732838400000,1737158400000) не покрыто — нет суток 2024-11-29, 2024-11-30, 2024-12-01, 2024-12-02, 2024-12-03 и ещё 45
+  1Д структура 437: BTC/USDT:USDT: окно [1737331200000,1738800000000) не покрыто — нет суток 2025-01-20, 2025-01-21, 2025-01-22, 2025-01-23, 2025-01-24 и ещё 12
+  1Д структура 455: BTC/USDT:USDT: окно [1738886400000,1740441600000) не покрыто — нет суток 2025-02-07, 2025-02-08, 2025-02-09, 2025-02-10, 2025-02-11 и ещё 13
+  1Д структура 476: BTC/USDT:USDT: окно [1740700800000,1745884800000) не покрыто — нет суток 2025-02-28, 2025-03-01, 2025-03-02, 2025-03-03, 2025-03-04 и ещё 55
+  1Д структура 539: BTC/USDT:USDT: окно [1746144000000,1747785600000) не покрыто — нет суток 2025-05-02, 2025-05-03, 2025-05-04, 2025-05-05, 2025-05-06 и ещё 14
+  1Д структура 559: BTC/USDT:USDT: окно [1747872000000,1748822400000) не покрыто — нет суток 2025-05-22, 2025-05-23, 2025-05-24, 2025-05-25, 2025-05-26 и ещё 6
+  1Д структура 571: BTC/USDT:USDT: окно [1748908800000,1750464000000) не покрыто — нет суток 2025-06-03, 2025-06-04, 2025-06-05, 2025-06-06, 2025-06-07 и ещё 13
+  1Д структура 590: BTC/USDT:USDT: окно [1750550400000,1752105600000) не покрыто — нет суток 2025-06-22, 2025-06-23, 2025-06-24, 2025-06-25, 2025-06-26 и ещё 13
   1Д структура 612: BTC/USDT:USDT: окно [1752451200000,1754092800000) не покрыто — нет суток 2025-07-14, 2025-07-15, 2025-07-16, 2025-07-17, 2025-07-18 и ещё 14
-  1Д структура 651: BTC/USDT:USDT: окно [1755820800000,1759363200000) не покрыто — нет суток 2025-08-22, 2025-08-23, 2025-08-24, 2025-08-25, 2025-08-26 и ещё 36
-  1Д структура 696: BTC/USDT:USDT: окно [1759708800000,1763078400000) не покрыто — нет суток 2025-10-06, 2025-10-07, 2025-10-08, 2025-10-09, 2025-10-10 и ещё 34
-  1Д структура 742: BTC/USDT:USDT: окно [1763683200000,1768348800000) не покрыто — нет суток 2025-11-21, 2025-11-22, 2025-11-23, 2025-11-24, 2025-11-25 и ещё 49
-  1Д структура 796: BTC/USDT:USDT: окно [1768348800000,1769731200000) не покрыто — нет суток 2026-01-14, 2026-01-15, 2026-01-16, 2026-01-17, 2026-01-18 и ещё 11
-  1Д структура 819: BTC/USDT:USDT: окно [1770336000000,1773619200000) не покрыто — нет суток 2026-02-06, 2026-02-07, 2026-02-08, 2026-02-09, 2026-02-10 и ещё 33
-  1Д структура 858: BTC/USDT:USDT: окно [1773705600000,1776816000000) не покрыто — нет суток 2026-03-17, 2026-03-18, 2026-03-19, 2026-03-20, 2026-03-21 и ещё 31
+  1Д структура 632: BTC/USDT:USDT: окно [1754179200000,1756166400000) не покрыто — нет суток 2025-08-03, 2025-08-04, 2025-08-05, 2025-08-06, 2025-08-07 и ещё 18
+  1Д структура 655: BTC/USDT:USDT: окно [1756166400000,1757548800000) не покрыто — нет суток 2025-08-26, 2025-08-27, 2025-08-28, 2025-08-29, 2025-08-30 и ещё 11
+  1Д структура 672: BTC/USDT:USDT: окно [1757635200000,1759363200000) не покрыто — нет суток 2025-09-12, 2025-09-13, 2025-09-14, 2025-09-15, 2025-09-16 и ещё 15
+  1Д структура 696: BTC/USDT:USDT: окно [1759708800000,1762300800000) не покрыто — нет суток 2025-10-06, 2025-10-07, 2025-10-08, 2025-10-09, 2025-10-10 и ещё 25
+  1Д структура 732: BTC/USDT:USDT: окно [1762819200000,1767484800000) не покрыто — нет суток 2025-11-11, 2025-11-12, 2025-11-13, 2025-11-14, 2025-11-15 и ещё 49
+  1Д структура 787: BTC/USDT:USDT: окно [1767571200000,1769731200000) не покрыто — нет суток 2026-01-05, 2026-01-06, 2026-01-07, 2026-01-08, 2026-01-09 и ещё 20
+  1Д структура 819: BTC/USDT:USDT: окно [1770336000000,1773187200000) не покрыто — нет суток 2026-02-06, 2026-02-07, 2026-02-08, 2026-02-09, 2026-02-10 и ещё 28
+  1Д структура 854: BTC/USDT:USDT: окно [1773360000000,1776124800000) не покрыто — нет суток 2026-03-13, 2026-03-14, 2026-03-15, 2026-03-16, 2026-03-17 и ещё 27
+  1Д структура 886: BTC/USDT:USDT: окно [1776124800000,1777766400000) не покрыто — нет суток 2026-04-14, 2026-04-15, 2026-04-16, 2026-04-17, 2026-04-18 и ещё 3
   1Н структура 3: BTC/USDT:USDT: окно [1569196800000,1584316800000) не покрыто — нет суток 2019-09-23, 2019-09-24, 2019-09-25, 2019-09-26, 2019-09-27 и ещё 170
-  1Н структура 35: BTC/USDT:USDT: окно [1588550400000,1600646400000) не покрыто — нет суток 2020-05-04, 2020-05-05, 2020-05-06, 2020-05-07, 2020-05-08 и ещё 135
-  1Н структура 93: BTC/USDT:USDT: окно [1623628800000,1633910400000) не покрыто — нет суток 2021-06-14, 2021-06-15, 2021-06-16, 2021-06-17, 2021-06-18 и ещё 114
+  1Н структура 35: BTC/USDT:USDT: окно [1588550400000,1603670400000) не покрыто — нет суток 2020-05-04, 2020-05-05, 2020-05-06, 2020-05-07, 2020-05-08 и ещё 170
+  1Н структура 70: BTC/USDT:USDT: окно [1609718400000,1634515200000) не покрыто — нет суток 2021-01-04, 2021-01-05, 2021-01-06, 2021-01-07, 2021-01-08 и ещё 282
   1Н структура 111: BTC/USDT:USDT: окно [1634515200000,1652659200000) не покрыто — нет суток 2021-10-18, 2021-10-19, 2021-10-20, 2021-10-21, 2021-10-22 и ещё 205
   1Н структура 143: BTC/USDT:USDT: окно [1653868800000,1668384000000) не покрыто — нет суток 2022-05-30, 2022-05-31, 2022-06-01, 2022-06-02, 2022-06-03 и ещё 163
   1Н структура 168: BTC/USDT:USDT: окно [1668988800000,1679270400000) не покрыто — нет суток 2022-11-21, 2022-11-22, 2022-11-23, 2022-11-24, 2022-11-25 и ещё 114
   1Н структура 188: BTC/USDT:USDT: окно [1681084800000,1698624000000) не покрыто — нет суток 2023-04-10, 2023-04-11, 2023-04-12, 2023-04-13, 2023-04-14 и ещё 198
-  1Н структура 248: BTC/USDT:USDT: окно [1717372800000,1731283200000) не покрыто — нет суток 2024-06-03, 2024-06-04, 2024-06-05, 2024-06-06, 2024-06-07 и ещё 156
+  1Н структура 218: BTC/USDT:USDT: окно [1699228800000,1731283200000) не покрыто — нет суток 2023-11-06, 2023-11-07, 2023-11-08, 2023-11-09, 2023-11-10 и ещё 366
   1Н структура 276: BTC/USDT:USDT: окно [1734307200000,1741564800000) не покрыто — нет суток 2024-12-16, 2024-12-17, 2024-12-18, 2024-12-19, 2024-12-20 и ещё 79
-  1Н структура 288: BTC/USDT:USDT: окно [1741564800000,1752451200000) не покрыто — нет суток 2025-03-10, 2025-03-11, 2025-03-12, 2025-03-13, 2025-03-14 и ещё 121
-  1Н структура 306: BTC/USDT:USDT: окно [1752451200000,1762732800000) не покрыто — нет суток 2025-07-14, 2025-07-15, 2025-07-16, 2025-07-17, 2025-07-18 и ещё 114
+  1Н структура 288: BTC/USDT:USDT: окно [1741564800000,1748822400000) не покрыто — нет суток 2025-03-10, 2025-03-11, 2025-03-12, 2025-03-13, 2025-03-14 и ещё 79
+  1Н структура 302: BTC/USDT:USDT: окно [1750032000000,1763337600000) не покрыто — нет суток 2025-06-16, 2025-06-17, 2025-06-18, 2025-06-19, 2025-06-20 и ещё 149
+  1Н структура 324: BTC/USDT:USDT: окно [1763337600000,1782086400000) не покрыто — нет суток 2025-11-17, 2025-11-18, 2025-11-19, 2025-11-20, 2025-11-21 и ещё 159
 
 ПЕРЕПРИОР
    5м  ранний в ШОРТ  слом 64037.1  зона тени 64037.1…64118.1 (0.126%)  тест через 1 баров
-   5м  ранний в ЛОНГ  слом 64140  зона тени 64116.2…64140 (0.037%)  тест через 1 баров
+        сделка от ПП (стр. 50): вход 64037.1  стоп 64118.1  цели нет — противоположный ПП позади входа, не по направлению
+   5м  истинный в ЛОНГ  слом 64162.6  зона тени 64136.9…64162.6 (0.040%)  тест через 2 баров
+        сделка от ПП (стр. 50): вход 64162.6  стоп 64136.9  цели нет — противоположный ПП позади входа, не по направлению
   15м  истинный в ШОРТ  слом 64066.1  зона тени 64066.1…64096.3 (0.047%)  тест через 1 баров
-  15м  истинный в ЛОНГ  слом 64163.8  зона тени 64040.4…64163.8 (0.193%)  тест через 4 баров
-   1ч  истинный в ШОРТ  слом 62961.1  зона тени 62961.1…63007.3 (0.073%)  тест через 8 баров
-   1ч  ранний в ЛОНГ  слом 62846.3  зона тени 62806…62846.3 (0.064%)  теста не было
+        сделка от ПП (стр. 50): вход 64066.1  стоп 64096.3  цели нет — противоположный ПП позади входа, не по направлению
+  15м  истинный в ЛОНГ  слом 64163.8  зона тени 64040.4…64163.8 (0.193%)  тест через 7 баров
+        сделка от ПП (стр. 50): вход 64163.8  стоп 64040.4  цели нет — противоположный ПП позади входа, не по направлению
+   1ч  истинный в ШОРТ  слом 62961.1  зона тени 62961.1…63007.3 (0.073%)  теста не было
+        сделка от ПП (стр. 50): вход 62961.1  стоп 63007.3  цели нет — противоположный ПП позади входа, не по направлению
+   1ч  ранний в ЛОНГ  слом 64239.8  зона тени 64004.4…64239.8 (0.368%)  тест через 1 баров
+        сделка от ПП (стр. 50): вход 64239.8  стоп 64004.4  цели нет — противоположный ПП позади входа, не по направлению
    1ч  доп-фактор: не обновлён лой 63962.4 против 63917.1 — это НЕ слом (стр. 55)
    4ч  истинный в ШОРТ  слом 63234  зона тени 63234…63564 (0.522%)  тест через 7 баров
-   4ч  ранний в ЛОНГ  слом 64058.8  зона тени 63836.9…64058.8 (0.348%)  тест через 1 баров
+        сделка от ПП (стр. 50): вход 63234  стоп 63564  цели нет — противоположный ПП позади входа, не по направлению
+   4ч  ранний в ЛОНГ  слом 64058.8  зона тени 63836.9…64058.8 (0.348%)  тест через 4 баров
+        сделка от ПП (стр. 50): вход 64058.8  стоп 63836.9  цели нет — противоположный ПП позади входа, не по направлению
    4ч  доп-фактор: не обновлён лой 63290.2 против 62268.2 — это НЕ слом (стр. 55)
-   1Д  ранний в ШОРТ  слом 62232.1  зона тени 62232.1…62924.1 (1.112%)  тест через 7 баров
-   1Д  ранний в ЛОНГ  слом 64250  зона тени 63298.5…64250 (1.503%)  тест через 2 баров
+   1Д  ранний в ШОРТ  слом 62660.1  зона тени 62660.1…63720.7 (1.693%)  теста не было
+        сделка от ПП (стр. 50): вход 62660.1  стоп 63720.7  цели нет — противоположный ПП позади входа, не по направлению
+   1Д  ранний в ЛОНГ  слом 65589.7  зона тени 65014.6…65589.7 (0.885%)  тест через 3 баров
+        сделка от ПП (стр. 50): вход 65589.7  стоп 65014.6  цели нет — противоположный ПП позади входа, не по направлению
    1Д  доп-фактор: не обновлён хай 65391.3 против 65722.5 — это НЕ слом (стр. 55)
-   1Н  истинный в ШОРТ  слом 64918.2  зона тени 64918.2…65977.9 (1.632%)  тест через 2 баров
-   1Н  ранний в ЛОНГ  слом 75998.9  зона тени 72778.8…75998.9 (4.425%)  тест через 2 баров
+   1Н  истинный в ШОРТ  слом 64918.2  зона тени 64918.2…65977.9 (1.632%)  тест через 5 баров
+        сделка от ПП (стр. 50): вход 64918.2  стоп 65977.9  цели нет — противоположный ПП позади входа, не по направлению
+   1Н  ранний в ЛОНГ  слом 75998.9  зона тени 72778.8…75998.9 (4.425%)  тест через 4 баров
+        сделка от ПП (стр. 50): вход 75998.9  стоп 72778.8  цели нет — противоположный ПП позади входа, не по направлению
 
 ДОП-ФАКТОРЫ (сопровождают, не порождают сигнал — стр. 64)
-   5м  конвергенция MACD · полосы 0.29% (уже 23% истории) · EMA200 в 0.03% от цены
-  15м  полосы 0.39% (уже 12% истории) · EMA200 в 0.27% от цены
-   1ч  дивергенция RSI · дивергенция MACD · полосы 0.77% (уже 7% истории) · EMA200 в 0.41% от цены
-   4ч  полосы 3.20% (уже 18% истории) · EMA200 в 0.00% от цены
-   1Д  полосы 5.92% (уже 2% истории) · EMA200 в 13.40% от цены
-   1Н  конвергенция RSI · полосы 37.13% (уже 22% истории) · EMA200 в 8.15% от цены
+   5м  расширенная бычья дивергенция MACD · полосы 0.29% (уже 23% истории) · EMA200 в 0.03% от цены · MA200 в 0.06% от цены
+  15м  полосы 0.39% (уже 13% истории) · EMA200 в 0.27% от цены · MA200 в 0.34% от цены
+   1ч  расширенная медвежья дивергенция RSI · расширенная медвежья дивергенция MACD · полосы 0.77% (уже 7% истории) · EMA200 в 0.41% от цены · MA200 в 0.59% от цены
+   4ч  расширенная бычья дивергенция RSI · расширенная бычья дивергенция MACD · полосы 3.21% (уже 18% истории) · EMA200 в 0.00% от цены · MA200 в 0.17% от цены
+   1Д  расширенная медвежья дивергенция RSI · расширенная медвежья дивергенция MACD · полосы 5.88% (уже 2% истории) · EMA200 в 13.40% от цены · MA200 в 10.52% от цены
+   1Н  расширенная бычья дивергенция RSI · полосы 37.15% (уже 22% истории) · EMA200 в 7.97% от цены · MA200 в 0.03% от цены

--- ETH/USDT:USDT сохранено
+++ ETH/USDT:USDT пересчитано
@@ -2,1071 +2,702 @@
 
 ТРЕНД И СТРУКТУРА
-   5м  баров 999  структур 20  распадов 5  тренд нисходящий (держится на 3)  незакрытая структура: открыта 134 баров, точек 6
-  15м  баров 999  структур 24  распадов 3  тренд не определён (держится на 0)  незакрытая структура: открыта 94 баров, точек 14
-   1ч  баров 999  структур 22  распадов 0  тренд не определён (держится на 0)  незакрытая структура: открыта 48 баров, точек 10
-   4ч  баров 999  структур 18  распадов 2  тренд восходящий (держится на 4)  незакрытая структура: открыта 56 баров, точек 11
-   1Д  баров 999  структур 21  распадов 3  тренд нисходящий (держится на 2)  незакрытая структура: открыта 21 баров, точек 6
-   1Н  баров 349  структур 7  распадов 1  тренд восходящий (держится на 2)  незакрытая структура: открыта 73 баров, точек 10
+   5м  баров 999  структур 27  распадов 0  в сужении 7  лесенка 9  тренд нисходящий (держится на 3)  незакрытая структура: открыта 142 баров, точек 4
+  15м  баров 999  структур 23  распадов 0  в сужении 6  лесенка 7  тренд не определён (держится на 0)  незакрытая структура: открыта 88 баров, точек 4
+   1ч  баров 999  структур 24  распадов 0  в сужении 7  лесенка 5  тренд не определён (держится на 0)  незакрытая структура: открыта 17 баров, точек 4
+   4ч  баров 999  структур 25  распадов 0  в сужении 6  лесенка 7  тренд восходящий (держится на 4)  незакрытая структура: открыта 13 баров, точек 4
+   1Д  баров 999  структур 27  распадов 0  в сужении 5  лесенка 4  тренд нисходящий (держится на 2)  незакрытая структура: открыта 21 баров, точек 6
+   1Н  баров 349  структур 9  распадов 0  в сужении 4  лесенка 2  тренд восходящий (держится на 2)  незакрытая структура: нет
 
 УРОВНИ (ПОК накоплений)
-  ШОРТ  5м  ПОК 1877.89  зона 1874.92…1878.79  объём 358515.1  отработан
-        границы 1873.68…1879.6  вход: только по слому структуры на младшем ТФ (стр. 31)  ПРОТИВ тренда (1Н)
-        стоп безопасный 1898.396…1935.988  рисковый 1879.6  один ордер
-        цель 1874 (15м, 0.21%)
-        цель 1840 (15м, 2.02%)
-        цель 1795 (1ч, 4.41%)
-        цель 1790 (4ч, 4.68%)
-        цель 1785 (1ч, 4.95%)
-        цель 1745 (1ч, 7.08%)
-        цель 1725 (1ч, 8.14%)
-        цель 1703 (1ч, 9.31%)
-        цель 1580 (1ч, 15.86%)
-        цель 1580 (4ч, 15.86%)
-        цель 1580 (1Д, 15.86%)
-        РР: безопасный 1к0.07  рисковый 1к2.27  (стандарт курса 1к3)
-        событие: прокол с бара 213, глубина 0.49%, полных тел 0
-  ШОРТ  5м  ПОК 1865  зона 1863.02…1871.7  объём 320222.18  флипнут
-        границы 1861.46…1872.16  вход: по ретесту с обратной стороны, в другую сторону (стр. 43)  ПРОТИВ тренда (1Н)
-        стоп безопасный 1890.8816…1928.3248  рисковый 1872.16  один ордер
-        цель 1840 (15м, 1.34%)
-        цель 1795 (1ч, 3.75%)
-        цель 1790 (4ч, 4.02%)
-        цель 1785 (1ч, 4.29%)
-        цель 1745 (1ч, 6.43%)
-        цель 1725 (1ч, 7.51%)
-        цель 1703 (1ч, 8.69%)
-        цель 1580 (1ч, 15.28%)
-        цель 1580 (4ч, 15.28%)
-        цель 1580 (1Д, 15.28%)
-        РР: безопасный 1к0.39  рисковый 1к3.49  (стандарт курса 1к3)
-        событие: пробой с бара 195, глубина 0.27%, полных тел 2
-  ЛОНГ  5м  ПОК 1855  зона 1852.98…1858.48  объём 368187.34  отработан
-        границы 1848.18…1859.81  вход: только по слому структуры на младшем ТФ (стр. 31)  по тренду (1Н)
-        стоп безопасный 1829.6982…1792.7346  рисковый 1848.18  один ордер
-        цель 1865 (5м, 0.54%)
-        цель 1874.32 (15м, 1.04%)
-        цель 1875 (15м, 1.08%)
-        цель 1877.89 (5м, 1.23%)
-        цель 1888 (15м, 1.78%)
-        цель 1890 (15м, 1.89%)
-        цель 1900 (15м, 2.43%)
-        цель 1920 (1ч, 3.50%)
-        цель 1930 (15м, 4.04%)
-        цель 1950 (1ч, 5.12%)
-        цель 1965 (15м, 5.93%)
-        цель 2075 (4ч, 11.86%)
-        цель 2330 (4ч, 25.61%)
-        цель 2330 (1Д, 25.61%)
-        РР: безопасный 1к0.16  рисковый 1к1.47  (стандарт курса 1к3)
+  ЛОНГ  5м  ПОК 1874.7  зона 1868.14…1884.46  объём 440079.47  отработан
+        границы 1853.1…1858.78  вход: только по слому структуры на младшем ТФ (стр. 31)  по тренду (1Н, держится на 2 экстремумах)
+        СДЕЛКИ НЕТ: отработан на первое касание — стр. 25 «мы этот уровень удаляем»; вход только по слому структуры на младшем ТФ (стр. 31)
+        накопление у уровня: конфигурация 2, под уровнем — вход курс рисует от ПОК нового накопления (стр. 28): 1865.65…1872.16, 1863.46…1872, 1850.47…1869.86, 1866.53…1872.16, 1865.39…1870.7, 1857.8…1870.7, 1871.23…1873.12; конфигурация 7, "пила" на уровне — выйти в бу и дождаться выхода (стр. 28): 1873.87…1880.58, 1873.7…1887, 1871…1883.97, 1870.7…1876.78, 1861…1877.14, 1872.65…1880.43, 1868…1880.8
+        сила по композиту (замена VRVP, стр. 22): зона 0 — 0.0% композита; окно композита — структура 1d
+        слом на младшем ТФ: младше этого ТФ рядов не собрано — слом проверить негде
+        событие: прокол с бара 25, глубина 0.05%, полных тел 0
+  ШОРТ  5м  ПОК 1877.975  зона 1874.83…1878.57  объём 358515.1  отработан
+        границы 1873.87…1880.58  вход: только по слому структуры на младшем ТФ (стр. 31)  ПРОТИВ тренда — курс допускает только хеджем при открытой позиции по тренду (стр. 47), и только под ПРИБЫЛЬНУЮ: стр. 11 — под убыточную сделку хедж не открывается никогда (1Н, держится на 2 экстремумах)
+        СДЕЛКИ НЕТ: отработан на первое касание — стр. 25 «мы этот уровень удаляем»; вход только по слому структуры на младшем ТФ (стр. 31)
+        накопление у уровня: конфигурация 2, под уровнем — вход курс рисует от ПОК нового накопления (стр. 28): 1870.7…1876.78, 1861…1877.14; конфигурация 7, "пила" на уровне — выйти в бу и дождаться выхода (стр. 28): 1873.7…1887, 1871…1883.97, 1872.65…1880.43, 1868…1880.8
+        сила по композиту (замена VRVP, стр. 22): зона 0 — 0.0% композита; окно композита — структура 1d
+        слом на младшем ТФ: младше этого ТФ рядов не собрано — слом проверить негде
+        событие: прокол с бара 213, глубина 0.48%, полных тел 0
+  ШОРТ  5м  ПОК 1869.105  зона 1865.64…1870.59  объём 223195.92  отработан
+        границы 1865.65…1872.16  вход: только по слому структуры на младшем ТФ (стр. 31)  ПРОТИВ тренда — курс допускает только хеджем при открытой позиции по тренду (стр. 47), и только под ПРИБЫЛЬНУЮ: стр. 11 — под убыточную сделку хедж не открывается никогда (1Н, держится на 2 экстремумах)
+        СДЕЛКИ НЕТ: отработан на первое касание — стр. 25 «мы этот уровень удаляем»; вход только по слому структуры на младшем ТФ (стр. 31)
+        накопление у уровня: конфигурация 2, под уровнем — вход курс рисует от ПОК нового накопления (стр. 28): 1861.5…1865.65, 1861.3…1866.53, 1863.52…1866.53; конфигурация 7, "пила" на уровне — выйти в бу и дождаться выхода (стр. 28): 1863.46…1872, 1850.47…1869.86, 1866.53…1872.16, 1865.39…1870.7, 1857.8…1870.7, 1861…1877.14, 1868…1880.8
+        сила по композиту (замена VRVP, стр. 22): зона 0 — 0.0% композита; окно композита — структура 1d
+        слом на младшем ТФ: младше этого ТФ рядов не собрано — слом проверить негде
+        событие: прокол с бара 197, глубина 0.05%, полных тел 0
+  ЛОНГ  5м  ПОК 1855.065  зона 1853.11…1858.55  объём 368187.34  отработан
+        границы 1848.18…1859.81  вход: только по слому структуры на младшем ТФ (стр. 31)  по тренду (1Н, держится на 2 экстремумах)
+        СДЕЛКИ НЕТ: отработан на первое касание — стр. 25 «мы этот уровень удаляем»; вход только по слому структуры на младшем ТФ (стр. 31)
+        накопление у уровня: конфигурация 5, над уровнем (стр. 28): 1856.23…1858.84, 1857.8…1870.7; конфигурация 7, "пила" на уровне — выйти в бу и дождаться выхода (стр. 28): 1850.01…1862.22, 1850.47…1869.86, 1848.23…1862.46, 1852.55…1863.52
+        сила по композиту (замена VRVP, стр. 22): зона 0 — 0.0% композита; окно композита — структура 1d
+        слом на младшем ТФ: младше этого ТФ рядов не собрано — слом проверить негде
         событие: прокол с бара 322, глубина 0.27%, полных тел 0
-  ЛОНГ  5м  ПОК 1880  зона 1876.53…1887.32  объём 453106.09  отработан
-        границы 1873.7…1887  вход: только по слому структуры на младшем ТФ (стр. 31)  по тренду (1Н)
-        стоп безопасный 1854.963…1817.489  рисковый 1873.7  один ордер
-        цель 1888 (15м, 0.43%)
-        цель 1890 (15м, 0.53%)
-        цель 1900 (15м, 1.06%)
-        цель 1920 (1ч, 2.13%)
-        цель 1930 (15м, 2.66%)
-        цель 1950 (1ч, 3.72%)
-        цель 1965 (15м, 4.52%)
-        цель 2075 (4ч, 10.37%)
-        цель 2330 (4ч, 23.94%)
-        цель 2330 (1Д, 23.94%)
-        РР: безопасный 1к0.13  рисковый 1к1.27  (стандарт курса 1к3)
-        событие: прокол с бара 261, глубина 0.04%, полных тел 0
-  ШОРТ  5м  ПОК 1885  зона 1875.31…1890.3  объём 360768.96  активен
-        границы 1879.29…1898.5  вход: лимитки на ПОК и зону (стр. 30)  ПРОТИВ тренда (1Н)
-        стоп безопасный 1917.485…1955.455  рисковый 1898.5  один ордер
-        цель 1880 (4ч, 0.27%)
-        цель 1874 (15м, 0.58%)
-        цель 1855 (5м, 1.59%)
-        цель 1855 (15м, 1.59%)
-        цель 1840 (15м, 2.39%)
-        цель 1795 (1ч, 4.77%)
-        цель 1790 (4ч, 5.04%)
-        цель 1785 (1ч, 5.31%)
-        цель 1745 (1ч, 7.43%)
-        цель 1725 (1ч, 8.49%)
-        цель 1703 (1ч, 9.66%)
-        цель 1580 (1ч, 16.18%)
-        цель 1580 (4ч, 16.18%)
-        цель 1580 (1Д, 16.18%)
-        РР: безопасный 1к0.07  рисковый 1к0.37  (стандарт курса 1к3)
-  ШОРТ  5м  ПОК 1871.1  зона 1870.15…1874.27  объём 100133.84  активен
-        границы 1870.63…1878.2  вход: лимитки на ПОК и зону (стр. 30)  ПРОТИВ тренда (1Н)
-        стоп безопасный 1896.982…1934.546  рисковый 1878.2  один ордер
-        цель 1855 (5м, 0.86%)
-        цель 1855 (15м, 0.86%)
-        цель 1840 (15м, 1.66%)
-        цель 1795 (1ч, 4.07%)
-        цель 1790 (4ч, 4.33%)
-        цель 1785 (1ч, 4.60%)
-        цель 1745 (1ч, 6.74%)
-        цель 1725 (1ч, 7.81%)
-        цель 1703 (1ч, 8.98%)
-        цель 1580 (1ч, 15.56%)
-        цель 1580 (4ч, 15.56%)
-        цель 1580 (1Д, 15.56%)
-        РР: безопасный 1к0.25  рисковый 1к2.27  (стандарт курса 1к3)
-        событие: курс вердикта не даёт с бара 294, глубина 0.05%, полных тел 0
-  ШОРТ  5м  ПОК 1865  зона 1862.79…1868.86  объём 181725.44  флипнут
-        границы 1863.46…1872  вход: по ретесту с обратной стороны, в другую сторону (стр. 43)  ПРОТИВ тренда (1Н)
-        стоп безопасный 1890.72…1928.16  рисковый 1872  один ордер
-        цель 1855 (5м, 0.54%)
-        цель 1855 (15м, 0.54%)
-        цель 1840 (15м, 1.34%)
-        цель 1795 (1ч, 3.75%)
-        цель 1790 (4ч, 4.02%)
-        цель 1785 (1ч, 4.29%)
-        цель 1745 (1ч, 6.43%)
-        цель 1725 (1ч, 7.51%)
-        цель 1703 (1ч, 8.69%)
-        цель 1580 (1ч, 15.28%)
-        цель 1580 (4ч, 15.28%)
-        цель 1580 (1Д, 15.28%)
-        РР: безопасный 1к0.16  рисковый 1к1.43  (стандарт курса 1к3)
-        событие: пробой с бара 450, глубина 0.45%, полных тел 2
-  ШОРТ  5м  ПОК 1855  зона 1853.89…1860.59  объём 419595.45  флипнут
-        границы 1850.01…1862.22  вход: по ретесту с обратной стороны, в другую сторону (стр. 43)  ПРОТИВ тренда (1Н)
-        стоп безопасный 1880.8422…1918.0866  рисковый 1862.22  один ордер
-        цель 1840 (15м, 0.81%)
-        цель 1795 (1ч, 3.23%)
-        цель 1790 (4ч, 3.50%)
-        цель 1785 (1ч, 3.77%)
-        цель 1745 (1ч, 5.93%)
-        цель 1725 (1ч, 7.01%)
-        цель 1703 (1ч, 8.19%)
-        цель 1580 (1ч, 14.82%)
-        цель 1580 (4ч, 14.82%)
-        цель 1580 (1Д, 14.82%)
-        РР: безопасный 1к0.24  рисковый 1к2.08  (стандарт курса 1к3)
+  ЛОНГ  5м  ПОК 1862.97  зона 1862.06…1868.04  объём 146155.96  флипнут
+        границы 1861.5…1865.65  вход: по ретесту с обратной стороны, в другую сторону (стр. 43)  по тренду (1Н, держится на 2 экстремумах)  граница от прежней структуры (стр. 40)
+        СДЕЛКИ НЕТ: пробит и флипнут — стр. 43 «Уровень лонг/шорт менятся для нас на противоположный»; вход по ретесту в ДРУГУЮ сторону
+        накопление у уровня: конфигурация 2, под уровнем — вход курс рисует от ПОК нового накопления (стр. 28): 1850.01…1862.22, 1848.23…1862.46; конфигурация 5, над уровнем (стр. 28): 1863.46…1872, 1866.53…1872.16, 1863.52…1866.53, 1865.39…1870.7, 1868…1880.8; конфигурация 7, "пила" на уровне — выйти в бу и дождаться выхода (стр. 28): 1850.47…1869.86, 1861.3…1866.53, 1852.55…1863.52, 1857.8…1870.7, 1861…1877.14
+        сила по композиту (замена VRVP, стр. 22): зона 0 — 0.0% композита; окно композита — структура 1d
+        слом на младшем ТФ: младше этого ТФ рядов не собрано — слом проверить негде
+        событие: пробой с бара 312, глубина 0.12%, полных тел 2
+  ЛОНГ  5м  ПОК 1880.075  зона 1876.7…1887.2  объём 453106.09  отработан
+        границы 1873.7…1887  вход: только по слому структуры на младшем ТФ (стр. 31)  по тренду (1Н, держится на 2 экстремумах)
+        СДЕЛКИ НЕТ: отработан на первое касание — стр. 25 «мы этот уровень удаляем»; вход только по слому структуры на младшем ТФ (стр. 31)
+        накопление у уровня: конфигурация 2, под уровнем — вход курс рисует от ПОК нового накопления (стр. 28): 1870.7…1876.78, 1861…1877.14; конфигурация 5, над уровнем (стр. 28): 1887…1898.5; конфигурация 7, "пила" на уровне — выйти в бу и дождаться выхода (стр. 28): 1871…1883.97, 1872.65…1880.43, 1868…1880.8
+        сила по композиту (замена VRVP, стр. 22): зона 0 — 0.0% композита; окно композита — структура 1d
+        слом на младшем ТФ: младше этого ТФ рядов не собрано — слом проверить негде
+        событие: прокол с бара 260, глубина 0.04%, полных тел 0
+  ШОРТ  5м  ПОК 1885.085  зона 1879.29…1893.92  объём 222468.33  отработан
+        границы 1887…1898.5  вход: только по слому структуры на младшем ТФ (стр. 31)  ПРОТИВ тренда — курс допускает только хеджем при открытой позиции по тренду (стр. 47), и только под ПРИБЫЛЬНУЮ: стр. 11 — под убыточную сделку хедж не открывается никогда (1Н, держится на 2 экстремумах)  граница от прежней структуры (стр. 40)
+        СДЕЛКИ НЕТ: отработан на первое касание — стр. 25 «мы этот уровень удаляем»; вход только по слому структуры на младшем ТФ (стр. 31)
+        накопление у уровня: конфигурация 2, под уровнем — вход курс рисует от ПОК нового накопления (стр. 28): 1871…1883.97, 1872.65…1880.43, 1868…1880.8
+        сила по композиту (замена VRVP, стр. 22): зона 0 — 0.0% композита; окно композита — структура 1d
+        слом на младшем ТФ: младше этого ТФ рядов не собрано — слом проверить негде
+        событие: прокол с бара 277, глубина 0.00%, полных тел 0
+  ШОРТ  5м  ПОК 1872.785  зона 1869.98…1880.52  объём 232957.49  отработан
+        границы 1871…1883.97  вход: только по слому структуры на младшем ТФ (стр. 31)  ПРОТИВ тренда — курс допускает только хеджем при открытой позиции по тренду (стр. 47), и только под ПРИБЫЛЬНУЮ: стр. 11 — под убыточную сделку хедж не открывается никогда (1Н, держится на 2 экстремумах)
+        СДЕЛКИ НЕТ: отработан на первое касание — стр. 25 «мы этот уровень удаляем»; вход только по слому структуры на младшем ТФ (стр. 31)
+        накопление у уровня: конфигурация 2, под уровнем — вход курс рисует от ПОК нового накопления (стр. 28): 1863.46…1872, 1866.53…1872.16, 1865.39…1870.7, 1857.8…1870.7; конфигурация 7, "пила" на уровне — выйти в бу и дождаться выхода (стр. 28): 1870.7…1876.78, 1861…1877.14, 1872.65…1880.43, 1871.23…1873.12, 1868…1880.8
+        сила по композиту (замена VRVP, стр. 22): зона 0 — 0.0% композита; окно композита — структура 1d
+        слом на младшем ТФ: младше этого ТФ рядов не собрано — слом проверить негде
+        событие: прокол с бара 456, глубина 0.03%, полных тел 0
+  ШОРТ  5м  ПОК 1865.045  зона 1862.46…1868.62  объём 181725.44  флипнут
+        границы 1863.46…1872  вход: по ретесту с обратной стороны, в другую сторону (стр. 43)  ПРОТИВ тренда — курс допускает только хеджем при открытой позиции по тренду (стр. 47), и только под ПРИБЫЛЬНУЮ: стр. 11 — под убыточную сделку хедж не открывается никогда (1Н, держится на 2 экстремумах)
+        СДЕЛКИ НЕТ: пробит и флипнут — стр. 43 «Уровень лонг/шорт менятся для нас на противоположный»; вход по ретесту в ДРУГУЮ сторону
+        накопление у уровня: конфигурация 2, под уровнем — вход курс рисует от ПОК нового накопления (стр. 28): 1848.23…1862.46, 1852.55…1863.52; конфигурация 5, над уровнем (стр. 28): 1866.53…1872.16, 1865.39…1870.7, 1868…1880.8; конфигурация 7, "пила" на уровне — выйти в бу и дождаться выхода (стр. 28): 1850.47…1869.86, 1861.3…1866.53, 1863.52…1866.53, 1857.8…1870.7, 1861…1877.14
+        сила по композиту (замена VRVP, стр. 22): зона 0 — 0.0% композита; окно композита — структура 1d
+        слом на младшем ТФ: младше этого ТФ рядов не собрано — слом проверить негде
+        событие: пробой с бара 450, глубина 0.44%, полных тел 2
+  ШОРТ  5м  ПОК 1855.005  зона 1853.9…1860.53  объём 419595.45  флипнут
+        границы 1850.01…1862.22  вход: по ретесту с обратной стороны, в другую сторону (стр. 43)  ПРОТИВ тренда — курс допускает только хеджем при открытой позиции по тренду (стр. 47), и только под ПРИБЫЛЬНУЮ: стр. 11 — под убыточную сделку хедж не открывается никогда (1Н, держится на 2 экстремумах)
+        СДЕЛКИ НЕТ: пробит и флипнут — стр. 43 «Уровень лонг/шорт менятся для нас на противоположный»; вход по ретесту в ДРУГУЮ сторону
+        накопление у уровня: конфигурация 5, над уровнем (стр. 28): 1856.23…1858.84, 1857.8…1870.7; конфигурация 7, "пила" на уровне — выйти в бу и дождаться выхода (стр. 28): 1850.47…1869.86, 1848.23…1862.46, 1852.55…1863.52
+        сила по композиту (замена VRVP, стр. 22): зона 0 — 0.0% композита; окно композита — структура 1d
+        слом на младшем ТФ: младше этого ТФ рядов не собрано — слом проверить негде
         событие: пробой с бара 443, глубина 0.73%, полных тел 2
-  ШОРТ  5м  ПОК 1845  зона 1840.6…1846.39  объём 182495.31  активен
-        границы 1839.02…1847.03  вход: лимитки на ПОК и зону (стр. 30)  ПРОТИВ тренда (1Н)
-        стоп безопасный 1865.5003…1902.4409  рисковый 1847.03  один ордер
-        цель 1795 (1ч, 2.71%)
-        цель 1790 (4ч, 2.98%)
-        цель 1785 (1ч, 3.25%)
-        цель 1745 (1ч, 5.42%)
-        цель 1725 (1ч, 6.50%)
-        цель 1703 (1ч, 7.70%)
-        цель 1580 (1ч, 14.36%)
-        цель 1580 (4ч, 14.36%)
-        цель 1580 (1Д, 14.36%)
-        РР: безопасный 1к0.87  рисковый 1к24.63  (стандарт курса 1к3)
-        событие: курс вердикта не даёт с бара 436, глубина 0.42%, полных тел 1
-  ЛОНГ  5м  ПОК 1842  зона 1837.58…1846.76  объём 270742.32  активен
-        границы 1835.61…1844.56  вход: лимитки на ПОК и зону (стр. 30)  по тренду (1Н)
-        стоп безопасный 1817.2539…1780.5417  рисковый 1835.61  один ордер
-        цель 1845 (5м, 0.16%)
-        цель 1855 (5м, 0.71%)
-        цель 1865 (5м, 1.25%)
-        цель 1871.1 (5м, 1.58%)
-        цель 1874.32 (15м, 1.75%)
-        цель 1880 (1ч, 2.06%)
-        цель 1885 (5м, 2.33%)
-        цель 1890 (15м, 2.61%)
-        цель 1900 (15м, 3.15%)
-        цель 1920 (1ч, 4.23%)
-        цель 1930 (15м, 4.78%)
-        цель 1950 (1ч, 5.86%)
-        цель 1965 (15м, 6.68%)
-        цель 2075 (4ч, 12.65%)
-        цель 2330 (4ч, 26.49%)
-        цель 2330 (1Д, 26.49%)
-        РР: безопасный 1к0.05  рисковый 1к0.47  (стандарт курса 1к3)
-  ШОРТ  5м  ПОК 1870  зона 1864.52…1872.31  объём 780912.77  отработан
-        границы 1860.64…1873.32  вход: только по слому структуры на младшем ТФ (стр. 31)  ПРОТИВ тренда (1Н)
-        стоп безопасный 1892.0532…1929.5196  рисковый 1873.32  один ордер
-        цель 1855 (15м, 0.80%)
-        цель 1842 (5м, 1.50%)
-        цель 1795 (1ч, 4.01%)
-        цель 1790 (4ч, 4.28%)
-        цель 1785 (1ч, 4.55%)
-        цель 1745 (1ч, 6.68%)
-        цель 1725 (1ч, 7.75%)
-        цель 1703 (1ч, 8.93%)
-        цель 1580 (1ч, 15.51%)
-        цель 1580 (4ч, 15.51%)
-        цель 1580 (1Д, 15.51%)
-        РР: безопасный 1к0.25  рисковый 1к4.52  (стандарт курса 1к3)
-        событие: прокол с бара 596, глубина 0.07%, полных тел 0
-  ЛОНГ  5м  ПОК 1865  зона 1853.04…1866.42  объём 542314.41  флипнут
-        границы 1851…1865.63  вход: по ретесту с обратной стороны, в другую сторону (стр. 43)  по тренду (1Н)
-        стоп безопасный 1832.49…1795.47  рисковый 1851  один ордер
-        цель 1871.1 (5м, 0.33%)
-        цель 1874.32 (15м, 0.50%)
-        цель 1880 (1ч, 0.80%)
-        цель 1885 (5м, 1.07%)
-        цель 1890 (15м, 1.34%)
-        цель 1900 (15м, 1.88%)
-        цель 1920 (1ч, 2.95%)
-        цель 1930 (15м, 3.49%)
-        цель 1950 (1ч, 4.56%)
-        цель 1965 (15м, 5.36%)
-        цель 2075 (4ч, 11.26%)
-        цель 2330 (4ч, 24.93%)
-        цель 2330 (1Д, 24.93%)
-        РР: безопасный 1к0.09  рисковый 1к0.44  (стандарт курса 1к3)
-        событие: пробой с бара 599, глубина 0.40%, полных тел 2
-  ШОРТ  5м  ПОК 1860  зона 1857.47…1867.15  объём 337018.2  отработан
-        границы 1857.49…1871.27  вход: только по слому структуры на младшем ТФ (стр. 31)  ПРОТИВ тренда (1Н)
-        стоп безопасный 1889.9827…1927.4081  рисковый 1871.27  один ордер
-        цель 1842 (5м, 0.97%)
-        цель 1795 (1ч, 3.49%)
-        цель 1790 (4ч, 3.76%)
-        цель 1785 (1ч, 4.03%)
-        цель 1745 (1ч, 6.18%)
-        цель 1725 (1ч, 7.26%)
-        цель 1703 (1ч, 8.44%)
-        цель 1580 (1ч, 15.05%)
-        цель 1580 (4ч, 15.05%)
-        цель 1580 (1Д, 15.05%)
-        РР: безопасный 1к0.27  рисковый 1к1.60  (стандарт курса 1к3)
-        событие: прокол с бара 655, глубина 0.19%, полных тел 0
-  ЛОНГ  5м  ПОК 1857  зона 1853.96…1862.87  объём 427586.67  активен
-        границы 1852.55…1863.55  вход: лимитки на ПОК и зону (стр. 30)  по тренду (1Н)
-        стоп безопасный 1834.0245…1796.9735  рисковый 1852.55  один ордер
-        цель 1865 (15м, 0.43%)
-        цель 1871.1 (5м, 0.76%)
-        цель 1874.32 (15м, 0.93%)
-        цель 1880 (1ч, 1.24%)
-        цель 1885 (5м, 1.51%)
-        цель 1890 (15м, 1.78%)
-        цель 1900 (15м, 2.32%)
-        цель 1920 (1ч, 3.39%)
-        цель 1930 (15м, 3.93%)
-        цель 1950 (1ч, 5.01%)
-        цель 1965 (15м, 5.82%)
-        цель 2075 (4ч, 11.74%)
-        цель 2330 (4ч, 25.47%)
-        цель 2330 (1Д, 25.47%)
-        РР: безопасный 1к0.13  рисковый 1к1.80  (стандарт курса 1к3)
-  ЛОНГ  5м  ПОК 1866.87  зона 1865.7…1868.2  объём 72436.82  флипнут
-        границы 1865.39…1870.7  вход: по ретесту с обратной стороны, в другую сторону (стр. 43)  по тренду (1Н)
-        стоп безопасный 1846.7361…1809.4283  рисковый 1865.39  один ордер
-        цель 1871.1 (5м, 0.23%)
-        цель 1874.32 (15м, 0.40%)
-        цель 1880 (1ч, 0.70%)
-        цель 1885 (5м, 0.97%)
-        цель 1890 (15м, 1.24%)
-        цель 1900 (15м, 1.77%)
-        цель 1920 (1ч, 2.85%)
-        цель 1930 (15м, 3.38%)
-        цель 1950 (1ч, 4.45%)
-        цель 1965 (15м, 5.26%)
-        цель 2075 (4ч, 11.15%)
-        цель 2330 (4ч, 24.81%)
-        цель 2330 (1Д, 24.81%)
-        РР: безопасный 1к0.07  рисковый 1к2.86  (стандарт курса 1к3)
-        событие: пробой с бара 730, глубина 0.42%, полных тел 2
-  ШОРТ  5м  ПОК 1870  зона 1868.78…1877  объём 380245.63  флипнут
-        границы 1867.18…1881.72  вход: по ретесту с обратной стороны, в другую сторону (стр. 43)  ПРОТИВ тренда (1Н)
-        стоп безопасный 1900.5372…1938.1716  рисковый 1881.72  один ордер
-        цель 1860 (15м, 0.53%)
-        цель 1857 (5м, 0.70%)
-        цель 1842 (5м, 1.50%)
-        цель 1795 (1ч, 4.01%)
-        цель 1790 (4ч, 4.28%)
-        цель 1785 (1ч, 4.55%)
-        цель 1745 (1ч, 6.68%)
-        цель 1725 (1ч, 7.75%)
-        цель 1703 (1ч, 8.93%)
-        цель 1580 (1ч, 15.51%)
-        цель 1580 (4ч, 15.51%)
-        цель 1580 (1Д, 15.51%)
-        РР: безопасный 1к0.15  рисковый 1к0.85  (стандарт курса 1к3)
-        событие: пробой с бара 739, глубина 0.27%, полных тел 2
-  ЛОНГ  5м  ПОК 1875  зона 1866.59…1875.5  объём 687570.76  флипнут
-        границы 1857.38…1874.97  вход: по ретесту с обратной стороны, в другую сторону (стр. 43)  по тренду (1Н)
-        стоп безопасный 1838.8062…1801.6586  рисковый 1857.38  один ордер
-        цель 1885 (5м, 0.53%)
-        цель 1890 (15м, 0.80%)
-        цель 1900 (15м, 1.33%)
-        цель 1920 (1ч, 2.40%)
-        цель 1930 (15м, 2.93%)
-        цель 1950 (1ч, 4.00%)
-        цель 1965 (15м, 4.80%)
-        цель 2075 (4ч, 10.67%)
-        цель 2330 (4ч, 24.27%)
-        цель 2330 (1Д, 24.27%)
-        РР: безопасный 1к0.14  рисковый 1к0.57  (стандарт курса 1к3)
-        событие: пробой с бара 788, глубина 0.13%, полных тел 2
-  ШОРТ  5м  ПОК 1866  зона 1865.31…1877.63  объём 225873.5  флипнут
-        границы 1872.65…1880.43  вход: по ретесту с обратной стороны, в другую сторону (стр. 43)  ПРОТИВ тренда (1Н)
-        стоп безопасный 1899.2343…1936.8429  рисковый 1880.43  один ордер
-        цель 1860 (15м, 0.32%)
-        цель 1857 (5м, 0.48%)
-        цель 1842 (5м, 1.29%)
-        цель 1795 (1ч, 3.80%)
-        цель 1790 (4ч, 4.07%)
-        цель 1785 (1ч, 4.34%)
-        цель 1745 (1ч, 6.48%)
-        цель 1725 (1ч, 7.56%)
-        цель 1703 (1ч, 8.74%)
-        цель 1580 (1ч, 15.33%)
-        цель 1580 (4ч, 15.33%)
-        цель 1580 (1Д, 15.33%)
-        РР: безопасный 1к0.08  рисковый 1к0.42  (стандарт курса 1к3)
-        событие: пробой с бара 811, глубина 0.48%, полных тел 2
-  ШОРТ  5м  ПОК 1880  зона 1872.95…1880.8  объём 174154.07  активен
-        границы 1871.23…1879.11  вход: лимитки на ПОК и зону (стр. 30)  ПРОТИВ тренда (1Н)
-        стоп безопасный 1897.9011…1935.4833  рисковый 1879.11  один ордер
-        цель 1874 (15м, 0.32%)
-        цель 1860 (15м, 1.06%)
-        цель 1857 (5м, 1.22%)
-        цель 1842 (5м, 2.02%)
-        цель 1795 (1ч, 4.52%)
-        цель 1790 (4ч, 4.79%)
-        цель 1785 (1ч, 5.05%)
-        цель 1745 (1ч, 7.18%)
-        цель 1725 (1ч, 8.24%)
-        цель 1703 (1ч, 9.41%)
-        цель 1580 (1ч, 15.96%)
-        цель 1580 (4ч, 15.96%)
-        цель 1580 (1Д, 15.96%)
-        РР: безопасный 1к0.11  рисковый 1к6.74  (стандарт курса 1к3)
-  ЛОНГ 15м  ПОК 1890  зона 1880.79…1890.03  объём 758910.71  флипнут
-        границы 1877.24…1888.67  вход: по ретесту с обратной стороны, в другую сторону (стр. 43)  по тренду (1Н)
-        стоп безопасный 1858.4676…1820.9228  рисковый 1877.24  один ордер
-        цель 1925 (1ч, 1.85%)
-        цель 1975 (4ч, 4.50%)
-        цель 2075 (4ч, 9.79%)
-        цель 2330 (4ч, 23.28%)
-        цель 2330 (1Д, 23.28%)
-        РР: безопасный 1к0.51  рисковый 1к2.74  (стандарт курса 1к3)
-        событие: пробой с бара 179, глубина 0.69%, полных тел 2
-  ЛОНГ 15м  ПОК 1915  зона 1909.56…1923.91  объём 916007.15  флипнут
-        границы 1909.81…1927.9  вход: по ретесту с обратной стороны, в другую сторону (стр. 43)  по тренду (1Н)
-        стоп безопасный 1890.7119…1852.5157  рисковый 1909.81  один ордер
-        цель 1975 (4ч, 3.13%)
-        цель 2075 (4ч, 8.36%)
-        цель 2330 (4ч, 21.67%)
-        цель 2330 (1Д, 21.67%)
-        РР: безопасный 1к0.96  рисковый 1к11.56  (стандарт курса 1к3)
-        событие: пробой с бара 177, глубина 1.77%, полных тел 2
-  ЛОНГ 15м  ПОК 1950  зона 1941.79…1961.66  объём 1452970.73  отработан
-        границы 1938.53…1966.97  вход: только по слому структуры на младшем ТФ (стр. 31)  по тренду (1Н)
-        стоп безопасный 1919.1447…1880.3741  рисковый 1938.53  один ордер
-        цель 1975 (4ч, 1.28%)
-        цель 2075 (4ч, 6.41%)
-        цель 2330 (4ч, 19.49%)
-        цель 2330 (1Д, 19.49%)
-        РР: безопасный 1к0.36  рисковый 1к2.18  (стандарт курса 1к3)
-        событие: прокол с бара 136, глубина 0.42%, полных тел 0
-  ШОРТ 15м  ПОК 1965  зона 1960.96…1970.55  объём 642922.52  активен
-        границы 1955.46…1972.56  вход: лимитки на ПОК и зону (стр. 30)  ПРОТИВ тренда (1Н)
-        стоп безопасный 1992.2856…2031.7368  рисковый 1972.56  один ордер
-        цель 1950 (15м, 0.76%)
-        цель 1915 (15м, 2.54%)
-        цель 1890 (15м, 3.82%)
-        цель 1890 (1ч, 3.82%)
-        цель 1880 (4ч, 4.33%)
-        цель 1870 (1ч, 4.83%)
-        цель 1840 (1ч, 6.36%)
-        цель 1795 (1ч, 8.65%)
-        цель 1790 (4ч, 8.91%)
-        цель 1785 (1ч, 9.16%)
-        цель 1745 (1ч, 11.20%)
-        цель 1725 (1ч, 12.21%)
-        цель 1703 (1ч, 13.33%)
-        цель 1580 (1ч, 19.59%)
-        цель 1580 (4ч, 19.59%)
-        цель 1580 (1Д, 19.59%)
-        РР: безопасный 1к0.22  рисковый 1к1.98  (стандарт курса 1к3)
-        событие: курс вердикта не даёт с бара 141, глубина 0.64%, полных тел 0
-  ЛОНГ 15м  ПОК 1928  зона 1924.94…1941.35  объём 591604.97  флипнут
-        границы 1921.43…1946.12  вход: по ретесту с обратной стороны, в другую сторону (стр. 43)  по тренду (1Н)
-        стоп безопасный 1902.2157…1863.7871  рисковый 1921.43  один ордер
-        цель 1965 (15м, 1.92%)
-        цель 2075 (4ч, 7.62%)
-        цель 2330 (4ч, 20.85%)
-        цель 2330 (1Д, 20.85%)
-        РР: безопасный 1к0.58  рисковый 1к5.63  (стандарт курса 1к3)
-        событие: пробой с бара 176, глубина 2.43%, полных тел 2
-  ШОРТ 15м  ПОК 1890  зона 1875.25…1915.46  объём 1149291.86  активен
-        границы 1881.16…1954.48  вход: лимитки на ПОК и зону (стр. 30)  ПРОТИВ тренда (1Н)
-        стоп безопасный 1974.0248…2013.1144  рисковый 1954.48  один ордер
-        цель 1880 (4ч, 0.53%)
-        цель 1870 (1ч, 1.06%)
-        цель 1840 (1ч, 2.65%)
-        цель 1795 (1ч, 5.03%)
-        цель 1790 (4ч, 5.29%)
-        цель 1785 (1ч, 5.56%)
-        цель 1745 (1ч, 7.67%)
-        цель 1725 (1ч, 8.73%)
-        цель 1703 (1ч, 9.89%)
-        цель 1580 (1ч, 16.40%)
-        цель 1580 (4ч, 16.40%)
-        цель 1580 (1Д, 16.40%)
-        РР: безопасный 1к0.08  рисковый 1к0.16  (стандарт курса 1к3)
-        событие: курс вердикта не даёт с бара 234, глубина 0.31%, полных тел 1
-  ЛОНГ 15м  ПОК 1874  зона 1872.87…1882.01  объём 652479.96  активен
-        границы 1865…1881.72  вход: лимитки на ПОК и зону (стр. 30)  по тренду (1Н)
-        стоп безопасный 1846.35…1809.05  рисковый 1865  один ордер
-        цель 1890 (15м, 0.85%)
-        цель 1950 (1ч, 4.06%)
-        цель 1965 (15м, 4.86%)
-        цель 2075 (4ч, 10.73%)
-        цель 2330 (4ч, 24.33%)
-        цель 2330 (1Д, 24.33%)
-        РР: безопасный 1к0.25  рисковый 1к1.78  (стандарт курса 1к3)
-        событие: курс вердикта не даёт с бара 222, глубина 0.08%, полных тел 0
-  ШОРТ 15м  ПОК 1880  зона 1878.68…1885.32  объём 351510.32  отработан
-        границы 1877.46…1888.08  вход: только по слому структуры на младшем ТФ (стр. 31)  ПРОТИВ тренда (1Н)
-        стоп безопасный 1906.9608…1944.7224  рисковый 1888.08  один ордер
-        цель 1874 (15м, 0.32%)
-        цель 1840 (1ч, 2.13%)
-        цель 1795 (1ч, 4.52%)
-        цель 1790 (4ч, 4.79%)
-        цель 1785 (1ч, 5.05%)
-        цель 1745 (1ч, 7.18%)
-        цель 1725 (1ч, 8.24%)
-        цель 1703 (1ч, 9.41%)
-        цель 1580 (1ч, 15.96%)
-        цель 1580 (4ч, 15.96%)
-        цель 1580 (1Д, 15.96%)
-        РР: безопасный 1к0.09  рисковый 1к0.74  (стандарт курса 1к3)
-        событие: прокол с бара 228, глубина 0.08%, полных тел 0
-  ЛОНГ 15м  ПОК 1889  зона 1865.93…1892.5  объём 1837863.75  отработан
-        границы 1870.66…1895.82  вход: только по слому структуры на младшем ТФ (стр. 31)  по тренду (1Н)
-        стоп безопасный 1851.9534…1814.5402  рисковый 1870.66  один ордер
-        цель 1890 (15м, 0.05%)
-        цель 1950 (1ч, 3.23%)
-        цель 1965 (15м, 4.02%)
-        цель 2075 (4ч, 9.85%)
-        цель 2330 (4ч, 23.35%)
-        цель 2330 (1Д, 23.35%)
-        РР: безопасный 1к0.01  рисковый 1к0.05  (стандарт курса 1к3)
-        событие: прокол с бара 295, глубина 0.30%, полных тел 0
-  ШОРТ 15м  ПОК 1904.4  зона 1902.14…1920.58  объём 899081.25  флипнут
-        границы 1899.2…1928.9  вход: по ретесту с обратной стороны, в другую сторону (стр. 43)  ПРОТИВ тренда (1Н)
-        стоп безопасный 1948.189…1986.767  рисковый 1928.9  один ордер
-        цель 1889 (15м, 0.81%)
-        цель 1880 (4ч, 1.28%)
-        цель 1874 (15м, 1.60%)
-        цель 1840 (1ч, 3.38%)
-        цель 1795 (1ч, 5.74%)
-        цель 1790 (4ч, 6.01%)
-        цель 1785 (1ч, 6.27%)
-        цель 1745 (1ч, 8.37%)
-        цель 1725 (1ч, 9.42%)
-        цель 1703 (1ч, 10.58%)
-        цель 1580 (1ч, 17.03%)
-        цель 1580 (4ч, 17.03%)
-        цель 1580 (1Д, 17.03%)
-        РР: безопасный 1к0.19  рисковый 1к0.63  (стандарт курса 1к3)
-        событие: пробой с бара 297, глубина 0.29%, полных тел 2
-  ЛОНГ 15м  ПОК 1920  зона 1896.55…1922.02  объём 5535051.43  отработан
-        границы 1883.38…1921.3  вход: только по слому структуры на младшем ТФ (стр. 31)  по тренду (1Н)
-        стоп безопасный 1864.5462…1826.8786  рисковый 1883.38  один ордер
-        цель 1950 (1ч, 1.56%)
-        цель 1965 (15м, 2.34%)
-        цель 2075 (4ч, 8.07%)
-        цель 2330 (4ч, 21.35%)
-        цель 2330 (1Д, 21.35%)
-        РР: безопасный 1к0.32  рисковый 1к0.82  (стандарт курса 1к3)
-        событие: прокол с бара 425, глубина 0.06%, полных тел 0
-  ШОРТ 15м  ПОК 1930  зона 1918.66…1934.55  объём 2141316.39  активен
-        границы 1916.1…1936.52  вход: лимитки на ПОК и зону (стр. 30)  ПРОТИВ тренда (1Н)
-        стоп безопасный 1955.8852…1994.6156  рисковый 1936.52  один ордер
-        цель 1880 (4ч, 2.59%)
-        цель 1874 (15м, 2.90%)
-        цель 1840 (1ч, 4.66%)
-        цель 1795 (1ч, 6.99%)
-        цель 1790 (4ч, 7.25%)
-        цель 1785 (1ч, 7.51%)
-        цель 1745 (1ч, 9.59%)
-        цель 1725 (1ч, 10.62%)
-        цель 1703 (1ч, 11.76%)
-        цель 1580 (1ч, 18.13%)
-        цель 1580 (4ч, 18.13%)
-        цель 1580 (1Д, 18.13%)
-        РР: безопасный 1к0.77  рисковый 1к7.67  (стандарт курса 1к3)
-  ШОРТ 15м  ПОК 1900  зона 1899.57…1908.25  объём 457023.42  активен
-        границы 1898.16…1910.63  вход: лимитки на ПОК и зону (стр. 30)  ПРОТИВ тренда (1Н)
-        стоп безопасный 1929.7363…1967.9489  рисковый 1910.63  один ордер
-        цель 1880 (4ч, 1.05%)
-        цель 1874 (15м, 1.37%)
-        цель 1840 (1ч, 3.16%)
-        цель 1795 (1ч, 5.53%)
-        цель 1790 (4ч, 5.79%)
-        цель 1785 (1ч, 6.05%)
-        цель 1745 (1ч, 8.16%)
-        цель 1725 (1ч, 9.21%)
-        цель 1703 (1ч, 10.37%)
-        цель 1580 (1ч, 16.84%)
-        цель 1580 (4ч, 16.84%)
-        цель 1580 (1Д, 16.84%)
-        РР: безопасный 1к0.29  рисковый 1к1.88  (стандарт курса 1к3)
-  ШОРТ 15м  ПОК 1888  зона 1880.5…1891.17  объём 1061443.87  флипнут
-        границы 1876.68…1892.21  вход: по ретесту с обратной стороны, в другую сторону (стр. 43)  ПРОТИВ тренда (1Н)
-        стоп безопасный 1911.1321…1948.9763  рисковый 1892.21  один ордер
-        цель 1880 (4ч, 0.42%)
-        цель 1874 (15м, 0.74%)
-        цель 1840 (1ч, 2.54%)
-        цель 1795 (1ч, 4.93%)
-        цель 1790 (4ч, 5.19%)
-        цель 1785 (1ч, 5.46%)
-        цель 1745 (1ч, 7.57%)
-        цель 1725 (1ч, 8.63%)
-        цель 1703 (1ч, 9.80%)
-        цель 1580 (1ч, 16.31%)
-        цель 1580 (4ч, 16.31%)
-        цель 1580 (1Д, 16.31%)
-        РР: безопасный 1к0.13  рисковый 1к1.90  (стандарт курса 1к3)
-        событие: пробой с бара 749, глубина 0.56%, полных тел 2
-  ЛОНГ 15м  ПОК 1860  зона 1857.5…1867.27  объём 1144657.09  отработан
-        границы 1847.28…1866.5  вход: только по слому структуры на младшем ТФ (стр. 31)  по тренду (1Н)
-        стоп безопасный 1828.8072…1791.8616  рисковый 1847.28  один ордер
-        цель 1888 (15м, 1.51%)
-        цель 1890 (15м, 1.61%)
-        цель 1900 (15м, 2.15%)
-        цель 1930 (15м, 3.76%)
-        цель 1950 (1ч, 4.84%)
-        цель 1965 (15м, 5.65%)
-        цель 2075 (4ч, 11.56%)
-        цель 2330 (4ч, 25.27%)
-        цель 2330 (1Д, 25.27%)
-        РР: безопасный 1к0.41  рисковый 1к2.20  (стандарт курса 1к3)
-        событие: прокол с бара 555, глубина 0.08%, полных тел 0
-  ШОРТ 15м  ПОК 1874.32  зона 1866.23…1875.88  объём 251432.86  активен
-        границы 1864.14…1877.4  вход: лимитки на ПОК и зону (стр. 30)  ПРОТИВ тренда (1Н)
-        стоп безопасный 1896.174…1933.722  рисковый 1877.4  один ордер
-        цель 1874 (15м, 0.02%)
-        цель 1840 (1ч, 1.83%)
-        цель 1795 (1ч, 4.23%)
-        цель 1790 (4ч, 4.50%)
-        цель 1785 (1ч, 4.77%)
-        цель 1745 (1ч, 6.90%)
-        цель 1725 (1ч, 7.97%)
-        цель 1703 (1ч, 9.14%)
-        цель 1580 (1ч, 15.70%)
-        цель 1580 (4ч, 15.70%)
-        цель 1580 (1Д, 15.70%)
-        РР: безопасный 1к0.01  рисковый 1к0.10  (стандарт курса 1к3)
-        событие: курс вердикта не даёт с бара 626, глубина 0.01%, полных тел 0
-  ЛОНГ 15м  ПОК 1862.64  зона 1860.3…1864.35  объём 196836.62  отработан
-        границы 1857.89…1864.58  вход: только по слому структуры на младшем ТФ (стр. 31)  по тренду (1Н)
-        стоп безопасный 1839.3111…1802.1533  рисковый 1857.89  один ордер
-        цель 1874.32 (15м, 0.63%)
-        цель 1888 (15м, 1.36%)
-        цель 1890 (15м, 1.47%)
-        цель 1900 (15м, 2.01%)
-        цель 1930 (15м, 3.62%)
-        цель 1950 (1ч, 4.69%)
-        цель 1965 (15м, 5.50%)
-        цель 2075 (4ч, 11.40%)
-        цель 2330 (4ч, 25.09%)
-        цель 2330 (1Д, 25.09%)
-        РР: безопасный 1к0.19  рисковый 1к2.46  (стандарт курса 1к3)
-        событие: прокол с бара 607, глубина 0.03%, полных тел 0
-  ЛОНГ 15м  ПОК 1869  зона 1866.18…1869.84  объём 463207.87  отработан
-        границы 1864.17…1869.73  вход: только по слому структуры на младшем ТФ (стр. 31)  по тренду (1Н)
-        стоп безопасный 1845.5283…1808.2449  рисковый 1864.17  один ордер
-        цель 1874.32 (15м, 0.28%)
-        цель 1888 (15м, 1.02%)
-        цель 1890 (15м, 1.12%)
-        цель 1900 (15м, 1.66%)
-        цель 1930 (15м, 3.26%)
-        цель 1950 (1ч, 4.33%)
-        цель 1965 (15м, 5.14%)
-        цель 2075 (4ч, 11.02%)
-        цель 2330 (4ч, 24.67%)
-        цель 2330 (1Д, 24.67%)
-        РР: безопасный 1к0.09  рисковый 1к1.10  (стандарт курса 1к3)
-        событие: прокол с бара 631, глубина 0.07%, полных тел 0
-  ЛОНГ 15м  ПОК 1840  зона 1821.04…1859.23  объём 1869542.77  отработан
-        границы 1820.61…1874.44  вход: только по слому структуры на младшем ТФ (стр. 31)  по тренду (1Н)
-        стоп безопасный 1802.4039…1765.9917  рисковый 1820.61  один ордер
-        цель 1874.32 (15м, 1.87%)
-        цель 1888 (15м, 2.61%)
-        цель 1890 (15м, 2.72%)
-        цель 1900 (15м, 3.26%)
-        цель 1920 (1ч, 4.35%)
-        цель 1930 (15м, 4.89%)
-        цель 1950 (1ч, 5.98%)
-        цель 1965 (15м, 6.79%)
-        цель 2075 (4ч, 12.77%)
-        цель 2330 (4ч, 26.63%)
-        цель 2330 (1Д, 26.63%)
-        РР: безопасный 1к0.46  рисковый 1к1.77  (стандарт курса 1к3)
-        событие: прокол с бара 788, глубина 0.08%, полных тел 0
-  ШОРТ 15м  ПОК 1875  зона 1865.64…1879.3  объём 523389.15  флипнут
-        границы 1861.46…1882.2  вход: по ретесту с обратной стороны, в другую сторону (стр. 43)  ПРОТИВ тренда (1Н)
-        стоп безопасный 1901.022…1938.666  рисковый 1882.2  один ордер
-        лестница 1865 · 1875  средняя при равных долях 1870
-        цель 1874 (15м, 0.05%)
-        цель 1840 (15м, 1.87%)
-        цель 1795 (1ч, 4.27%)
-        цель 1790 (4ч, 4.53%)
-        цель 1785 (1ч, 4.80%)
-        цель 1745 (1ч, 6.93%)
-        цель 1725 (1ч, 8.00%)
-        цель 1703 (1ч, 9.17%)
-        цель 1580 (1ч, 15.73%)
-        цель 1580 (4ч, 15.73%)
-        цель 1580 (1Д, 15.73%)
-        РР: безопасный 1к0.02  рисковый 1к0.14  (стандарт курса 1к3)
-        событие: пробой с бара 737, глубина 0.64%, полных тел 2
-  ЛОНГ 15м  ПОК 1855  зона 1852.73…1859.45  объём 472308.89  отработан
-        границы 1848.18…1859.81  вход: только по слому структуры на младшем ТФ (стр. 31)  по тренду (1Н)
-        стоп безопасный 1829.6982…1792.7346  рисковый 1848.18  один ордер
-        промежуточная 1865 (5м, 0.54%)
-        цель 1874.32 (15м, 1.04%)
-        цель 1875 (15м, 1.08%)
-        промежуточная 1877.89 (5м, 1.23%)
-        цель 1888 (15м, 1.78%)
-        цель 1890 (15м, 1.89%)
-        цель 1900 (15м, 2.43%)
-        цель 1920 (1ч, 3.50%)
-        цель 1930 (15м, 4.04%)
-        цель 1950 (1ч, 5.12%)
-        цель 1965 (15м, 5.93%)
-        цель 2075 (4ч, 11.86%)
-        цель 2330 (4ч, 25.61%)
-        цель 2330 (1Д, 25.61%)
-        РР: безопасный 1к0.31  рисковый 1к2.83  (стандарт курса 1к3)
+  ШОРТ  5м  ПОК 1843.9  зона 1840.05…1847.09  объём 334497.94  отработан
+        границы 1842.01…1846.82  вход: только по слому структуры на младшем ТФ (стр. 31)  ПРОТИВ тренда — курс допускает только хеджем при открытой позиции по тренду (стр. 47), и только под ПРИБЫЛЬНУЮ: стр. 11 — под убыточную сделку хедж не открывается никогда (1Н, держится на 2 экстремумах)
+        СДЕЛКИ НЕТ: отработан на первое касание — стр. 25 «мы этот уровень удаляем»; вход только по слому структуры на младшем ТФ (стр. 31)
+        накопление у уровня: конфигурация 2, под уровнем — вход курс рисует от ПОК нового накопления (стр. 28): 1827.18…1842.01; конфигурация 7, "пила" на уровне — выйти в бу и дождаться выхода (стр. 28): 1835.61…1846.61
+        сила по композиту (замена VRVP, стр. 22): зона 0 — 0.0% композита; окно композита — структура 1d
+        слом на младшем ТФ: младше этого ТФ рядов не собрано — слом проверить негде
+        событие: прокол с бара 391, глубина 0.03%, полных тел 0
+  ЛОНГ  5м  ПОК 1839.79  зона 1838.36…1850.84  объём 565675.11  флипнут
+        границы 1827.18…1842.01  вход: по ретесту с обратной стороны, в другую сторону (стр. 43)  по тренду (1Н, держится на 2 экстремумах)  граница от прежней структуры (стр. 40)
+        СДЕЛКИ НЕТ: пробит и флипнут — стр. 43 «Уровень лонг/шорт менятся для нас на противоположный»; вход по ретесту в ДРУГУЮ сторону
+        накопление у уровня: конфигурация 5, над уровнем (стр. 28): 1850.47…1869.86, 1848.23…1862.46; конфигурация 7, "пила" на уровне — выйти в бу и дождаться выхода (стр. 28): 1835.61…1846.61
+        сила по композиту (замена VRVP, стр. 22): зона 0 — 0.0% композита; окно композита — структура 1d
+        слом на младшем ТФ: младше этого ТФ рядов не собрано — слом проверить негде
+        событие: пробой с бара 420, глубина 0.23%, полных тел 2
+  ЛОНГ  5м  ПОК 1841.985  зона 1837.31…1845.64  объём 346368.35  активен
+        границы 1835.61…1846.61  вход: лимитки на ПОК и зону (стр. 30)  по тренду (1Н, держится на 2 экстремумах)
+        стоп 1824.61 — запас за структуру (стр. 33)  (0.94% от входа)  один ордер
+        цель 1855.005 (5м, 0.71%)
+        цель 1865.045 (5м, 1.25%)
+        цель 1872.785 (5м, 1.67%)
+        цель 1875.815 (1ч, 1.84%)
+        цель 1884.81 (15м, 2.32%)
+        цель 1888.585 (15м, 2.53%)
+        цель 1917.47 (1ч, 4.10%)
+        цель 1917.47 (4ч, 4.10%)
+        цель 1917.995 (15м, 4.13%)
+        цель 1918.11 (15м, 4.13%)
+        цель 1964.595 (1ч, 6.66%)
+        цель 2119.255 (4ч, 15.05%)
+        цель 2119.38 (4ч, 15.06%)
+        цель 2314.05 (4ч, 25.63%)
+        цель 2314.295 (1Д, 25.64%)
+        РР 1к0.75 до первой цели (стандарт курса 1к3)  НИЖЕ стандарта
+  ЛОНГ  5м  ПОК 1866.91  зона 1861.51…1871.11  объём 877432.02  отработан
+        границы 1850.47…1869.86  вход: только по слому структуры на младшем ТФ (стр. 31)  по тренду (1Н, держится на 2 экстремумах)
+        СДЕЛКИ НЕТ: отработан на первое касание — стр. 25 «мы этот уровень удаляем»; вход только по слому структуры на младшем ТФ (стр. 31)
+        накопление у уровня: конфигурация 2, под уровнем — вход курс рисует от ПОК нового накопления (стр. 28): 1848.23…1862.46, 1861.3…1866.53, 1863.52…1866.53, 1852.55…1863.52; конфигурация 5, над уровнем (стр. 28): 1870.7…1876.78, 1868…1880.8; конфигурация 7, "пила" на уровне — выйти в бу и дождаться выхода (стр. 28): 1866.53…1872.16, 1865.39…1870.7, 1857.8…1870.7, 1861…1877.14
+        сила по композиту (замена VRVP, стр. 22): зона 0 — 0.0% композита; окно композита — структура 1d
+        слом на младшем ТФ: младше этого ТФ рядов не собрано — слом проверить негде
+        событие: прокол с бара 498, глубина 0.02%, полных тел 0
+  ШОРТ  5м  ПОК 1871.055  зона 1867.15…1872.21  объём 212901.8  отработан
+        границы 1866.53…1872.16  вход: только по слому структуры на младшем ТФ (стр. 31)  ПРОТИВ тренда — курс допускает только хеджем при открытой позиции по тренду (стр. 47), и только под ПРИБЫЛЬНУЮ: стр. 11 — под убыточную сделку хедж не открывается никогда (1Н, держится на 2 экстремумах)  база в сужении (стр. 34), шагов 1
+        СДЕЛКИ НЕТ: отработан на первое касание — стр. 25 «мы этот уровень удаляем»; вход только по слому структуры на младшем ТФ (стр. 31)
+        накопление у уровня: конфигурация 2, под уровнем — вход курс рисует от ПОК нового накопления (стр. 28): 1865.39…1870.7, 1857.8…1870.7; конфигурация 5, над уровнем (стр. 28): 1871.23…1873.12; конфигурация 7, "пила" на уровне — выйти в бу и дождаться выхода (стр. 28): 1870.7…1876.78, 1861…1877.14, 1868…1880.8
+        сила по композиту (замена VRVP, стр. 22): зона 0 — 0.0% композита; окно композита — структура 1d
+        слом на младшем ТФ: младше этого ТФ рядов не собрано — слом проверить негде
+        событие: прокол с бара 596, глубина 0.01%, полных тел 0
+  ЛОНГ  5м  ПОК 1858.565  зона 1854.23…1862.73  объём 241730.19  флипнут
+        границы 1856.23…1858.84  вход: по ретесту с обратной стороны, в другую сторону (стр. 43)  по тренду (1Н, держится на 2 экстремумах)  база в сужении (стр. 34), шагов 5  граница от прежней структуры (стр. 40)
+        СДЕЛКИ НЕТ: пробит и флипнут — стр. 43 «Уровень лонг/шорт менятся для нас на противоположный»; вход по ретесту в ДРУГУЮ сторону
+        накопление у уровня: конфигурация 5, над уровнем (стр. 28): 1861.3…1866.53, 1861…1877.14; конфигурация 7, "пила" на уровне — выйти в бу и дождаться выхода (стр. 28): 1848.23…1862.46, 1852.55…1863.52, 1857.8…1870.7
+        сила по композиту (замена VRVP, стр. 22): зона 0 — 0.0% композита; окно композита — структура 1d
+        слом на младшем ТФ: младше этого ТФ рядов не собрано — слом проверить негде
+        событие: пробой с бара 567, глубина 0.22%, полных тел 2
+  ЛОНГ  5м  ПОК 1849.915  зона 1848.13…1859.26  объём 284427.85  активен
+        границы 1848.23…1862.46  вход: только по слому структуры на младшем ТФ (стр. 31)  по тренду (1Н, держится на 2 экстремумах)  база в сужении (стр. 34), шагов 1
+        СДЕЛКИ НЕТ: цена уже касалась уровня — стр. 25 «этот уровень становиться больше не актуальным»; вход со 2-3 касания только по слому структуры на младшем ТФ
+        накопление у уровня: конфигурация 5, над уровнем (стр. 28): 1852.55…1863.52, 1857.8…1870.7
+        сила по композиту (замена VRVP, стр. 22): зона 0 — 0.0% композита; окно композита — структура 1d
+        слом на младшем ТФ: младше этого ТФ рядов не собрано — слом проверить негде
+  ЛОНГ  5м  ПОК 1859.94  зона 1857.49…1865.89  объём 155428.36  флипнут
+        границы 1861.3…1866.53  вход: по ретесту с обратной стороны, в другую сторону (стр. 43)  по тренду (1Н, держится на 2 экстремумах)  база в сужении (стр. 34), шагов 1  граница от прежней структуры (стр. 40)
+        СДЕЛКИ НЕТ: пробит и флипнут — стр. 43 «Уровень лонг/шорт менятся для нас на противоположный»; вход по ретесту в ДРУГУЮ сторону
+        накопление у уровня: конфигурация 5, над уровнем (стр. 28): 1863.52…1866.53, 1865.39…1870.7, 1861…1877.14; конфигурация 7, "пила" на уровне — выйти в бу и дождаться выхода (стр. 28): 1852.55…1863.52, 1857.8…1870.7
+        сила по композиту (замена VRVP, стр. 22): зона 0 — 0.0% композита; окно композита — структура 1d
+        слом на младшем ТФ: младше этого ТФ рядов не собрано — слом проверить негде
+        событие: пробой с бара 644, глубина 0.31%, полных тел 2
+  ШОРТ  5м  ПОК 1864.95  зона 1861.26…1868.46  объём 145323.46  отработан
+        границы 1863.52…1866.53  вход: только по слому структуры на младшем ТФ (стр. 31)  ПРОТИВ тренда — курс допускает только хеджем при открытой позиции по тренду (стр. 47), и только под ПРИБЫЛЬНУЮ: стр. 11 — под убыточную сделку хедж не открывается никогда (1Н, держится на 2 экстремумах)  граница от прежней структуры (стр. 40)
+        СДЕЛКИ НЕТ: отработан на первое касание — стр. 25 «мы этот уровень удаляем»; вход только по слому структуры на младшем ТФ (стр. 31)
+        накопление у уровня: конфигурация 2, под уровнем — вход курс рисует от ПОК нового накопления (стр. 28): 1852.55…1863.52; конфигурация 5, над уровнем (стр. 28): 1865.39…1870.7, 1868…1880.8; конфигурация 7, "пила" на уровне — выйти в бу и дождаться выхода (стр. 28): 1857.8…1870.7, 1861…1877.14
+        сила по композиту (замена VRVP, стр. 22): зона 0 — 0.0% композита; окно композита — структура 1d
+        слом на младшем ТФ: младше этого ТФ рядов не собрано — слом проверить негде
+        событие: прокол с бара 661, глубина 0.02%, полных тел 0
+  ЛОНГ  5м  ПОК 1855.25  зона 1852.75…1861.55  объём 427586.67  активен
+        границы 1852.55…1863.52  вход: только по слому структуры на младшем ТФ (стр. 31)  по тренду (1Н, держится на 2 экстремумах)  граница от прежней структуры (стр. 40)
+        СДЕЛКИ НЕТ: цена уже касалась уровня — стр. 25 «этот уровень становиться больше не актуальным»; вход со 2-3 касания только по слому структуры на младшем ТФ
+        накопление у уровня: конфигурация 5, над уровнем (стр. 28): 1857.8…1870.7, 1861…1877.14
+        сила по композиту (замена VRVP, стр. 22): зона 0 — 0.0% композита; окно композита — структура 1d
+        слом на младшем ТФ: младше этого ТФ рядов не собрано — слом проверить негде
+  ЛОНГ  5м  ПОК 1866.785  зона 1865.75…1868.18  объём 72436.82  флипнут
+        границы 1865.39…1870.7  вход: по ретесту с обратной стороны, в другую сторону (стр. 43)  по тренду (1Н, держится на 2 экстремумах)
+        СДЕЛКИ НЕТ: пробит и флипнут — стр. 43 «Уровень лонг/шорт менятся для нас на противоположный»; вход по ретесту в ДРУГУЮ сторону
+        накопление у уровня: конфигурация 5, над уровнем (стр. 28): 1868…1880.8; конфигурация 7, "пила" на уровне — выйти в бу и дождаться выхода (стр. 28): 1857.8…1870.7, 1861…1877.14
+        сила по композиту (замена VRVP, стр. 22): зона 0 — 0.0% композита; окно композита — структура 1d
+        слом на младшем ТФ: младше этого ТФ рядов не собрано — слом проверить негде
+        событие: пробой с бара 730, глубина 0.41%, полных тел 2
+  ШОРТ  5м  ПОК 1875.955  зона 1869.58…1877.83  объём 236788.63  отработан
+        границы 1870.7…1876.78  вход: только по слому структуры на младшем ТФ (стр. 31)  ПРОТИВ тренда — курс допускает только хеджем при открытой позиции по тренду (стр. 47), и только под ПРИБЫЛЬНУЮ: стр. 11 — под убыточную сделку хедж не открывается никогда (1Н, держится на 2 экстремумах)  база в сужении (стр. 34), шагов 1  граница от прежней структуры (стр. 40)
+        СДЕЛКИ НЕТ: отработан на первое касание — стр. 25 «мы этот уровень удаляем»; вход только по слому структуры на младшем ТФ (стр. 31)
+        накопление у уровня: конфигурация 2, под уровнем — вход курс рисует от ПОК нового накопления (стр. 28): 1857.8…1870.7, 1871.23…1873.12; конфигурация 7, "пила" на уровне — выйти в бу и дождаться выхода (стр. 28): 1861…1877.14, 1872.65…1880.43, 1868…1880.8
+        сила по композиту (замена VRVP, стр. 22): зона 0 — 0.0% композита; окно композита — структура 1d
+        слом на младшем ТФ: младше этого ТФ рядов не собрано — слом проверить негде
+        событие: прокол с бара 754, глубина 0.06%, полных тел 0
+  ЛОНГ  5м  ПОК 1863.95  зона 1859…1869.98  объём 366324.85  отработан
+        границы 1857.8…1870.7  вход: только по слому структуры на младшем ТФ (стр. 31)  по тренду (1Н, держится на 2 экстремумах)  база в сужении (стр. 34), шагов 1  граница от прежней структуры (стр. 40)
+        СДЕЛКИ НЕТ: отработан на первое касание — стр. 25 «мы этот уровень удаляем»; вход только по слому структуры на младшем ТФ (стр. 31)
+        накопление у уровня: конфигурация 5, над уровнем (стр. 28): 1868…1880.8; конфигурация 7, "пила" на уровне — выйти в бу и дождаться выхода (стр. 28): 1861…1877.14
+        сила по композиту (замена VRVP, стр. 22): зона 0 — 0.0% композита; окно композита — структура 1d
+        слом на младшем ТФ: младше этого ТФ рядов не собрано — слом проверить негде
+        событие: прокол с бара 751, глубина 0.16%, полных тел 0
+  ЛОНГ  5м  ПОК 1874.965  зона 1867.65…1875.63  объём 472995.09  флипнут
+        границы 1861…1877.14  вход: по ретесту с обратной стороны, в другую сторону (стр. 43)  по тренду (1Н, держится на 2 экстремумах)
+        СДЕЛКИ НЕТ: пробит и флипнут — стр. 43 «Уровень лонг/шорт менятся для нас на противоположный»; вход по ретесту в ДРУГУЮ сторону
+        накопление у уровня: конфигурация 2, под уровнем — вход курс рисует от ПОК нового накопления (стр. 28): 1871.23…1873.12; конфигурация 7, "пила" на уровне — выйти в бу и дождаться выхода (стр. 28): 1872.65…1880.43, 1868…1880.8
+        сила по композиту (замена VRVP, стр. 22): зона 0 — 0.0% композита; окно композита — структура 1d
+        слом на младшем ТФ: младше этого ТФ рядов не собрано — слом проверить негде
+        событие: пробой с бара 788, глубина 0.12%, полных тел 2
+  ШОРТ  5м  ПОК 1874.03  зона 1872.35…1878.91  объём 225873.5  флипнут
+        границы 1872.65…1880.43  вход: по ретесту с обратной стороны, в другую сторону (стр. 43)  ПРОТИВ тренда — курс допускает только хеджем при открытой позиции по тренду (стр. 47), и только под ПРИБЫЛЬНУЮ: стр. 11 — под убыточную сделку хедж не открывается никогда (1Н, держится на 2 экстремумах)
+        СДЕЛКИ НЕТ: пробит и флипнут — стр. 43 «Уровень лонг/шорт менятся для нас на противоположный»; вход по ретесту в ДРУГУЮ сторону
+        накопление у уровня: конфигурация 2, под уровнем — вход курс рисует от ПОК нового накопления (стр. 28): 1871.23…1873.12; конфигурация 7, "пила" на уровне — выйти в бу и дождаться выхода (стр. 28): 1868…1880.8
+        сила по композиту (замена VRVP, стр. 22): зона 0 — 0.0% композита; окно композита — структура 1d
+        слом на младшем ТФ: младше этого ТФ рядов не собрано — слом проверить негде
+        событие: пробой с бара 812, глубина 0.27%, полных тел 2
+  ЛОНГ  5м  ПОК 1874.76  зона 1869.3…1876.02  объём 99971.33  флипнут
+        границы 1871.23…1873.12  вход: по ретесту с обратной стороны, в другую сторону (стр. 43)  по тренду (1Н, держится на 2 экстремумах)  база в сужении (стр. 34), шагов 1
+        СДЕЛКИ НЕТ: пробит и флипнут — стр. 43 «Уровень лонг/шорт менятся для нас на противоположный»; вход по ретесту в ДРУГУЮ сторону
+        накопление у уровня: конфигурация 7, "пила" на уровне — выйти в бу и дождаться выхода (стр. 28): 1868…1880.8
+        сила по композиту (замена VRVP, стр. 22): зона 0 — 0.0% композита; окно композита — структура 1d
+        слом на младшем ТФ: младше этого ТФ рядов не собрано — слом проверить негде
+        событие: пробой с бара 837, глубина 0.07%, полных тел 2
+  ЛОНГ 15м  ПОК 1883.015  зона 1878.92…1887.11  объём 758910.71  отработан
+        границы 1877.24…1888.67  вход: только по слому структуры на младшем ТФ (стр. 31)  по тренду (1Н, держится на 2 экстремумах)
+        СДЕЛКИ НЕТ: отработан на первое касание — стр. 25 «мы этот уровень удаляем»; вход только по слому структуры на младшем ТФ (стр. 31)
+        накопление у уровня: конфигурация 2, под уровнем — вход курс рисует от ПОК нового накопления (стр. 28): 1871.81…1881.16; конфигурация 5, над уровнем (стр. 28): 1886.28…1892.21; конфигурация 7, "пила" на уровне — выйти в бу и дождаться выхода (стр. 28): 1881.16…1954.48, 1879.18…1884.81, 1870.66…1895.82, 1876.68…1889.72, 1859.81…1885.16
+        сила по композиту (замена VRVP, стр. 22): зона 0 — 0.0% композита; окно композита — структура 1d
+        слом на младшем ТФ: слом на 5m подтверждён, зона ПП 1871.56…1872.25, теста ещё не было
+        событие: прокол с бара 179, глубина 0.10%, полных тел 0
+  ЛОНГ 15м  ПОК 1914.015  зона 1908.89…1918.39  объём 690149.5  флипнут
+        границы 1909.81…1917.45  вход: по ретесту с обратной стороны, в другую сторону (стр. 43)  по тренду (1Н, держится на 2 экстремумах)
+        СДЕЛКИ НЕТ: пробит и флипнут — стр. 43 «Уровень лонг/шорт менятся для нас на противоположный»; вход по ретесту в ДРУГУЮ сторону
+        накопление у уровня: конфигурация 7, "пила" на уровне — выйти в бу и дождаться выхода (стр. 28): 1881.16…1954.48, 1895.82…1928.31, 1895.82…1924.11
+        сила по композиту (замена VRVP, стр. 22): зона 0 — 0.0% композита; окно композита — структура 1d
+        слом на младшем ТФ: слом на 5m подтверждён, зона ПП 1871.56…1872.25, теста ещё не было
+        событие: пробой с бара 177, глубина 1.72%, полных тел 2
+  ЛОНГ 15м  ПОК 1953.385  зона 1941.87…1961.14  объём 1452970.73  активен
+        границы 1935.29…1966.97  вход: только по слому структуры на младшем ТФ (стр. 31)  по тренду (1Н, держится на 2 экстремумах)
+        СДЕЛКИ НЕТ: цена уже касалась уровня — стр. 25 «этот уровень становиться больше не актуальным»; вход со 2-3 касания только по слому структуры на младшем ТФ
+        накопление у уровня: конфигурация 2, под уровнем — вход курс рисует от ПОК нового накопления (стр. 28): 1921.43…1946.12; конфигурация 5, над уровнем (стр. 28): 1955.46…1972.56; конфигурация 7, "пила" на уровне — выйти в бу и дождаться выхода (стр. 28): 1941.8…1955.46, 1881.16…1954.48
+        сила по композиту (замена VRVP, стр. 22): зона 0 — 0.0% композита; окно композита — структура 1d
+        слом на младшем ТФ: слом на 5m подтверждён, зона ПП 1871.56…1872.25, теста ещё не было
+        событие: курс вердикта не даёт с бара 136, глубина 0.59%, полных тел 1
+  ШОРТ 15м  ПОК 1964.895  зона 1961.02…1970.32  объём 642922.52  отработан
+        границы 1955.46…1972.56  вход: только по слому структуры на младшем ТФ (стр. 31)  ПРОТИВ тренда — курс допускает только хеджем при открытой позиции по тренду (стр. 47), и только под ПРИБЫЛЬНУЮ: стр. 11 — под убыточную сделку хедж не открывается никогда (1Н, держится на 2 экстремумах)
+        СДЕЛКИ НЕТ: отработан на первое касание — стр. 25 «мы этот уровень удаляем»; вход только по слому структуры на младшем ТФ (стр. 31)
+        сила по композиту (замена VRVP, стр. 22): зона 0 — 0.0% композита; окно композита — структура 1d
+        слом на младшем ТФ: слом на 5m подтверждён, зона ПП 1868…1869.64, тест был
+        событие: прокол с бара 141, глубина 0.65%, полных тел 0
+  ШОРТ 15м  ПОК 1929  зона 1918.5…1956.3  объём 1442810.54  флипнут
+        границы 1941.8…1955.46  вход: по ретесту с обратной стороны, в другую сторону (стр. 43)  ПРОТИВ тренда — курс допускает только хеджем при открытой позиции по тренду (стр. 47), и только под ПРИБЫЛЬНУЮ: стр. 11 — под убыточную сделку хедж не открывается никогда (1Н, держится на 2 экстремумах)  граница от прежней структуры (стр. 40)
+        СДЕЛКИ НЕТ: пробит и флипнут — стр. 43 «Уровень лонг/шорт менятся для нас на противоположный»; вход по ретесту в ДРУГУЮ сторону
+        накопление у уровня: конфигурация 2, под уровнем — вход курс рисует от ПОК нового накопления (стр. 28): 1895.82…1928.31, 1895.82…1924.11; конфигурация 7, "пила" на уровне — выйти в бу и дождаться выхода (стр. 28): 1921.43…1946.12, 1881.16…1954.48
+        сила по композиту (замена VRVP, стр. 22): зона 0 — 0.0% композита; окно композита — структура 1d
+        слом на младшем ТФ: слом на 5m подтверждён, зона ПП 1868…1869.64, тест был
+        событие: пробой с бара 152, глубина 0.89%, полных тел 2
+  ЛОНГ 15м  ПОК 1942.055  зона 1933.97…1944.2  объём 479591.73  флипнут
+        границы 1921.43…1946.12  вход: по ретесту с обратной стороны, в другую сторону (стр. 43)  по тренду (1Н, держится на 2 экстремумах)
+        СДЕЛКИ НЕТ: пробит и флипнут — стр. 43 «Уровень лонг/шорт менятся для нас на противоположный»; вход по ретесту в ДРУГУЮ сторону
+        накопление у уровня: конфигурация 7, "пила" на уровне — выйти в бу и дождаться выхода (стр. 28): 1881.16…1954.48
+        сила по композиту (замена VRVP, стр. 22): зона 0 — 0.0% композита; окно композита — структура 1d
+        слом на младшем ТФ: слом на 5m подтверждён, зона ПП 1871.56…1872.25, теста ещё не было
+        событие: пробой с бара 173, глубина 0.41%, полных тел 2
+  ШОРТ 15м  ПОК 1888.585  зона 1875.68…1914.84  объём 1149291.86  активен
+        границы 1881.16…1954.48  вход: только по слому структуры на младшем ТФ (стр. 31)  ПРОТИВ тренда — курс допускает только хеджем при открытой позиции по тренду (стр. 47), и только под ПРИБЫЛЬНУЮ: стр. 11 — под убыточную сделку хедж не открывается никогда (1Н, держится на 2 экстремумах)
+        СДЕЛКИ НЕТ: цена уже касалась уровня — стр. 25 «этот уровень становиться больше не актуальным»; вход со 2-3 касания только по слому структуры на младшем ТФ
+        накопление у уровня: конфигурация 2, под уровнем — вход курс рисует от ПОК нового накопления (стр. 28): 1871.81…1881.16, 1879.18…1884.81, 1861.46…1878.86, 1859.81…1885.16; конфигурация 5, над уровнем (стр. 28): 1895.82…1928.31, 1895.82…1924.11; конфигурация 7, "пила" на уровне — выйти в бу и дождаться выхода (стр. 28): 1870.66…1895.82, 1886.28…1892.21, 1876.68…1889.72
+        сила по композиту (замена VRVP, стр. 22): зона 0 — 0.0% композита; окно композита — структура 1d
+        слом на младшем ТФ: слом на 5m подтверждён, зона ПП 1868…1869.64, тест был
+        событие: курс вердикта не даёт с бара 234, глубина 0.38%, полных тел 1
+  ЛОНГ 15м  ПОК 1878.08  зона 1873.4…1881.32  объём 601040.48  отработан
+        границы 1871.81…1881.16  вход: только по слому структуры на младшем ТФ (стр. 31)  по тренду (1Н, держится на 2 экстремумах)  база в сужении (стр. 34), шагов 1  граница от прежней структуры (стр. 40)
+        СДЕЛКИ НЕТ: отработан на первое касание — стр. 25 «мы этот уровень удаляем»; вход только по слому структуры на младшем ТФ (стр. 31)
+        накопление у уровня: конфигурация 5, над уровнем (стр. 28): 1879.18…1884.81; конфигурация 7, "пила" на уровне — выйти в бу и дождаться выхода (стр. 28): 1870.66…1895.82, 1876.68…1889.72, 1861.46…1878.86, 1859.81…1885.16
+        сила по композиту (замена VRVP, стр. 22): зона 0 — 0.0% композита; окно композита — структура 1d
+        слом на младшем ТФ: слом на 5m подтверждён, зона ПП 1871.56…1872.25, теста ещё не было
+        событие: прокол с бара 207, глубина 0.03%, полных тел 0
+  ШОРТ 15м  ПОК 1880.02  зона 1879.46…1886.18  объём 446173.27  отработан
+        границы 1879.18…1884.81  вход: только по слому структуры на младшем ТФ (стр. 31)  ПРОТИВ тренда — курс допускает только хеджем при открытой позиции по тренду (стр. 47), и только под ПРИБЫЛЬНУЮ: стр. 11 — под убыточную сделку хедж не открывается никогда (1Н, держится на 2 экстремумах)  база в сужении (стр. 34), шагов 2
+        СДЕЛКИ НЕТ: отработан на первое касание — стр. 25 «мы этот уровень удаляем»; вход только по слому структуры на младшем ТФ (стр. 31)
+        накопление у уровня: конфигурация 7, "пила" на уровне — выйти в бу и дождаться выхода (стр. 28): 1870.66…1895.82, 1876.68…1889.72, 1859.81…1885.16
+        сила по композиту (замена VRVP, стр. 22): зона 0 — 0.0% композита; окно композита — структура 1d
+        слом на младшем ТФ: слом на 5m подтверждён, зона ПП 1868…1869.64, тест был
+        событие: прокол с бара 228, глубина 0.07%, полных тел 0
+  ЛОНГ 15м  ПОК 1888.8  зона 1866.02…1892.54  объём 1837863.75  отработан
+        границы 1870.66…1895.82  вход: только по слому структуры на младшем ТФ (стр. 31)  по тренду (1Н, держится на 2 экстремумах)
+        СДЕЛКИ НЕТ: отработан на первое касание — стр. 25 «мы этот уровень удаляем»; вход только по слому структуры на младшем ТФ (стр. 31)
+        накопление у уровня: конфигурация 2, под уровнем — вход курс рисует от ПОК нового накопления (стр. 28): 1847.28…1873.14, 1861.46…1878.86, 1859.81…1885.16, 1859.16…1873.32, 1861.3…1866.41, 1852.55…1872.49; конфигурация 7, "пила" на уровне — выйти в бу и дождаться выхода (стр. 28): 1886.28…1892.21, 1876.68…1889.72
+        сила по композиту (замена VRVP, стр. 22): зона 0 — 0.0% композита; окно композита — структура 1d
+        слом на младшем ТФ: слом на 5m подтверждён, зона ПП 1871.56…1872.25, теста ещё не было
+        событие: прокол с бара 295, глубина 0.29%, полных тел 0
+  ШОРТ 15м  ПОК 1909.83  зона 1903.62…1922.94  объём 1811410.74  флипнут
+        границы 1895.82…1928.31  вход: по ретесту с обратной стороны, в другую сторону (стр. 43)  ПРОТИВ тренда — курс допускает только хеджем при открытой позиции по тренду (стр. 47), и только под ПРИБЫЛЬНУЮ: стр. 11 — под убыточную сделку хедж не открывается никогда (1Н, держится на 2 экстремумах)  граница от прежней структуры (стр. 40)
+        СДЕЛКИ НЕТ: пробит и флипнут — стр. 43 «Уровень лонг/шорт менятся для нас на противоположный»; вход по ретесту в ДРУГУЮ сторону
+        накопление у уровня: конфигурация 7, "пила" на уровне — выйти в бу и дождаться выхода (стр. 28): 1895.82…1924.11
+        сила по композиту (замена VRVP, стр. 22): зона 0 — 0.0% композита; окно композита — структура 1d
+        слом на младшем ТФ: слом на 5m подтверждён, зона ПП 1868…1869.64, тест был
+        событие: пробой с бара 300, глубина 0.24%, полных тел 2
+  ШОРТ 15м  ПОК 1917.995  зона 1901.44…1922.08  объём 1710976.88  активен
+        границы 1895.82…1924.11  вход: только по слому структуры на младшем ТФ (стр. 31)  ПРОТИВ тренда — курс допускает только хеджем при открытой позиции по тренду (стр. 47), и только под ПРИБЫЛЬНУЮ: стр. 11 — под убыточную сделку хедж не открывается никогда (1Н, держится на 2 экстремумах)  граница от прежней структуры (стр. 40)
+        СДЕЛКИ НЕТ: цена уже касалась уровня — стр. 25 «этот уровень становиться больше не актуальным»; вход со 2-3 касания только по слому структуры на младшем ТФ
+        сила по композиту (замена VRVP, стр. 22): зона 0 — 0.0% композита; окно композита — структура 1d
+        слом на младшем ТФ: слом на 5m подтверждён, зона ПП 1868…1869.64, тест был
+        событие: курс вердикта не даёт с бара 351, глубина 0.89%, полных тел 1
+  ШОРТ 15м  ПОК 1918.11  зона 1899.96…1927.02  объём 6759967.73  активен
+        границы 1886.28…1892.21  вход: лимитки на ПОК и зону (стр. 30)  ПРОТИВ тренда — курс допускает только хеджем при открытой позиции по тренду (стр. 47), и только под ПРИБЫЛЬНУЮ: стр. 11 — под убыточную сделку хедж не открывается никогда (1Н, держится на 2 экстремумах)  база в сужении (стр. 34), шагов 1
+        стоп 1982 — за стоповым объёмом либо проколом (стр. 18)  (3.33% от входа)  один ордер  якорь: лой/хай своего ТФ или ТФ−1
+        цель 1795.21 (1ч, 6.41%)
+        цель 1779.535 (1ч, 7.22%)
+        цель 1739.98 (1ч, 9.29%)
+        цель 1703.28 (1ч, 11.20%)
+        цель 1574.09 (1Д, 17.94%)
+        цель 1574 (1ч, 17.94%)
+        цель 1571.86 (4ч, 18.05%)
+        РР 1к1.92 до первой цели (стандарт курса 1к3)  НИЖЕ стандарта
+  ШОРТ 15м  ПОК 1876.89  зона 1874.58…1884.66  объём 662383.55  отработан
+        границы 1876.68…1889.72  вход: только по слому структуры на младшем ТФ (стр. 31)  ПРОТИВ тренда — курс допускает только хеджем при открытой позиции по тренду (стр. 47), и только под ПРИБЫЛЬНУЮ: стр. 11 — под убыточную сделку хедж не открывается никогда (1Н, держится на 2 экстремумах)
+        СДЕЛКИ НЕТ: отработан на первое касание — стр. 25 «мы этот уровень удаляем»; вход только по слому структуры на младшем ТФ (стр. 31)
+        накопление у уровня: конфигурация 7, "пила" на уровне — выйти в бу и дождаться выхода (стр. 28): 1861.46…1878.86, 1859.81…1885.16
+        сила по композиту (замена VRVP, стр. 22): зона 0 — 0.0% композита; окно композита — структура 1d
+        слом на младшем ТФ: слом на 5m подтверждён, зона ПП 1868…1869.64, тест был
+        событие: прокол с бара 542, глубина 0.03%, полных тел 0
+  ШОРТ 15м  ПОК 1863.075  зона 1857.09…1871.91  объём 2902945.12  флипнут
+        границы 1847.28…1873.14  вход: по ретесту с обратной стороны, в другую сторону (стр. 43)  ПРОТИВ тренда — курс допускает только хеджем при открытой позиции по тренду (стр. 47), и только под ПРИБЫЛЬНУЮ: стр. 11 — под убыточную сделку хедж не открывается никогда (1Н, держится на 2 экстремумах)
+        СДЕЛКИ НЕТ: пробит и флипнут — стр. 43 «Уровень лонг/шорт менятся для нас на противоположный»; вход по ретесту в ДРУГУЮ сторону
+        накопление у уровня: конфигурация 2, под уровнем — вход курс рисует от ПОК нового накопления (стр. 28): 1852.8…1859.81; конфигурация 7, "пила" на уровне — выйти в бу и дождаться выхода (стр. 28): 1861.46…1878.86, 1859.81…1885.16, 1859.16…1873.32, 1861.3…1866.41, 1852.55…1872.49
+        сила по композиту (замена VRVP, стр. 22): зона 0 — 0.0% композита; окно композита — структура 1d
+        слом на младшем ТФ: слом на 5m подтверждён, зона ПП 1868…1869.64, тест был
+        событие: пробой с бара 671, глубина 1.18%, полных тел 2
+  ЛОНГ 15м  ПОК 1836  зона 1832.39…1851.01  объём 707150.22  активен
+        границы 1820.61…1847.28  вход: только по слому структуры на младшем ТФ (стр. 31)  по тренду (1Н, держится на 2 экстремумах)  граница от прежней структуры (стр. 40)
+        СДЕЛКИ НЕТ: цена уже касалась уровня — стр. 25 «этот уровень становиться больше не актуальным»; вход со 2-3 касания только по слому структуры на младшем ТФ
+        накопление у уровня: конфигурация 5, над уровнем (стр. 28): 1839.02…1847.03
+        сила по композиту (замена VRVP, стр. 22): зона 0 — 0.0% композита; окно композита — структура 1d
+        слом на младшем ТФ: слом на 5m подтверждён, зона ПП 1871.56…1872.25, теста ещё не было
+        событие: курс вердикта не даёт с бара 792, глубина 0.48%, полных тел 1
+  ШОРТ 15м  ПОК 1876.115  зона 1865.94…1879.63  объём 1149429.47  флипнут
+        границы 1861.46…1878.86  вход: по ретесту с обратной стороны, в другую сторону (стр. 43)  ПРОТИВ тренда — курс допускает только хеджем при открытой позиции по тренду (стр. 47), и только под ПРИБЫЛЬНУЮ: стр. 11 — под убыточную сделку хедж не открывается никогда (1Н, держится на 2 экстремумах)
+        СДЕЛКИ НЕТ: пробит и флипнут — стр. 43 «Уровень лонг/шорт менятся для нас на противоположный»; вход по ретесту в ДРУГУЮ сторону
+        накопление у уровня: конфигурация 2, под уровнем — вход курс рисует от ПОК нового накопления (стр. 28): 1859.16…1873.32, 1861.3…1866.41, 1852.55…1872.49; конфигурация 7, "пила" на уровне — выйти в бу и дождаться выхода (стр. 28): 1859.81…1885.16
+        сила по композиту (замена VRVP, стр. 22): зона 0 — 0.0% композита; окно композита — структура 1d
+        слом на младшем ТФ: слом на 5m подтверждён, зона ПП 1868…1869.64, тест был
+        событие: пробой с бара 737, глубина 0.58%, полных тел 2
+  ЛОНГ 15м  ПОК 1855.065  зона 1852.94…1859.57  объём 472308.89  отработан
+        границы 1852.8…1859.81  вход: только по слому структуры на младшем ТФ (стр. 31)  по тренду (1Н, держится на 2 экстремумах)  база в сужении (стр. 34), шагов 1
+        СДЕЛКИ НЕТ: отработан на первое касание — стр. 25 «мы этот уровень удаляем»; вход только по слому структуры на младшем ТФ (стр. 31)
+        накопление у уровня: конфигурация 5, над уровнем (стр. 28): 1859.16…1873.32; конфигурация 7, "пила" на уровне — выйти в бу и дождаться выхода (стр. 28): 1852.55…1872.49
+        сила по композиту (замена VRVP, стр. 22): зона 0 — 0.0% композита; окно композита — структура 1d
+        слом на младшем ТФ: слом на 5m подтверждён, зона ПП 1871.56…1872.25, теста ещё не было
         событие: прокол с бара 774, глубина 0.27%, полных тел 0
-  ЛОНГ 15м  ПОК 1855  зона 1840.53…1859.69  объём 1969588.64  отработан
-        границы 1838.56…1862.22  вход: только по слому структуры на младшем ТФ (стр. 31)  по тренду (1Н)
-        стоп безопасный 1820.1744…1783.4032  рисковый 1838.56  один ордер
-        лестница 1842 · 1845 · 1855  средняя при равных долях 1847.33333333
-        промежуточная 1865 (5м, 0.54%)
-        промежуточная 1871.1 (5м, 0.87%)
-        цель 1874.32 (15м, 1.04%)
-        цель 1880 (1ч, 1.35%)
-        промежуточная 1885 (5м, 1.62%)
-        цель 1890 (15м, 1.89%)
-        цель 1900 (15м, 2.43%)
-        цель 1920 (1ч, 3.50%)
-        цель 1930 (15м, 4.04%)
-        цель 1950 (1ч, 5.12%)
-        цель 1965 (15м, 5.93%)
-        цель 2075 (4ч, 11.86%)
-        цель 2330 (4ч, 25.61%)
-        цель 2330 (1Д, 25.61%)
-        РР: безопасный 1к0.27  рисковый 1к1.18  (стандарт курса 1к3)
-        событие: прокол с бара 847, глубина 0.22%, полных тел 0
-  ШОРТ 15м  ПОК 1865  зона 1862.68…1871.14  объём 889147.49  активен
-        границы 1859.16…1873.32  вход: лимитки на ПОК и зону (стр. 30)  ПРОТИВ тренда (1Н)
-        стоп безопасный 1892.0532…1929.5196  рисковый 1873.32  один ордер
-        лестница 1865 · 1870  средняя при равных долях 1867.5
-        промежуточная 1842 (5м, 1.23%)
-        цель 1795 (1ч, 3.75%)
-        цель 1790 (4ч, 4.02%)
-        цель 1785 (1ч, 4.29%)
-        цель 1745 (1ч, 6.43%)
-        цель 1725 (1ч, 7.51%)
-        цель 1703 (1ч, 8.69%)
-        цель 1580 (1ч, 15.28%)
-        цель 1580 (4ч, 15.28%)
-        цель 1580 (1Д, 15.28%)
-        РР: безопасный 1к1.08  рисковый 1к8.41  (стандарт курса 1к3)
-        событие: курс вердикта не даёт с бара 861, глубина 0.34%, полных тел 1
-  ЛОНГ 15м  ПОК 1860  зона 1855.15…1869.04  объём 1379285.24  активен
-        границы 1847.5…1868.99  вход: лимитки на ПОК и зону (стр. 30)  по тренду (1Н)
-        стоп безопасный 1829.025…1792.075  рисковый 1847.5  один ордер
-        лестница 1857 · 1860 · 1866.87  средняя при равных долях 1861.29
-        цель 1865 (15м, 0.27%)
-        промежуточная 1871.1 (5м, 0.60%)
-        цель 1874.32 (15м, 0.77%)
-        цель 1880 (1ч, 1.08%)
-        промежуточная 1885 (5м, 1.34%)
-        цель 1890 (15м, 1.61%)
-        цель 1900 (15м, 2.15%)
-        цель 1920 (1ч, 3.23%)
-        цель 1930 (15м, 3.76%)
-        цель 1950 (1ч, 4.84%)
-        цель 1965 (15м, 5.65%)
-        цель 2075 (4ч, 11.56%)
-        цель 2330 (4ч, 25.27%)
-        цель 2330 (1Д, 25.27%)
-        РР: безопасный 1к0.07  рисковый 1к0.40  (стандарт курса 1к3)
-        событие: курс вердикта не даёт с бара 910, глубина 0.14%, полных тел 0
-  ЛОНГ  1ч  ПОК 1580  зона 1543.77…1603.11  объём 35333053.82  активен
-        границы 1530…1660.56  вход: лимитки на ПОК и зону (стр. 30)  по тренду (1Н)
-        стоп безопасный 1514.7…1484.1  рисковый 1530  один ордер
-        цель 1725 (4ч, 9.18%)
-        цель 1975 (4ч, 25.00%)
-        цель 2075 (4ч, 31.33%)
-        цель 2330 (4ч, 47.47%)
-        цель 2330 (1Д, 47.47%)
-        РР: безопасный 1к1.51  рисковый 1к2.90  (стандарт курса 1к3)
-  ЛОНГ  1ч  ПОК 1703  зона 1691.97…1716.01  объём 3300962.98  активен
-        границы 1685.04…1725  вход: лимитки на ПОК и зону (стр. 30)  по тренду (1Н)
-        стоп безопасный 1668.1896…1634.4888  рисковый 1685.04  один ордер
-        цель 1725 (4ч, 1.29%)
-        цель 1975 (4ч, 15.97%)
-        цель 2075 (4ч, 21.84%)
-        цель 2330 (4ч, 36.82%)
-        цель 2330 (1Д, 36.82%)
-        РР: безопасный 1к0.32  рисковый 1к1.22  (стандарт курса 1к3)
-  ЛОНГ  1ч  ПОК 1745  зона 1729.25…1750.69  объём 3213390.94  активен
-        границы 1726.85…1753.36  вход: лимитки на ПОК и зону (стр. 30)  по тренду (1Н)
-        стоп безопасный 1709.5815…1675.0445  рисковый 1726.85  один ордер
-        цель 1975 (4ч, 13.18%)
-        цель 2075 (4ч, 18.91%)
-        цель 2330 (4ч, 33.52%)
-        цель 2330 (1Д, 33.52%)
-        РР: безопасный 1к3.29  рисковый 1к12.67  (стандарт курса 1к3)
-        событие: курс вердикта не даёт с бара 279, глубина 0.96%, полных тел 1
-  ШОРТ  1ч  ПОК 1790  зона 1755.26…1796.68  объём 16889201.54  флипнут
-        границы 1750.51…1808  вход: по ретесту с обратной стороны, в другую сторону (стр. 43)  ПРОТИВ тренда (1Н)
-        стоп безопасный 1826.08…1862.24  рисковый 1808  один ордер
-        цель 1745 (1ч, 2.51%)
-        цель 1703 (1ч, 4.86%)
-        цель 1580 (1ч, 11.73%)
-        цель 1580 (4ч, 11.73%)
-        РР: безопасный 1к0.62  рисковый 1к2.50  (стандарт курса 1к3)
-        событие: пробой с бара 372, глубина 0.74%, полных тел 2
-  ЛОНГ  1ч  ПОК 1725  зона 1724.54…1745.55  объём 3059954.32  активен
-        границы 1712.45…1751.14  вход: лимитки на ПОК и зону (стр. 30)  по тренду (1Н)
-        стоп безопасный 1695.3255…1661.0765  рисковый 1712.45  один ордер
-        цель 1790 (1ч, 3.77%)
-        цель 1975 (4ч, 14.49%)
-        цель 2075 (4ч, 20.29%)
-        цель 2330 (4ч, 35.07%)
-        цель 2330 (1Д, 35.07%)
-        РР: безопасный 1к1.02  рисковый 1к5.18  (стандарт курса 1к3)
-  ЛОНГ  1ч  ПОК 1755  зона 1739.6…1756.6  объём 2486348.94  отработан
-        границы 1731.1…1762.52  вход: только по слому структуры на младшем ТФ (стр. 31)  по тренду (1Н)
-        стоп безопасный 1713.789…1679.167  рисковый 1731.1  один ордер
-        цель 1790 (1ч, 1.99%)
-        цель 1975 (4ч, 12.54%)
-        цель 2075 (4ч, 18.23%)
-        цель 2330 (4ч, 32.76%)
-        цель 2330 (1Д, 32.76%)
-        РР: безопасный 1к0.46  рисковый 1к1.46  (стандарт курса 1к3)
-        событие: прокол с бара 452, глубина 0.40%, полных тел 0
-  ЛОНГ  1ч  ПОК 1795  зона 1780.55…1805.46  объём 4028044.58  активен
-        границы 1767.71…1811.23  вход: лимитки на ПОК и зону (стр. 30)  по тренду (1Н)
-        стоп безопасный 1750.0329…1714.6787  рисковый 1767.71  один ордер
-        цель 1975 (4ч, 10.03%)
-        цель 2075 (4ч, 15.60%)
-        цель 2330 (4ч, 29.81%)
-        цель 2330 (1Д, 29.81%)
-        РР: безопасный 1к2.24  рисковый 1к6.60  (стандарт курса 1к3)
-        событие: курс вердикта не даёт с бара 410, глубина 0.93%, полных тел 1
-  ШОРТ  1ч  ПОК 1800  зона 1782.39…1828.66  объём 7070499.86  флипнут
-        границы 1778.26…1829.52  вход: по ретесту с обратной стороны, в другую сторону (стр. 43)  ПРОТИВ тренда (1Н)
-        стоп безопасный 1847.8152…1884.4056  рисковый 1829.52  один ордер
-        цель 1795 (1ч, 0.28%)
-        цель 1755 (1ч, 2.50%)
-        цель 1745 (1ч, 3.06%)
-        цель 1725 (1ч, 4.17%)
-        цель 1703 (1ч, 5.39%)
-        цель 1580 (1ч, 12.22%)
-        цель 1580 (4ч, 12.22%)
-        РР: безопасный 1к0.06  рисковый 1к0.17  (стандарт курса 1к3)
-        событие: пробой с бара 469, глубина 4.67%, полных тел 2
-  ЛОНГ  1ч  ПОК 1785  зона 1765.5…1794.6  объём 2209556.28  активен
-        границы 1748…1793.9  вход: лимитки на ПОК и зону (стр. 30)  по тренду (1Н)
-        стоп безопасный 1730.52…1695.56  рисковый 1748  один ордер
-        цель 1800 (1ч, 0.84%)
-        цель 1975 (4ч, 10.64%)
-        цель 2075 (4ч, 16.25%)
-        цель 2330 (4ч, 30.53%)
-        цель 2330 (1Д, 30.53%)
-        РР: безопасный 1к0.17  рисковый 1к0.41  (стандарт курса 1к3)
-  ЛОНГ  1ч  ПОК 1880  зона 1865.93…1887.26  объём 3633246.66  отработан
-        границы 1860…1887.99  вход: только по слому структуры на младшем ТФ (стр. 31)  по тренду (1Н)
-        стоп безопасный 1841.4…1804.2  рисковый 1860  один ордер
-        цель 1975 (4ч, 5.05%)
-        цель 2075 (4ч, 10.37%)
-        цель 2330 (4ч, 23.94%)
-        цель 2330 (1Д, 23.94%)
-        РР: безопасный 1к1.25  рисковый 1к4.75  (стандарт курса 1к3)
-        событие: прокол с бара 515, глубина 0.34%, полных тел 0
-  ШОРТ  1ч  ПОК 1933  зона 1913.04…1940.83  объём 4235104.16  флипнут
-        границы 1903.37…1946.75  вход: по ретесту с обратной стороны, в другую сторону (стр. 43)  ПРОТИВ тренда (1Н)
-        стоп безопасный 1966.2175…2005.1525  рисковый 1946.75  один ордер
-        цель 1795 (1ч, 7.14%)
-        цель 1790 (4ч, 7.40%)
-        цель 1785 (1ч, 7.66%)
-        цель 1745 (1ч, 9.73%)
-        цель 1725 (1ч, 10.76%)
-        цель 1703 (1ч, 11.90%)
-        цель 1580 (1ч, 18.26%)
-        цель 1580 (4ч, 18.26%)
-        РР: безопасный 1к1.91  рисковый 1к10.04  (стандарт курса 1к3)
-        событие: пробой с бара 632, глубина 1.07%, полных тел 2
-  ШОРТ  1ч  ПОК 1875  зона 1866.98…1889.1  объём 2647948.91  отработан
-        границы 1860…1894.25  вход: только по слому структуры на младшем ТФ (стр. 31)  ПРОТИВ тренда (1Н)
-        стоп безопасный 1913.1925…1951.0775  рисковый 1894.25  один ордер
-        цель 1795 (1ч, 4.27%)
-        цель 1790 (4ч, 4.53%)
-        цель 1785 (1ч, 4.80%)
-        цель 1745 (1ч, 6.93%)
-        цель 1725 (1ч, 8.00%)
-        цель 1703 (1ч, 9.17%)
-        цель 1580 (1ч, 15.73%)
-        цель 1580 (4ч, 15.73%)
-        цель 1580 (1Д, 15.73%)
-        РР: безопасный 1к1.05  рисковый 1к4.16  (стандарт курса 1к3)
-        событие: прокол с бара 581, глубина 0.10%, полных тел 0
-  ЛОНГ  1ч  ПОК 1840  зона 1823.18…1848.63  объём 4875451.46  флипнут
-        границы 1819.9…1855.9  вход: по ретесту с обратной стороны, в другую сторону (стр. 43)  по тренду (1Н)
-        стоп безопасный 1801.701…1765.303  рисковый 1819.9  один ордер
-        цель 1875 (1ч, 1.90%)
-        цель 1933 (1ч, 5.05%)
-        цель 1975 (4ч, 7.34%)
-        цель 2075 (4ч, 12.77%)
-        цель 2330 (4ч, 26.63%)
-        цель 2330 (1Д, 26.63%)
-        РР: безопасный 1к0.47  рисковый 1к1.74  (стандарт курса 1к3)
-        событие: пробой с бара 909, глубина 1.05%, полных тел 2
-  ЛОНГ  1ч  ПОК 1870  зона 1856.4…1878.74  объём 5741254.17  отработан
-        границы 1857.51…1876.91  вход: только по слому структуры на младшем ТФ (стр. 31)  по тренду (1Н)
-        стоп безопасный 1838.9349…1801.7847  рисковый 1857.51  один ордер
-        цель 1933 (1ч, 3.37%)
-        цель 1975 (4ч, 5.61%)
-        цель 2075 (4ч, 10.96%)
-        цель 2330 (4ч, 24.60%)
-        цель 2330 (1Д, 24.60%)
-        РР: безопасный 1к0.92  рисковый 1к5.04  (стандарт курса 1к3)
-        событие: прокол с бара 694, глубина 0.10%, полных тел 0
-  ЛОНГ  1ч  ПОК 1894.52  зона 1892.96…1913.88  объём 1244710.27  флипнут
-        границы 1888.62…1917.92  вход: по ретесту с обратной стороны, в другую сторону (стр. 43)  по тренду (1Н)
-        стоп безопасный 1869.7338…1831.9614  рисковый 1888.62  один ордер
-        цель 1933 (1ч, 2.03%)
-        цель 1975 (4ч, 4.25%)
-        цель 2075 (4ч, 9.53%)
-        цель 2330 (4ч, 22.99%)
-        цель 2330 (1Д, 22.99%)
-        РР: безопасный 1к0.62  рисковый 1к6.52  (стандарт курса 1к3)
+  ШОРТ 15м  ПОК 1884.81  зона 1862.01…1886.97  объём 1523865.23  активен
+        границы 1859.81…1885.16  вход: только по слому структуры на младшем ТФ (стр. 31)  ПРОТИВ тренда — курс допускает только хеджем при открытой позиции по тренду (стр. 47), и только под ПРИБЫЛЬНУЮ: стр. 11 — под убыточную сделку хедж не открывается никогда (1Н, держится на 2 экстремумах)  граница от прежней структуры (стр. 40)
+        СДЕЛКИ НЕТ: цена уже торгуется в зоне уровня — стр. 44 «Приоритет – не открывать позицию, если цена уже торгуется в зоне»; ждать выхода из зоны либо быть готовым выйти в б/у на ретесте
+        накопление у уровня: конфигурация 2, под уровнем — вход курс рисует от ПОК нового накопления (стр. 28): 1859.16…1873.32, 1861.3…1866.41, 1852.55…1872.49
+        сила по композиту (замена VRVP, стр. 22): зона 0 — 0.0% композита; окно композита — структура 1d
+        слом на младшем ТФ: слом на 5m подтверждён, зона ПП 1868…1869.64, тест был
+  ЛОНГ 15м  ПОК 1842.855  зона 1837.74…1850.94  объём 1584575.75  активен
+        границы 1839.02…1847.03  вход: только по слому структуры на младшем ТФ (стр. 31)  по тренду (1Н, держится на 2 экстремумах)  база в сужении (стр. 34), шагов 2  граница от прежней структуры (стр. 40)
+        СДЕЛКИ НЕТ: цена уже касалась уровня — стр. 25 «этот уровень становиться больше не актуальным»; вход со 2-3 касания только по слому структуры на младшем ТФ
+        сила по композиту (замена VRVP, стр. 22): зона 0 — 0.0% композита; окно композита — структура 1d
+        слом на младшем ТФ: слом на 5m подтверждён, зона ПП 1871.56…1872.25, теста ещё не было
+  ШОРТ 15м  ПОК 1870.125  зона 1863.25…1871.5  объём 889147.49  отработан
+        границы 1859.16…1873.32  вход: только по слому структуры на младшем ТФ (стр. 31)  ПРОТИВ тренда — курс допускает только хеджем при открытой позиции по тренду (стр. 47), и только под ПРИБЫЛЬНУЮ: стр. 11 — под убыточную сделку хедж не открывается никогда (1Н, держится на 2 экстремумах)
+        СДЕЛКИ НЕТ: отработан на первое касание — стр. 25 «мы этот уровень удаляем»; вход только по слому структуры на младшем ТФ (стр. 31)
+        накопление у уровня: конфигурация 2, под уровнем — вход курс рисует от ПОК нового накопления (стр. 28): 1861.3…1866.41; конфигурация 7, "пила" на уровне — выйти в бу и дождаться выхода (стр. 28): 1852.55…1872.49
+        сила по композиту (замена VRVP, стр. 22): зона 0 — 0.0% композита; окно композита — структура 1d
+        слом на младшем ТФ: слом на 5m подтверждён, зона ПП 1868…1869.64, тест был
+        событие: прокол с бара 865, глубина 0.06%, полных тел 0
+  ШОРТ 15м  ПОК 1864.915  зона 1856.95…1870.72  объём 742299.17  отработан
+        границы 1861.3…1866.41  вход: только по слому структуры на младшем ТФ (стр. 31)  ПРОТИВ тренда — курс допускает только хеджем при открытой позиции по тренду (стр. 47), и только под ПРИБЫЛЬНУЮ: стр. 11 — под убыточную сделку хедж не открывается никогда (1Н, держится на 2 экстремумах)  база в сужении (стр. 34), шагов 2
+        СДЕЛКИ НЕТ: отработан на первое касание — стр. 25 «мы этот уровень удаляем»; вход только по слому структуры на младшем ТФ (стр. 31)
+        накопление у уровня: конфигурация 7, "пила" на уровне — выйти в бу и дождаться выхода (стр. 28): 1852.55…1872.49
+        сила по композиту (замена VRVP, стр. 22): зона 0 — 0.0% композита; окно композита — структура 1d
+        слом на младшем ТФ: слом на 5m подтверждён, зона ПП 1868…1869.64, тест был
+        событие: прокол с бара 887, глубина 0.02%, полных тел 0
+  ЛОНГ 15м  ПОК 1870.095  зона 1856.9…1874.01  объём 673062.49  флипнут
+        границы 1852.55…1872.49  вход: по ретесту с обратной стороны, в другую сторону (стр. 43)  по тренду (1Н, держится на 2 экстремумах)
+        СДЕЛКИ НЕТ: пробит и флипнут — стр. 43 «Уровень лонг/шорт менятся для нас на противоположный»; вход по ретесту в ДРУГУЮ сторону
+        сила по композиту (замена VRVP, стр. 22): зона 0 — 0.0% композита; окно композита — структура 1d
+        слом на младшем ТФ: слом на 5m подтверждён, зона ПП 1871.56…1872.25, теста ещё не было
+        событие: пробой с бара 908, глубина 0.68%, полных тел 2
+  ЛОНГ  1ч  ПОК 1574  зона 1545.11…1602.89  объём 35333053.82  активен
+        границы 1510.87…1660.56  вход: лимитки на ПОК и зону (стр. 30)  по тренду (1Н, держится на 2 экстремумах)
+        стоп 1465.5439 — запас за структуру (стр. 33)  (6.89% от входа)  один ордер
+        цель 1727.5 (4ч, 9.75%)
+        цель 1794.27 (4ч, 13.99%)
+        цель 1978.71 (4ч, 25.71%)
+        цель 2119.255 (4ч, 34.64%)
+        цель 2119.38 (4ч, 34.65%)
+        цель 2314.05 (4ч, 47.02%)
+        цель 2314.295 (1Д, 47.03%)
+        РР 1к1.42 до первой цели (стандарт курса 1к3)  НИЖЕ стандарта
+  ЛОНГ  1ч  ПОК 1703.28  зона 1694…1716.4  объём 3300962.98  активен
+        границы 1685.04…1725  вход: только по слому структуры на младшем ТФ (стр. 31)  по тренду (1Н, держится на 2 экстремумах)
+        СДЕЛКИ НЕТ: цена уже касалась уровня — стр. 25 «этот уровень становиться больше не актуальным»; вход со 2-3 касания только по слому структуры на младшем ТФ
+        накопление у уровня: конфигурация 5, над уровнем (стр. 28): 1712.45…1747.27
+        сила по композиту (замена VRVP, стр. 22): зона 0 — 0.0% композита; окно композита — структура 1d
+        слом на младшем ТФ: слом на 15m подтверждён, зона ПП 1867.05…1872.88, тест был
+  ЛОНГ  1ч  ПОК 1733.26  зона 1729.19…1757.31  объём 4053953.46  отработан
+        границы 1750.51…1763.99  вход: только по слому структуры на младшем ТФ (стр. 31)  по тренду (1Н, держится на 2 экстремумах)  база в сужении (стр. 34), шагов 2
+        СДЕЛКИ НЕТ: отработан на первое касание — стр. 25 «мы этот уровень удаляем»; вход только по слому структуры на младшем ТФ (стр. 31)
+        накопление у уровня: конфигурация 5, над уровнем (стр. 28): 1747.27…1808; конфигурация 7, "пила" на уровне — выйти в бу и дождаться выхода (стр. 28): 1712.45…1747.27, 1731.1…1750.37
+        сила по композиту (замена VRVP, стр. 22): зона 0 — 0.0% композита; окно композита — структура 1d
+        слом на младшем ТФ: слом на 15m подтверждён, зона ПП 1867.05…1872.88, тест был
+        событие: прокол с бара 280, глубина 0.29%, полных тел 0
+  ШОРТ  1ч  ПОК 1772.815  зона 1753.74…1796.25  объём 15432322.87  флипнут
+        границы 1747.27…1808  вход: по ретесту с обратной стороны, в другую сторону (стр. 43)  ПРОТИВ тренда — курс допускает только хеджем при открытой позиции по тренду (стр. 47), и только под ПРИБЫЛЬНУЮ: стр. 11 — под убыточную сделку хедж не открывается никогда (1Н, держится на 2 экстремумах)
+        СДЕЛКИ НЕТ: пробит и флипнут — стр. 43 «Уровень лонг/шорт менятся для нас на противоположный»; вход по ретесту в ДРУГУЮ сторону
+        накопление у уровня: конфигурация 5, над уровнем (стр. 28): 1785…1798.86, 1778.26…1808.3; конфигурация 7, "пила" на уровне — выйти в бу и дождаться выхода (стр. 28): 1761.63…1792.49
+        сила по композиту (замена VRVP, стр. 22): зона 0 — 0.0% композита; окно композита — структура 1d
+        слом на младшем ТФ: слом на 15m подтверждён, зона ПП 1867.07…1868.47, теста ещё не было
+        событие: пробой с бара 364, глубина 0.40%, полных тел 2
+  ЛОНГ  1ч  ПОК 1738.2  зона 1725.45…1744.45  объём 2884859.78  отработан
+        границы 1712.45…1747.27  вход: только по слому структуры на младшем ТФ (стр. 31)  по тренду (1Н, держится на 2 экстремумах)  граница от прежней структуры (стр. 40)
+        СДЕЛКИ НЕТ: отработан на первое касание — стр. 25 «мы этот уровень удаляем»; вход только по слому структуры на младшем ТФ (стр. 31)
+        накопление у уровня: конфигурация 7, "пила" на уровне — выйти в бу и дождаться выхода (стр. 28): 1731.1…1750.37
+        сила по композиту (замена VRVP, стр. 22): зона 0 — 0.0% композита; окно композита — структура 1d
+        слом на младшем ТФ: слом на 15m подтверждён, зона ПП 1867.05…1872.88, тест был
+        событие: прокол с бара 351, глубина 0.41%, полных тел 0
+  ЛОНГ  1ч  ПОК 1739.98  зона 1737.82…1753.66  объём 2486348.94  активен
+        границы 1731.1…1750.37  вход: только по слому структуры на младшем ТФ (стр. 31)  по тренду (1Н, держится на 2 экстремумах)  база в сужении (стр. 34), шагов 1
+        СДЕЛКИ НЕТ: цена уже касалась уровня — стр. 25 «этот уровень становиться больше не актуальным»; вход со 2-3 касания только по слому структуры на младшем ТФ
+        сила по композиту (замена VRVP, стр. 22): зона 0 — 0.0% композита; окно композита — структура 1d
+        слом на младшем ТФ: слом на 15m подтверждён, зона ПП 1867.05…1872.88, тест был
+  ЛОНГ  1ч  ПОК 1795.21  зона 1784.43…1801.15  объём 3268281.35  активен
+        границы 1785…1798.86  вход: только по слому структуры на младшем ТФ (стр. 31)  по тренду (1Н, держится на 2 экстремумах)  база в сужении (стр. 34), шагов 2
+        СДЕЛКИ НЕТ: цена уже касалась уровня — стр. 25 «этот уровень становиться больше не актуальным»; вход со 2-3 касания только по слому структуры на младшем ТФ
+        накопление у уровня: конфигурация 2, под уровнем — вход курс рисует от ПОК нового накопления (стр. 28): 1761.63…1792.49; конфигурация 7, "пила" на уровне — выйти в бу и дождаться выхода (стр. 28): 1778.26…1808.3
+        сила по композиту (замена VRVP, стр. 22): зона 0 — 0.0% композита; окно композита — структура 1d
+        слом на младшем ТФ: слом на 15m подтверждён, зона ПП 1867.05…1872.88, тест был
+        событие: курс вердикта не даёт с бара 410, глубина 0.94%, полных тел 1
+  ЛОНГ  1ч  ПОК 1804.015  зона 1785.4…1811.92  объём 2389588.93  отработан
+        границы 1778.26…1808.3  вход: только по слому структуры на младшем ТФ (стр. 31)  по тренду (1Н, держится на 2 экстремумах)  база в сужении (стр. 34), шагов 1
+        СДЕЛКИ НЕТ: отработан на первое касание — стр. 25 «мы этот уровень удаляем»; вход только по слому структуры на младшем ТФ (стр. 31)
+        накопление у уровня: конфигурация 2, под уровнем — вход курс рисует от ПОК нового накопления (стр. 28): 1761.63…1792.49; конфигурация 5, над уровнем (стр. 28): 1808.3…1826.2; конфигурация 7, "пила" на уровне — выйти в бу и дождаться выхода (стр. 28): 1802.46…1855.9
+        сила по композиту (замена VRVP, стр. 22): зона 0 — 0.0% композита; окно композита — структура 1d
+        слом на младшем ТФ: слом на 15m подтверждён, зона ПП 1867.05…1872.88, тест был
+        событие: прокол с бара 433, глубина 0.42%, полных тел 0
+  ШОРТ  1ч  ПОК 1818.835  зона 1805.71…1828.21  объём 1888545.73  флипнут
+        границы 1808.3…1826.2  вход: по ретесту с обратной стороны, в другую сторону (стр. 43)  ПРОТИВ тренда — курс допускает только хеджем при открытой позиции по тренду (стр. 47), и только под ПРИБЫЛЬНУЮ: стр. 11 — под убыточную сделку хедж не открывается никогда (1Н, держится на 2 экстремумах)  граница от прежней структуры (стр. 40)
+        СДЕЛКИ НЕТ: пробит и флипнут — стр. 43 «Уровень лонг/шорт менятся для нас на противоположный»; вход по ретесту в ДРУГУЮ сторону
+        накопление у уровня: конфигурация 7, "пила" на уровне — выйти в бу и дождаться выхода (стр. 28): 1802.46…1855.9
+        сила по композиту (замена VRVP, стр. 22): зона 0 — 0.0% композита; окно композита — структура 1d
+        слом на младшем ТФ: слом на 15m подтверждён, зона ПП 1867.07…1868.47, теста ещё не было
+        событие: пробой с бара 471, глубина 3.59%, полных тел 2
+  ЛОНГ  1ч  ПОК 1779.535  зона 1767.04…1788.46  объём 4533171.99  активен
+        границы 1761.63…1792.49  вход: лимитки на ПОК и зону (стр. 30)  по тренду (1Н, держится на 2 экстремумах)
+        стоп 1685.04 — за стоповым объёмом либо проколом (стр. 18)  (5.31% от входа)  один ордер  якорь: лой/хай своего ТФ или ТФ−1
+        цель 1790.65 (4ч, 0.62%)
+        цель 1818.835 (1ч, 2.21%)
+        цель 1978.71 (4ч, 11.19%)
+        цель 2119.255 (4ч, 19.09%)
+        цель 2119.38 (4ч, 19.10%)
+        цель 2314.05 (4ч, 30.04%)
+        цель 2314.295 (1Д, 30.05%)
+        РР 1к0.12 до первой цели (стандарт курса 1к3)  НИЖЕ стандарта
+  ЛОНГ  1ч  ПОК 1875.225  зона 1865.22…1886.1  объём 3633246.66  отработан
+        границы 1860…1887.99  вход: только по слому структуры на младшем ТФ (стр. 31)  по тренду (1Н, держится на 2 экстремумах)
+        СДЕЛКИ НЕТ: отработан на первое касание — стр. 25 «мы этот уровень удаляем»; вход только по слому структуры на младшем ТФ (стр. 31)
+        накопление у уровня: конфигурация 2, под уровнем — вход курс рисует от ПОК нового накопления (стр. 28): 1835.61…1874.08; конфигурация 5, над уровнем (стр. 28): 1877.24…1927.9; конфигурация 7, "пила" на уровне — выйти в бу и дождаться выхода (стр. 28): 1860…1894.25, 1857.51…1876.91, 1858…1909.32, 1850.26…1876.42, 1855.82…1927.9
+        сила по композиту (замена VRVP, стр. 22): зона 0 — 0.0% композита; окно композита — структура 1d
+        слом на младшем ТФ: слом на 15m подтверждён, зона ПП 1867.05…1872.88, тест был
+        событие: прокол с бара 515, глубина 0.09%, полных тел 0
+  ШОРТ  1ч  ПОК 1923.635  зона 1913.78…1941.52  объём 4235104.16  флипнут
+        границы 1903.37…1928.34  вход: по ретесту с обратной стороны, в другую сторону (стр. 43)  ПРОТИВ тренда — курс допускает только хеджем при открытой позиции по тренду (стр. 47), и только под ПРИБЫЛЬНУЮ: стр. 11 — под убыточную сделку хедж не открывается никогда (1Н, держится на 2 экстремумах)  база в сужении (стр. 34), шагов 1
+        СДЕЛКИ НЕТ: пробит и флипнут — стр. 43 «Уровень лонг/шорт менятся для нас на противоположный»; вход по ретесту в ДРУГУЮ сторону
+        накопление у уровня: конфигурация 2, под уровнем — вход курс рисует от ПОК нового накопления (стр. 28): 1888.62…1917.92; конфигурация 5, над уровнем (стр. 28): 1927.9…1982; конфигурация 7, "пила" на уровне — выйти в бу и дождаться выхода (стр. 28): 1917.92…1927.79, 1877.24…1927.9, 1855.82…1927.9
+        сила по композиту (замена VRVP, стр. 22): зона 0 — 0.0% композита; окно композита — структура 1d
+        слом на младшем ТФ: слом на 15m подтверждён, зона ПП 1867.07…1868.47, теста ещё не было
+        событие: пробой с бара 629, глубина 0.61%, полных тел 2
+  ШОРТ  1ч  ПОК 1878.24  зона 1867.06…1888.9  объём 2647948.91  отработан
+        границы 1860…1894.25  вход: только по слому структуры на младшем ТФ (стр. 31)  ПРОТИВ тренда — курс допускает только хеджем при открытой позиции по тренду (стр. 47), и только под ПРИБЫЛЬНУЮ: стр. 11 — под убыточную сделку хедж не открывается никогда (1Н, держится на 2 экстремумах)
+        СДЕЛКИ НЕТ: отработан на первое касание — стр. 25 «мы этот уровень удаляем»; вход только по слому структуры на младшем ТФ (стр. 31)
+        накопление у уровня: конфигурация 2, под уровнем — вход курс рисует от ПОК нового накопления (стр. 28): 1857.51…1876.91, 1850.26…1876.42, 1835.61…1874.08; конфигурация 5, над уровнем (стр. 28): 1888.62…1917.92; конфигурация 7, "пила" на уровне — выйти в бу и дождаться выхода (стр. 28): 1858…1909.32, 1877.24…1927.9, 1855.82…1927.9
+        сила по композиту (замена VRVP, стр. 22): зона 0 — 0.0% композита; окно композита — структура 1d
+        слом на младшем ТФ: слом на 15m подтверждён, зона ПП 1867.07…1868.47, теста ещё не было
+        событие: прокол с бара 589, глубина 0.03%, полных тел 0
+  ЛОНГ  1ч  ПОК 1844.385  зона 1823.26…1847.96  объём 4875451.46  отработан
+        границы 1802.46…1855.9  вход: только по слому структуры на младшем ТФ (стр. 31)  по тренду (1Н, держится на 2 экстремумах)
+        СДЕЛКИ НЕТ: отработан на первое касание — стр. 25 «мы этот уровень удаляем»; вход только по слому структуры на младшем ТФ (стр. 31)
+        накопление у уровня: конфигурация 7, "пила" на уровне — выйти в бу и дождаться выхода (стр. 28): 1835.61…1874.08
+        сила по композиту (замена VRVP, стр. 22): зона 0 — 0.0% композита; окно композита — структура 1d
+        слом на младшем ТФ: слом на 15m подтверждён, зона ПП 1867.05…1872.88, тест был
+        событие: прокол с бара 609, глубина 0.14%, полных тел 0
+  ЛОНГ  1ч  ПОК 1868.7  зона 1856.8…1878.56  объём 5741254.17  отработан
+        границы 1857.51…1876.91  вход: только по слому структуры на младшем ТФ (стр. 31)  по тренду (1Н, держится на 2 экстремумах)
+        СДЕЛКИ НЕТ: отработан на первое касание — стр. 25 «мы этот уровень удаляем»; вход только по слому структуры на младшем ТФ (стр. 31)
+        накопление у уровня: конфигурация 5, над уровнем (стр. 28): 1877.24…1927.9; конфигурация 7, "пила" на уровне — выйти в бу и дождаться выхода (стр. 28): 1858…1909.32, 1850.26…1876.42, 1855.82…1927.9, 1835.61…1874.08
+        сила по композиту (замена VRVP, стр. 22): зона 0 — 0.0% композита; окно композита — структура 1d
+        слом на младшем ТФ: слом на 15m подтверждён, зона ПП 1867.05…1872.88, тест был
+        событие: прокол с бара 694, глубина 0.03%, полных тел 0
+  ЛОНГ  1ч  ПОК 1894.495  зона 1893.32…1913.53  объём 1244710.27  флипнут
+        границы 1888.62…1917.92  вход: по ретесту с обратной стороны, в другую сторону (стр. 43)  по тренду (1Н, держится на 2 экстремумах)
+        СДЕЛКИ НЕТ: пробит и флипнут — стр. 43 «Уровень лонг/шорт менятся для нас на противоположный»; вход по ретесту в ДРУГУЮ сторону
+        накопление у уровня: конфигурация 7, "пила" на уровне — выйти в бу и дождаться выхода (стр. 28): 1858…1909.32, 1877.24…1927.9, 1855.82…1927.9
+        сила по композиту (замена VRVP, стр. 22): зона 0 — 0.0% композита; окно композита — структура 1d
+        слом на младшем ТФ: слом на 15m подтверждён, зона ПП 1867.05…1872.88, тест был
         событие: пробой с бара 687, глубина 1.14%, полных тел 2
-  ШОРТ  1ч  ПОК 1925  зона 1917.47…1940.29  объём 7564381.37  отработан
-        границы 1912.44…1953.64  вход: только по слому структуры на младшем ТФ (стр. 31)  ПРОТИВ тренда (1Н)
-        стоп безопасный 1973.1764…2012.2492  рисковый 1953.64  один ордер
-        цель 1894.52 (1ч, 1.58%)
-        цель 1870 (1ч, 2.86%)
-        цель 1840 (1ч, 4.42%)
-        цель 1795 (1ч, 6.75%)
-        цель 1790 (4ч, 7.01%)
-        цель 1785 (1ч, 7.27%)
-        цель 1745 (1ч, 9.35%)
-        цель 1725 (1ч, 10.39%)
-        цель 1703 (1ч, 11.53%)
-        цель 1580 (1ч, 17.92%)
-        цель 1580 (4ч, 17.92%)
-        цель 1580 (1Д, 17.92%)
-        РР: безопасный 1к0.35  рисковый 1к1.06  (стандарт курса 1к3)
+  ШОРТ  1ч  ПОК 1925.06  зона 1919.96…1942.4  объём 7564381.37  отработан
+        границы 1917.92…1927.79  вход: только по слому структуры на младшем ТФ (стр. 31)  ПРОТИВ тренда — курс допускает только хеджем при открытой позиции по тренду (стр. 47), и только под ПРИБЫЛЬНУЮ: стр. 11 — под убыточную сделку хедж не открывается никогда (1Н, держится на 2 экстремумах)  база в сужении (стр. 34), шагов 1  граница от прежней структуры (стр. 40)
+        СДЕЛКИ НЕТ: отработан на первое касание — стр. 25 «мы этот уровень удаляем»; вход только по слому структуры на младшем ТФ (стр. 31)
+        накопление у уровня: конфигурация 5, над уровнем (стр. 28): 1927.9…1982; конфигурация 7, "пила" на уровне — выйти в бу и дождаться выхода (стр. 28): 1877.24…1927.9, 1855.82…1927.9
+        сила по композиту (замена VRVP, стр. 22): зона 0 — 0.0% композита; окно композита — структура 1d
+        слом на младшем ТФ: слом на 15m подтверждён, зона ПП 1867.07…1868.47, теста ещё не было
         событие: прокол с бара 763, глубина 0.15%, полных тел 0
-  ШОРТ  1ч  ПОК 1880  зона 1858…1887.43  объём 4096925.49  флипнут
-        границы 1858…1909.32  вход: по ретесту с обратной стороны, в другую сторону (стр. 43)  ПРОТИВ тренда (1Н)
-        стоп безопасный 1928.4132…1966.5996  рисковый 1909.32  один ордер
-        цель 1840 (1ч, 2.13%)
-        цель 1795 (1ч, 4.52%)
-        цель 1790 (4ч, 4.79%)
-        цель 1785 (1ч, 5.05%)
-        цель 1745 (1ч, 7.18%)
-        цель 1725 (1ч, 8.24%)
-        цель 1703 (1ч, 9.41%)
-        цель 1580 (1ч, 15.96%)
-        цель 1580 (4ч, 15.96%)
-        цель 1580 (1Д, 15.96%)
-        РР: безопасный 1к0.46  рисковый 1к1.36  (стандарт курса 1к3)
-        событие: пробой с бара 747, глубина 0.46%, полных тел 2
-  ЛОНГ  1ч  ПОК 1870  зона 1863.8…1878.83  объём 864634.24  отработан
-        границы 1850.26…1876.42  вход: только по слому структуры на младшем ТФ (стр. 31)  по тренду (1Н)
-        стоп безопасный 1831.7574…1794.7522  рисковый 1850.26  один ордер
-        цель 1880 (1ч, 0.53%)
-        цель 1925 (1ч, 2.94%)
-        цель 1975 (4ч, 5.61%)
-        цель 2075 (4ч, 10.96%)
-        цель 2330 (4ч, 24.60%)
-        цель 2330 (1Д, 24.60%)
-        РР: безопасный 1к0.13  рисковый 1к0.51  (стандарт курса 1к3)
-        событие: прокол с бара 796, глубина 0.27%, полных тел 0
-  ЛОНГ  1ч  ПОК 1890  зона 1877.24…1919.14  объём 2135764.1  флипнут
-        границы 1877.24…1927.9  вход: по ретесту с обратной стороны, в другую сторону (стр. 43)  по тренду (1Н)
-        стоп безопасный 1858.4676…1820.9228  рисковый 1877.24  один ордер
-        лестница 1890 · 1915  средняя при равных долях 1902.5
-        цель 1975 (4ч, 4.50%)
-        цель 2075 (4ч, 9.79%)
-        цель 2330 (4ч, 23.28%)
-        цель 2330 (1Д, 23.28%)
-        РР: безопасный 1к1.23  рисковый 1к6.66  (стандарт курса 1к3)
-        событие: пробой с бара 794, глубина 1.32%, полных тел 2
-  ШОРТ  1ч  ПОК 1950  зона 1924.78…1962.59  объём 4801229.2  активен
-        границы 1935.29…1982  вход: лимитки на ПОК и зону (стр. 30)  ПРОТИВ тренда (1Н)
-        стоп безопасный 2001.82…2041.46  рисковый 1982  один ордер
-        лестница 1950 · 1965  средняя при равных долях 1957.5
-        цель 1890 (1ч, 3.08%)
-        цель 1880 (4ч, 3.59%)
-        цель 1870 (1ч, 4.10%)
-        цель 1840 (1ч, 5.64%)
-        цель 1795 (1ч, 7.95%)
-        цель 1790 (4ч, 8.21%)
-        цель 1785 (1ч, 8.46%)
-        цель 1745 (1ч, 10.51%)
-        цель 1725 (1ч, 11.54%)
-        цель 1703 (1ч, 12.67%)
-        цель 1580 (1ч, 18.97%)
-        цель 1580 (4ч, 18.97%)
-        цель 1580 (1Д, 18.97%)
-        РР: безопасный 1к0.66  рисковый 1к1.88  (стандарт курса 1к3)
-  ШОРТ  1ч  ПОК 1920  зона 1877.24…1926.36  объём 17771020.61  активен
-        границы 1855.82…1928.31  вход: лимитки на ПОК и зону (стр. 30)  ПРОТИВ тренда (1Н)
-        стоп безопасный 1947.5931…1986.1593  рисковый 1928.31  один ордер
-        лестница 1874 · 1874.32 · 1888 · 1900 · 1920  средняя при равных долях 1891.264
-        цель 1880 (4ч, 2.08%)
-        промежуточная 1874 (15м, 2.40%)
-        цель 1795 (1ч, 6.51%)
-        цель 1790 (4ч, 6.77%)
-        цель 1785 (1ч, 7.03%)
-        цель 1745 (1ч, 9.11%)
-        цель 1725 (1ч, 10.16%)
-        цель 1703 (1ч, 11.30%)
-        цель 1580 (1ч, 17.71%)
-        цель 1580 (4ч, 17.71%)
-        цель 1580 (1Д, 17.71%)
-        РР: безопасный 1к0.60  рисковый 1к4.81  (стандарт курса 1к3)
-  ШОРТ  1ч  ПОК 1880  зона 1852.29…1886.88  объём 4248084.11  отработан
-        границы 1848.18…1885  вход: только по слому структуры на младшем ТФ (стр. 31)  ПРОТИВ тренда (1Н)
-        стоп безопасный 1903.85…1941.55  рисковый 1885  один ордер
-        промежуточная 1874 (15м, 0.32%)
-        цель 1795 (1ч, 4.52%)
-        цель 1790 (4ч, 4.79%)
-        цель 1785 (1ч, 5.05%)
-        цель 1745 (1ч, 7.18%)
-        цель 1725 (1ч, 8.24%)
-        цель 1703 (1ч, 9.41%)
-        цель 1580 (1ч, 15.96%)
-        цель 1580 (4ч, 15.96%)
-        цель 1580 (1Д, 15.96%)
-        РР: безопасный 1к1.38  рисковый 1к17.00  (стандарт курса 1к3)
-        событие: прокол с бара 975, глубина 0.09%, полных тел 0
-  ШОРТ  4ч  ПОК 2310  зона 2145.48…2385.78  объём 27987275.93  отработан
-        границы 2098.02…2385.78  вход: только по слому структуры на младшем ТФ (стр. 31)  ПРОТИВ тренда (1Н)
-        стоп безопасный 2409.6378…2457.3534  рисковый 2385.78  один ордер
-        целей нет
-        РР: безопасный нет цели  рисковый нет цели  (стандарт курса 1к3)
-        событие: прокол с бара 304, глубина 0.87%, полных тел 0
-  ШОРТ  4ч  ПОК 2160  зона 2080.94…2199.42  объём 24658746.76  отработан
-        границы 2021.58…2199  вход: только по слому структуры на младшем ТФ (стр. 31)  ПРОТИВ тренда (1Н)
-        стоп безопасный 2220.99…2264.97  рисковый 2199  один ордер
-        целей нет
-        РР: безопасный нет цели  рисковый нет цели  (стандарт курса 1к3)
-        событие: прокол с бара 244, глубина 0.33%, полных тел 0
-  ЛОНГ  4ч  ПОК 2040  зона 1992.13…2078.83  объём 19185518.12  активен
-        границы 1966.2…2086.99  вход: лимитки на ПОК и зону (стр. 30)  по тренду (1Н)
-        стоп безопасный 1946.538…1907.214  рисковый 1966.2  один ордер
-        цель 2160 (4ч, 5.88%)
-        цель 2310 (4ч, 13.24%)
-        РР: безопасный 1к0.90  рисковый 1к1.63  (стандарт курса 1к3)
-        событие: курс вердикта не даёт с бара 247, глубина 1.20%, полных тел 0
-  ЛОНГ  4ч  ПОК 2060  зона 2031.94…2134.71  объём 28544663.21  флипнут
-        границы 2015.55…2167.2  вход: по ретесту с обратной стороны, в другую сторону (стр. 43)  по тренду (1Н)
-        стоп безопасный 1995.3945…1955.0835  рисковый 2015.55  один ордер
-        цель 2310 (4ч, 12.14%)
-        РР: безопасный 1к2.38  рисковый 1к5.62  (стандарт курса 1к3)
-        событие: пробой с бара 550, глубина 2.57%, полных тел 2
-  ЛОНГ  4ч  ПОК 2200  зона 2176.12…2241.88  объём 23737511.25  флипнут
-        границы 2156…2269.65  вход: по ретесту с обратной стороны, в другую сторону (стр. 43)  по тренду (1Н)
-        стоп безопасный 2134.44…2091.32  рисковый 2156  один ордер
-        целей нет
-        РР: безопасный нет цели  рисковый нет цели  (стандарт курса 1к3)
-        событие: пробой с бара 511, глубина 1.80%, полных тел 2
-  ЛОНГ  4ч  ПОК 2340  зона 2307.97…2368.66  объём 16095601.5  отработан
-        границы 2301.6…2416.4  вход: только по слому структуры на младшем ТФ (стр. 31)  по тренду (1Н)
-        стоп безопасный 2278.584…2232.552  рисковый 2301.6  один ордер
-        целей нет
-        РР: безопасный нет цели  рисковый нет цели  (стандарт курса 1к3)
-        событие: прокол с бара 346, глубина 0.13%, полных тел 0
-  ШОРТ  4ч  ПОК 2330  зона 2271.98…2366.92  объём 99309388.04  активен
-        границы 2250.91…2463.86  вход: лимитки на ПОК и зону (стр. 30)  ПРОТИВ тренда (1Н)
-        стоп безопасный 2488.4986…2537.7758  рисковый 2463.86  один ордер
-        цель 2200 (4ч, 5.58%)
-        цель 2060 (4ч, 11.59%)
-        цель 2040 (4ч, 12.45%)
-        РР: безопасный 1к0.63  рисковый 1к0.97  (стандарт курса 1к3)
-  ШОРТ  4ч  ПОК 2132  зона 2109.18…2139.78  объём 14007618.26  отработан
-        границы 2074.26…2148.6  вход: только по слому структуры на младшем ТФ (стр. 31)  ПРОТИВ тренда (1Н)
-        стоп безопасный 2170.086…2213.058  рисковый 2148.6  один ордер
-        цель 2060 (4ч, 3.38%)
-        цель 2040 (4ч, 4.32%)
-        РР: безопасный 1к0.89  рисковый 1к4.34  (стандарт курса 1к3)
-        событие: прокол с бара 557, глубина 0.84%, полных тел 0
-  ШОРТ  4ч  ПОК 2075  зона 2053.65…2126.02  объём 19090369.18  активен
-        границы 2007…2149.86  вход: лимитки на ПОК и зону (стр. 30)  ПРОТИВ тренда (1Н)
-        стоп безопасный 2171.3586…2214.3558  рисковый 2149.86  один ордер
-        цель 2040 (4ч, 1.69%)
-        РР: безопасный 1к0.25  рисковый 1к0.47  (стандарт курса 1к3)
-  ШОРТ  4ч  ПОК 1975  зона 1972.12…2021.58  объём 21332216.23  отработан
-        границы 1965.48…2046  вход: только по слому структуры на младшем ТФ (стр. 31)  ПРОТИВ тренда (1Н)
-        стоп безопасный 2066.46…2107.38  рисковый 2046  один ордер
-        целей нет
-        РР: безопасный нет цели  рисковый нет цели  (стандарт курса 1к3)
-        событие: прокол с бара 943, глубина 0.35%, полных тел 0
-  ЛОНГ  4ч  ПОК 1660  зона 1635.14…1691.94  объём 35133473.37  флипнут
-        границы 1601.99…1721.57  вход: по ретесту с обратной стороны, в другую сторону (стр. 43)  по тренду (1Н)
-        стоп безопасный 1585.9701…1553.9303  рисковый 1601.99  один ордер
-        цель 1975 (4ч, 18.98%)
-        цель 2075 (4ч, 25.00%)
-        цель 2330 (4ч, 40.36%)
-        цель 2330 (1Д, 40.36%)
-        РР: безопасный 1к2.97  рисковый 1к5.43  (стандарт курса 1к3)
-        событие: пробой с бара 740, глубина 6.57%, полных тел 2
-  ШОРТ  4ч  ПОК 1725  зона 1705…1798.96  объём 34844941.85  флипнут
-        границы 1670.56…1848.78  вход: по ретесту с обратной стороны, в другую сторону (стр. 43)  ПРОТИВ тренда (1Н)
-        стоп безопасный 1867.2678…1904.2434  рисковый 1848.78  один ордер
-        цель 1660 (4ч, 3.77%)
-        РР: безопасный 1к0.36  рисковый 1к0.53  (стандарт курса 1к3)
-        событие: пробой с бара 800, глубина 1.64%, полных тел 2
-  ЛОНГ  4ч  ПОК 1580  зона 1543.84…1619.9  объём 43953463.36  активен
-        границы 1530…1692  вход: лимитки на ПОК и зону (стр. 30)  по тренду (1Н)
-        стоп безопасный 1514.7…1484.1  рисковый 1530  один ордер
-        цель 1725 (4ч, 9.18%)
-        цель 1975 (4ч, 25.00%)
-        цель 2075 (4ч, 31.33%)
-        цель 2330 (4ч, 47.47%)
-        цель 2330 (1Д, 47.47%)
-        РР: безопасный 1к1.51  рисковый 1к2.90  (стандарт курса 1к3)
-  ЛОНГ  4ч  ПОК 1790  зона 1746.14…1807.02  объём 40991653.67  активен
-        границы 1728.3…1808  вход: лимитки на ПОК и зону (стр. 30)  по тренду (1Н)
-        стоп безопасный 1711.017…1676.451  рисковый 1728.3  один ордер
-        лестница 1785 · 1790 · 1795  средняя при равных долях 1790
-        цель 1975 (4ч, 10.34%)
-        цель 2075 (4ч, 15.92%)
-        цель 2330 (4ч, 30.17%)
-        цель 2330 (1Д, 30.17%)
-        РР: безопасный 1к1.63  рисковый 1к3.00  (стандарт курса 1к3)
-  ЛОНГ  4ч  ПОК 1880  зона 1848.58…1925.91  объём 39835561.9  активен
-        границы 1802.46…1946.75  вход: лимитки на ПОК и зону (стр. 30)  по тренду (1Н)
-        стоп безопасный 1784.4354…1748.3862  рисковый 1802.46  один ордер
-        лестница 1840 · 1870 · 1880 · 1890  средняя при равных долях 1870
-        цель 1975 (4ч, 5.05%)
-        цель 2075 (4ч, 10.37%)
-        цель 2330 (4ч, 23.94%)
-        цель 2330 (1Д, 23.94%)
-        РР: безопасный 1к0.72  рисковый 1к1.23  (стандарт курса 1к3)
-        событие: курс вердикта не даёт с бара 948, глубина 1.29%, полных тел 0
-  ШОРТ  1Д  ПОК 2330  зона 2105.76…2395.51  объём 322834277.92  активен
-        границы 1936.54…2385.78  вход: лимитки на ПОК и зону (стр. 30)  ПРОТИВ тренда (1Н)
-        стоп безопасный 2409.6378…2457.3534  рисковый 2385.78  закуп дробим
-        лестница 1975 · 2040 · 2075 · 2330  средняя при равных долях 2105
-        промежуточная 2040 (4ч, 12.45%)
-        РР: безопасный нет цели  рисковый нет цели  (стандарт курса 1к3)
-  ЛОНГ  1Д  ПОК 1580  зона 1542.19…1753.49  объём 173588026.44  активен
-        границы 1503.6…1848.78  вход: лимитки на ПОК и зону (стр. 30)  по тренду (1Н)
-        стоп безопасный 1488.564…1458.492  рисковый 1503.6  закуп дробим
-        лестница 1580 · 1790  средняя при равных долях 1685
-        промежуточная 1975 (4ч, 25.00%)
-        промежуточная 2075 (4ч, 31.33%)
-        промежуточная 2330 (4ч, 47.47%)
-        цель 2330 (1Д, 47.47%)
-        РР: безопасный 1к6.17  рисковый 1к9.82  (стандарт курса 1к3)
+  ШОРТ  1ч  ПОК 1859.715  зона 1851.84…1880.82  объём 4096925.49  флипнут
+        границы 1858…1909.32  вход: по ретесту с обратной стороны, в другую сторону (стр. 43)  ПРОТИВ тренда — курс допускает только хеджем при открытой позиции по тренду (стр. 47), и только под ПРИБЫЛЬНУЮ: стр. 11 — под убыточную сделку хедж не открывается никогда (1Н, держится на 2 экстремумах)
+        СДЕЛКИ НЕТ: пробит и флипнут — стр. 43 «Уровень лонг/шорт менятся для нас на противоположный»; вход по ретесту в ДРУГУЮ сторону
+        накопление у уровня: конфигурация 2, под уровнем — вход курс рисует от ПОК нового накопления (стр. 28): 1848.18…1853.58; конфигурация 5, над уровнем (стр. 28): 1877.24…1927.9; конфигурация 7, "пила" на уровне — выйти в бу и дождаться выхода (стр. 28): 1850.26…1876.42, 1855.82…1927.9, 1835.61…1874.08
+        сила по композиту (замена VRVP, стр. 22): зона 0 — 0.0% композита; окно композита — структура 1d
+        слом на младшем ТФ: слом на 15m подтверждён, зона ПП 1867.07…1868.47, теста ещё не было
+        событие: пробой с бара 735, глубина 0.65%, полных тел 2
+  ЛОНГ  1ч  ПОК 1869.945  зона 1862.97…1877.23  объём 864634.24  отработан
+        границы 1850.26…1876.42  вход: только по слому структуры на младшем ТФ (стр. 31)  по тренду (1Н, держится на 2 экстремумах)
+        СДЕЛКИ НЕТ: отработан на первое касание — стр. 25 «мы этот уровень удаляем»; вход только по слому структуры на младшем ТФ (стр. 31)
+        накопление у уровня: конфигурация 7, "пила" на уровне — выйти в бу и дождаться выхода (стр. 28): 1855.82…1927.9, 1835.61…1874.08
+        сила по композиту (замена VRVP, стр. 22): зона 0 — 0.0% композита; окно композита — структура 1d
+        слом на младшем ТФ: слом на 15m подтверждён, зона ПП 1867.05…1872.88, тест был
+        событие: прокол с бара 796, глубина 0.26%, полных тел 0
+  ЛОНГ  1ч  ПОК 1913.69  зона 1877.24…1941.14  объём 2914966.07  флипнут
+        границы 1877.24…1927.9  вход: по ретесту с обратной стороны, в другую сторону (стр. 43)  по тренду (1Н, держится на 2 экстремумах)
+        СДЕЛКИ НЕТ: пробит и флипнут — стр. 43 «Уровень лонг/шорт менятся для нас на противоположный»; вход по ретесту в ДРУГУЮ сторону
+        накопление у уровня: конфигурация 5, над уровнем (стр. 28): 1927.9…1982; конфигурация 7, "пила" на уровне — выйти в бу и дождаться выхода (стр. 28): 1855.82…1927.9
+        сила по композиту (замена VRVP, стр. 22): зона 0 — 0.0% композита; окно композита — структура 1d
+        слом на младшем ТФ: слом на 15m подтверждён, зона ПП 1867.05…1872.88, тест был
+        событие: пробой с бара 793, глубина 2.01%, полных тел 2
+  ШОРТ  1ч  ПОК 1964.595  зона 1931.96…1972.62  объём 3593982.73  активен
+        границы 1927.9…1982  вход: только по слому структуры на младшем ТФ (стр. 31)  ПРОТИВ тренда — курс допускает только хеджем при открытой позиции по тренду (стр. 47), и только под ПРИБЫЛЬНУЮ: стр. 11 — под убыточную сделку хедж не открывается никогда (1Н, держится на 2 экстремумах)  граница от прежней структуры (стр. 40)
+        СДЕЛКИ НЕТ: цена уже касалась уровня — стр. 25 «этот уровень становиться больше не актуальным»; вход со 2-3 касания только по слому структуры на младшем ТФ
+        сила по композиту (замена VRVP, стр. 22): зона 0 — 0.0% композита; окно композита — структура 1d
+        слом на младшем ТФ: слом на 15m подтверждён, зона ПП 1867.07…1868.47, теста ещё не было
+  ШОРТ  1ч  ПОК 1917.47  зона 1877.45…1926.17  объём 17771020.61  активен
+        границы 1855.82…1927.9  вход: только по слому структуры на младшем ТФ (стр. 31)  ПРОТИВ тренда — курс допускает только хеджем при открытой позиции по тренду (стр. 47), и только под ПРИБЫЛЬНУЮ: стр. 11 — под убыточную сделку хедж не открывается никогда (1Н, держится на 2 экстремумах)  граница от прежней структуры (стр. 40)
+        СДЕЛКИ НЕТ: цена уже касалась уровня — стр. 25 «этот уровень становиться больше не актуальным»; вход со 2-3 касания только по слому структуры на младшем ТФ
+        сила по композиту (замена VRVP, стр. 22): зона 0 — 0.0% композита; окно композита — структура 1d
+        слом на младшем ТФ: слом на 15m подтверждён, зона ПП 1867.07…1868.47, теста ещё не было
+  ШОРТ  1ч  ПОК 1875.815  зона 1852.03…1885.4  объём 4248084.11  отработан
+        границы 1848.18…1853.58  вход: только по слому структуры на младшем ТФ (стр. 31)  ПРОТИВ тренда — курс допускает только хеджем при открытой позиции по тренду (стр. 47), и только под ПРИБЫЛЬНУЮ: стр. 11 — под убыточную сделку хедж не открывается никогда (1Н, держится на 2 экстремумах)  база в сужении (стр. 34), шагов 1
+        СДЕЛКИ НЕТ: отработан на первое касание — стр. 25 «мы этот уровень удаляем»; вход только по слому структуры на младшем ТФ (стр. 31)
+        накопление у уровня: конфигурация 2, под уровнем — вход курс рисует от ПОК нового накопления (стр. 28): 1835.61…1874.08
+        сила по композиту (замена VRVP, стр. 22): зона 0 — 0.0% композита; окно композита — структура 1d
+        слом на младшем ТФ: слом на 15m подтверждён, зона ПП 1867.07…1868.47, теста ещё не было
+        событие: прокол с бара 958, глубина 0.01%, полных тел 0
+  ЛОНГ  1ч  ПОК 1867.12  зона 1858.15…1875.17  объём 4262789.43  отработан
+        границы 1835.61…1874.08  вход: только по слому структуры на младшем ТФ (стр. 31)  по тренду (1Н, держится на 2 экстремумах)
+        СДЕЛКИ НЕТ: отработан на первое касание — стр. 25 «мы этот уровень удаляем»; вход только по слому структуры на младшем ТФ (стр. 31)
+        сила по композиту (замена VRVP, стр. 22): зона 0 — 0.0% композита; окно композита — структура 1d
+        слом на младшем ТФ: слом на 15m подтверждён, зона ПП 1867.05…1872.88, тест был
+        событие: прокол с бара 987, глубина 0.37%, полных тел 0
+  ШОРТ  4ч  ПОК 2329.86  зона 2184.42…2383.14  объём 19581523.88  отработан
+        границы 2209.49…2385.78  вход: только по слому структуры на младшем ТФ (стр. 31)  ПРОТИВ тренда — курс допускает только хеджем при открытой позиции по тренду (стр. 47), и только под ПРИБЫЛЬНУЮ: стр. 11 — под убыточную сделку хедж не открывается никогда (1Н, держится на 2 экстремумах)  граница от прежней структуры (стр. 40)
+        СДЕЛКИ НЕТ: отработан на первое касание — стр. 25 «мы этот уровень удаляем»; вход только по слому структуры на младшем ТФ (стр. 31)
+        накопление у уровня: конфигурация 2, под уровнем — вход курс рисует от ПОК нового накопления (стр. 28): 2160…2269.65, 2085…2197.63; конфигурация 7, "пила" на уровне — выйти в бу и дождаться выхода (стр. 28): 2282.7…2416.4, 2250.91…2463.86
+        сила по композиту (замена VRVP, стр. 22): зона 1.04829e+08 — 89.0% композита; окно композита — структура 1d
+        слом на младшем ТФ: слом на 1h подтверждён, зона ПП 1865.31…1874.46, тест был
+        событие: прокол с бара 304, глубина 0.01%, полных тел 0
+  ШОРТ  4ч  ПОК 2154.57  зона 2080.86…2197.86  объём 34831231.43  отработан
+        границы 2045.57…2175.64  вход: только по слому структуры на младшем ТФ (стр. 31)  ПРОТИВ тренда — курс допускает только хеджем при открытой позиции по тренду (стр. 47), и только под ПРИБЫЛЬНУЮ: стр. 11 — под убыточную сделку хедж не открывается никогда (1Н, держится на 2 экстремумах)
+        СДЕЛКИ НЕТ: отработан на первое касание — стр. 25 «мы этот уровень удаляем»; вход только по слому структуры на младшем ТФ (стр. 31)
+        накопление у уровня: конфигурация 2, под уровнем — вход курс рисует от ПОК нового накопления (стр. 28): 1966.2…2086.99, 2083.39…2139.66; конфигурация 5, над уровнем (стр. 28): 2160…2269.65; конфигурация 7, "пила" на уровне — выйти в бу и дождаться выхода (стр. 28): 2015.55…2157.99, 2085…2197.63
+        сила по композиту (замена VRVP, стр. 22): зона 0 — 0.0% композита; окно композита — структура 1d
+        слом на младшем ТФ: слом на 1h подтверждён, зона ПП 1865.31…1874.46, тест был
+        событие: прокол с бара 241, глубина 0.16%, полных тел 0
+  ЛОНГ  4ч  ПОК 1990.12  зона 1976.02…2058.74  объём 19185518.12  активен
+        границы 1966.2…2086.99  вход: только по слому структуры на младшем ТФ (стр. 31)  по тренду (1Н, держится на 2 экстремумах)
+        СДЕЛКИ НЕТ: цена уже касалась уровня — стр. 25 «этот уровень становиться больше не актуальным»; вход со 2-3 касания только по слому структуры на младшем ТФ
+        накопление у уровня: конфигурация 5, над уровнем (стр. 28): 2015.55…2157.99; конфигурация 7, "пила" на уровне — выйти в бу и дождаться выхода (стр. 28): 1965.48…2009.42
+        сила по композиту (замена VRVP, стр. 22): зона 0 — 0.0% композита; окно композита — структура 1d
+        слом на младшем ТФ: слом на 1h подтверждён, зона ПП 1874.31…1881.72, тест был
+        событие: курс вердикта не даёт с бара 582, глубина 1.24%, полных тел 1
+  ЛОНГ  4ч  ПОК 2050.245  зона 2033.54…2133.77  объём 28544663.21  активен
+        границы 2015.55…2157.99  вход: только по слому структуры на младшем ТФ (стр. 31)  по тренду (1Н, держится на 2 экстремумах)
+        СДЕЛКИ НЕТ: цена уже касалась уровня — стр. 25 «этот уровень становиться больше не актуальным»; вход со 2-3 касания только по слому структуры на младшем ТФ
+        накопление у уровня: конфигурация 5, над уровнем (стр. 28): 2085…2197.63, 2083.39…2139.66
+        сила по композиту (замена VRVP, стр. 22): зона 0 — 0.0% композита; окно композита — структура 1d
+        слом на младшем ТФ: слом на 1h подтверждён, зона ПП 1874.31…1881.72, тест был
+        событие: курс вердикта не даёт с бара 553, глубина 2.11%, полных тел 1
+  ЛОНГ  4ч  ПОК 2214.8  зона 2177.6…2242.4  объём 23737511.25  отработан
+        границы 2160…2269.65  вход: только по слому структуры на младшем ТФ (стр. 31)  по тренду (1Н, держится на 2 экстремумах)
+        СДЕЛКИ НЕТ: отработан на первое касание — стр. 25 «мы этот уровень удаляем»; вход только по слому структуры на младшем ТФ (стр. 31)
+        накопление у уровня: конфигурация 2, под уровнем — вход курс рисует от ПОК нового накопления (стр. 28): 2085…2197.63
+        сила по композиту (замена VRVP, стр. 22): зона 3.62639e+06 — 3.1% композита; окно композита — структура 1d
+        слом на младшем ТФ: слом на 1h подтверждён, зона ПП 1874.31…1881.72, тест был
+        событие: прокол с бара 507, глубина 0.51%, полных тел 0
+  ЛОНГ  4ч  ПОК 2339.715  зона 2309.85…2369.58  объём 16095601.5  отработан
+        границы 2282.7…2416.4  вход: только по слому структуры на младшем ТФ (стр. 31)  по тренду (1Н, держится на 2 экстремумах)
+        СДЕЛКИ НЕТ: отработан на первое касание — стр. 25 «мы этот уровень удаляем»; вход только по слому структуры на младшем ТФ (стр. 31)
+        накопление у уровня: конфигурация 7, "пила" на уровне — выйти в бу и дождаться выхода (стр. 28): 2250.91…2463.86
+        сила по композиту (замена VRVP, стр. 22): зона 5.60106e+07 — 47.5% композита; окно композита — структура 1d
+        слом на младшем ТФ: слом на 1h подтверждён, зона ПП 1874.31…1881.72, тест был
+        событие: прокол с бара 346, глубина 0.12%, полных тел 0
+  ШОРТ  4ч  ПОК 2314.05  зона 2260.75…2354.35  объём 99309388.04  активен
+        границы 2250.91…2463.86  вход: лимитки на ПОК и зону (стр. 30)  ПРОТИВ тренда — курс допускает только хеджем при открытой позиции по тренду (стр. 47), и только под ПРИБЫЛЬНУЮ: стр. 11 — под убыточную сделку хедж не открывается никогда (1Н, держится на 2 экстремумах)
+        стоп 2537.7758 — запас за структуру (стр. 33)  (9.67% от входа)  один ордер
+        цель 2050.245 (4ч, 11.40%)
+        цель 1990.12 (4ч, 14.00%)
+        РР 1к1.18 до первой цели (стандарт курса 1к3)  НИЖЕ стандарта
+  ШОРТ  4ч  ПОК 2119.38  зона 2105.51…2144.93  объём 21181723.91  активен
+        границы 2085…2197.63  вход: только по слому структуры на младшем ТФ (стр. 31)  ПРОТИВ тренда — курс допускает только хеджем при открытой позиции по тренду (стр. 47), и только под ПРИБЫЛЬНУЮ: стр. 11 — под убыточную сделку хедж не открывается никогда (1Н, держится на 2 экстремумах)
+        СДЕЛКИ НЕТ: цена уже касалась уровня — стр. 25 «этот уровень становиться больше не актуальным»; вход со 2-3 касания только по слому структуры на младшем ТФ
+        накопление у уровня: конфигурация 7, "пила" на уровне — выйти в бу и дождаться выхода (стр. 28): 2083.39…2139.66
+        сила по композиту (замена VRVP, стр. 22): зона 0 — 0.0% композита; окно композита — структура 1d
+        слом на младшем ТФ: слом на 1h подтверждён, зона ПП 1865.31…1874.46, тест был
+        событие: курс вердикта не даёт с бара 557, глубина 1.44%, полных тел 1
+  ШОРТ  4ч  ПОК 2119.255  зона 2078.5…2137.13  объём 13610676.11  активен
+        границы 2083.39…2139.66  вход: только по слому структуры на младшем ТФ (стр. 31)  ПРОТИВ тренда — курс допускает только хеджем при открытой позиции по тренду (стр. 47), и только под ПРИБЫЛЬНУЮ: стр. 11 — под убыточную сделку хедж не открывается никогда (1Н, держится на 2 экстремумах)  база в сужении (стр. 34), шагов 2
+        СДЕЛКИ НЕТ: цена уже касалась уровня — стр. 25 «этот уровень становиться больше не актуальным»; вход со 2-3 касания только по слому структуры на младшем ТФ
+        сила по композиту (замена VRVP, стр. 22): зона 0 — 0.0% композита; окно композита — структура 1d
+        слом на младшем ТФ: слом на 1h подтверждён, зона ПП 1865.31…1874.46, тест был
+  ШОРТ  4ч  ПОК 1978.71  зона 1972.21…2026.81  объём 25501714.24  отработан
+        границы 1965.48…2009.42  вход: только по слому структуры на младшем ТФ (стр. 31)  ПРОТИВ тренда — курс допускает только хеджем при открытой позиции по тренду (стр. 47), и только под ПРИБЫЛЬНУЮ: стр. 11 — под убыточную сделку хедж не открывается никогда (1Н, держится на 2 экстремумах)  база в сужении (стр. 34), шагов 1  граница от прежней структуры (стр. 40)
+        СДЕЛКИ НЕТ: отработан на первое касание — стр. 25 «мы этот уровень удаляем»; вход только по слому структуры на младшем ТФ (стр. 31)
+        сила по композиту (замена VRVP, стр. 22): зона 0 — 0.0% композита; окно композита — структура 1d
+        слом на младшем ТФ: слом на 1h подтверждён, зона ПП 1865.31…1874.46, тест был
+        событие: прокол с бара 943, глубина 0.17%, полных тел 0
+  ЛОНГ  4ч  ПОК 1674.14  зона 1640.99…1691.69  объём 32785988.73  отработан
+        границы 1670.5…1712.52  вход: только по слому структуры на младшем ТФ (стр. 31)  по тренду (1Н, держится на 2 экстремумах)  база в сужении (стр. 34), шагов 1  граница от прежней структуры (стр. 40)
+        СДЕЛКИ НЕТ: отработан на первое касание — стр. 25 «мы этот уровень удаляем»; вход только по слому структуры на младшем ТФ (стр. 31)
+        накопление у уровня: конфигурация 5, над уровнем (стр. 28): 1678.17…1749.13; конфигурация 7, "пила" на уровне — выйти в бу и дождаться выхода (стр. 28): 1530…1678.17
+        сила по композиту (замена VRVP, стр. 22): зона 0 — 0.0% композита; окно композита — структура 1d
+        слом на младшем ТФ: слом на 1h подтверждён, зона ПП 1874.31…1881.72, тест был
+        событие: прокол с бара 712, глубина 0.21%, полных тел 0
+  ШОРТ  4ч  ПОК 1794.27  зона 1729.3…1807.62  объём 20086803.4  отработан
+        границы 1712.52…1848.78  вход: только по слому структуры на младшем ТФ (стр. 31)  ПРОТИВ тренда — курс допускает только хеджем при открытой позиции по тренду (стр. 47), и только под ПРИБЫЛЬНУЮ: стр. 11 — под убыточную сделку хедж не открывается никогда (1Н, держится на 2 экстремумах)  граница от прежней структуры (стр. 40)
+        СДЕЛКИ НЕТ: отработан на первое касание — стр. 25 «мы этот уровень удаляем»; вход только по слому структуры на младшем ТФ (стр. 31)
+        накопление у уровня: конфигурация 2, под уровнем — вход курс рисует от ПОК нового накопления (стр. 28): 1678.17…1749.13; конфигурация 7, "пила" на уровне — выйти в бу и дождаться выхода (стр. 28): 1778.26…1807.77
+        сила по композиту (замена VRVP, стр. 22): зона 0 — 0.0% композита; окно композита — структура 1d
+        слом на младшем ТФ: слом на 1h подтверждён, зона ПП 1865.31…1874.46, тест был
+        событие: прокол с бара 807, глубина 0.77%, полных тел 0
+  ШОРТ  4ч  ПОК 1727.5  зона 1693.19…1745.75  объём 14758138.45  флипнут
+        границы 1678.17…1749.13  вход: по ретесту с обратной стороны, в другую сторону (стр. 43)  ПРОТИВ тренда — курс допускает только хеджем при открытой позиции по тренду (стр. 47), и только под ПРИБЫЛЬНУЮ: стр. 11 — под убыточную сделку хедж не открывается никогда (1Н, держится на 2 экстремумах)
+        СДЕЛКИ НЕТ: пробит и флипнут — стр. 43 «Уровень лонг/шорт менятся для нас на противоположный»; вход по ретесту в ДРУГУЮ сторону
+        сила по композиту (замена VRVP, стр. 22): зона 0 — 0.0% композита; окно композита — структура 1d
+        слом на младшем ТФ: слом на 1h подтверждён, зона ПП 1865.31…1874.46, тест был
+        событие: пробой с бара 800, глубина 1.50%, полных тел 2
+  ЛОНГ  4ч  ПОК 1571.86  зона 1545.11…1620.01  объём 43953463.36  активен
+        границы 1530…1678.17  вход: лимитки на ПОК и зону (стр. 30)  по тренду (1Н, держится на 2 экстремумах)  граница от прежней структуры (стр. 40)
+        стоп 1484.1 — запас за структуру (стр. 33)  (5.58% от входа)  один ордер
+        лестница 1571.86 · 1574  средняя при равных долях 1572.93
+        цель 1727.5 (4ч, 9.90%)
+        цель 1794.27 (4ч, 14.15%)
+        цель 1978.71 (4ч, 25.88%)
+        цель 2119.255 (4ч, 34.82%)
+        цель 2119.38 (4ч, 34.83%)
+        цель 2314.05 (4ч, 47.22%)
+        цель 2314.295 (1Д, 47.23%)
+        РР 1к1.77 до первой цели (стандарт курса 1к3)  НИЖЕ стандарта
+  ШОРТ  4ч  ПОК 1790.65  зона 1749.17…1806.29  объём 35469715.65  флипнут
+        границы 1778.26…1807.77  вход: по ретесту с обратной стороны, в другую сторону (стр. 43)  ПРОТИВ тренда — курс допускает только хеджем при открытой позиции по тренду (стр. 47), и только под ПРИБЫЛЬНУЮ: стр. 11 — под убыточную сделку хедж не открывается никогда (1Н, держится на 2 экстремумах)  база в сужении (стр. 34), шагов 1
+        СДЕЛКИ НЕТ: пробит и флипнут — стр. 43 «Уровень лонг/шорт менятся для нас на противоположный»; вход по ретесту в ДРУГУЮ сторону
+        сила по композиту (замена VRVP, стр. 22): зона 0 — 0.0% композита; окно композита — структура 1d
+        слом на младшем ТФ: слом на 1h подтверждён, зона ПП 1865.31…1874.46, тест был
+        событие: пробой с бара 864, глубина 5.44%, полных тел 2
+  ЛОНГ  4ч  ПОК 1874.365  зона 1821.63…1895.26  объём 26903194.78  отработан
+        границы 1836.36…1896.86  вход: только по слому структуры на младшем ТФ (стр. 31)  по тренду (1Н, держится на 2 экстремумах)  база в сужении (стр. 34), шагов 1
+        СДЕЛКИ НЕТ: отработан на первое касание — стр. 25 «мы этот уровень удаляем»; вход только по слому структуры на младшем ТФ (стр. 31)
+        накопление у уровня: конфигурация 7, "пила" на уровне — выйти в бу и дождаться выхода (стр. 28): 1846.17…1909.32, 1865…1935
+        сила по композиту (замена VRVP, стр. 22): зона 0 — 0.0% композита; окно композита — структура 1d
+        слом на младшем ТФ: слом на 1h подтверждён, зона ПП 1874.31…1881.72, тест был
+        событие: прокол с бара 922, глубина 0.87%, полных тел 0
+  ШОРТ  4ч  ПОК 1925.055  зона 1916.41…1942.8  объём 8507931.32  флипнут
+        границы 1909.32…1953.64  вход: по ретесту с обратной стороны, в другую сторону (стр. 43)  ПРОТИВ тренда — курс допускает только хеджем при открытой позиции по тренду (стр. 47), и только под ПРИБЫЛЬНУЮ: стр. 11 — под убыточную сделку хедж не открывается никогда (1Н, держится на 2 экстремумах)
+        СДЕЛКИ НЕТ: пробит и флипнут — стр. 43 «Уровень лонг/шорт менятся для нас на противоположный»; вход по ретесту в ДРУГУЮ сторону
+        накопление у уровня: конфигурация 7, "пила" на уровне — выйти в бу и дождаться выхода (стр. 28): 1865…1935
+        сила по композиту (замена VRVP, стр. 22): зона 0 — 0.0% композита; окно композита — структура 1d
+        слом на младшем ТФ: слом на 1h подтверждён, зона ПП 1865.31…1874.46, тест был
+        событие: пробой с бара 940, глубина 2.96%, полных тел 2
+  ЛОНГ  4ч  ПОК 1857.73  зона 1847.53…1919.61  объём 8890892.32  отработан
+        границы 1846.17…1909.32  вход: только по слому структуры на младшем ТФ (стр. 31)  по тренду (1Н, держится на 2 экстремумах)  граница от прежней структуры (стр. 40)
+        СДЕЛКИ НЕТ: отработан на первое касание — стр. 25 «мы этот уровень удаляем»; вход только по слому структуры на младшем ТФ (стр. 31)
+        накопление у уровня: конфигурация 5, над уровнем (стр. 28): 1865…1935
+        сила по композиту (замена VRVP, стр. 22): зона 0 — 0.0% композита; окно композита — структура 1d
+        слом на младшем ТФ: слом на 1h подтверждён, зона ПП 1874.31…1881.72, тест был
+        событие: прокол с бара 951, глубина 0.10%, полных тел 0
+  ШОРТ  4ч  ПОК 1917.47  зона 1872.81…1926.17  объём 21570539.73  активен
+        границы 1865…1935  вход: только по слому структуры на младшем ТФ (стр. 31)  ПРОТИВ тренда — курс допускает только хеджем при открытой позиции по тренду (стр. 47), и только под ПРИБЫЛЬНУЮ: стр. 11 — под убыточную сделку хедж не открывается никогда (1Н, держится на 2 экстремумах)
+        СДЕЛКИ НЕТ: цена уже торгуется в зоне уровня — стр. 44 «Приоритет – не открывать позицию, если цена уже торгуется в зоне»; ждать выхода из зоны либо быть готовым выйти в б/у на ретесте
+        сила по композиту (замена VRVP, стр. 22): зона 0 — 0.0% композита; окно композита — структура 1d
+        слом на младшем ТФ: слом на 1h подтверждён, зона ПП 1865.31…1874.46, тест был
+  ШОРТ  1Д  ПОК 2314.295  зона 2282.08…2373.04  объём 117793152.01  активен
+        границы 2250.91…2463.86  вход: лимитки на ПОК и зону (стр. 30)  ПРОТИВ тренда — курс допускает только хеджем при открытой позиции по тренду (стр. 47), и только под ПРИБЫЛЬНУЮ: стр. 11 — под убыточную сделку хедж не открывается никогда (1Н, держится на 2 экстремумах)
+        стоп 2568.56 — за стоповым объёмом либо проколом (стр. 18)  (10.99% от входа)  закуп дробим  якорь: лой/хай своего ТФ или ТФ−1
+        лестница 2314.05 · 2314.295  средняя при равных долях 2314.1725
+        промежуточная 2050.245 (4ч, 11.41%)
+        промежуточная 1990.12 (4ч, 14.01%)
+        РР нет цели до первой цели (стандарт курса 1к3)
+  ЛОНГ  1Д  ПОК 1574.09  зона 1545.75…1759.39  объём 112823096.59  активен
+        границы 1510.87…1833  вход: лимитки на ПОК и зону (стр. 30)  по тренду (1Н, держится на 2 экстремумах)
+        стоп 1465.5439 — запас за структуру (стр. 33)  (6.90% от входа)  закуп дробим
+        лестница 1571.86 · 1574.09  средняя при равных долях 1572.975
+        промежуточная 1978.71 (4ч, 25.71%)
+        промежуточная 2119.255 (4ч, 34.63%)
+        промежуточная 2119.38 (4ч, 34.64%)
+        промежуточная 2314.05 (4ч, 47.01%)
+        цель 2314.295 (1Д, 47.02%)
+        РР 1к6.82 до первой цели (стандарт курса 1к3)
 
-УРОВЕНЬ НЕ ПОСТРОЕН — причины (§4.3)
-  5м структура 847: ETH/USDT:USDT: окно [1785886200000,1785891000000) не покрыто — нет суток 2026-08-05
-  4ч структура 3: ETH/USDT:USDT: окно [1771588800000,1771819200000) не покрыто — нет суток 2026-02-20, 2026-02-21, 2026-02-22, 2026-02-23
-  4ч структура 21: ETH/USDT:USDT: окно [1771848000000,1772035200000) не покрыто — нет суток 2026-02-23, 2026-02-24, 2026-02-25
-  4ч структура 35: ETH/USDT:USDT: окно [1772049600000,1773619200000) не покрыто — нет суток 2026-02-25, 2026-02-26, 2026-02-27, 2026-02-28, 2026-03-01 и ещё 14
+СВОДКА ПО ТФ: структур → уровней (§4.3)
+  всего уровней 94  →  торгуется лимитками 8  (по состояниям: {'worked_off': 42, 'flipped': 26, 'active': 26})
+     5м  26 из 27  (96%)
+    15м  23 из 23  (100%)
+     1ч  24 из 24  (100%)
+     4ч  19 из 25  (76%)
+     1Д  2 из 27  (7%)
+     1Н  0 из 9  (0%)
+
+УРОВЕНЬ НЕ ПОСТРОЕН — причины поштучно (§4.3)
+  5м структура 835: ETH/USDT:USDT: окно [1785882600000,1785888600000) не покрыто — нет суток 2026-08-05
+  4ч структура 3: ETH/USDT:USDT: окно [1771588800000,1771876800000) не покрыто — нет суток 2026-02-20, 2026-02-21, 2026-02-22, 2026-02-23
+  4ч структура 24: ETH/USDT:USDT: окно [1771891200000,1772640000000) не покрыто — нет суток 2026-02-24, 2026-02-25, 2026-02-26, 2026-02-27, 2026-02-28 и ещё 4
+  4ч структура 76: ETH/USDT:USDT: окно [1772640000000,1772942400000) не покрыто — нет суток 2026-03-04, 2026-03-05, 2026-03-06, 2026-03-07, 2026-03-08
+  4ч структура 98: ETH/USDT:USDT: окно [1772956800000,1773374400000) не покрыто — нет суток 2026-03-08, 2026-03-09, 2026-03-10, 2026-03-11, 2026-03-12 и ещё 1
+  4ч структура 129: ETH/USDT:USDT: окно [1773403200000,1773633600000) не покрыто — нет суток 2026-03-13, 2026-03-14, 2026-03-15
+  4ч структура 618: ETH/USDT:USDT: окно [1780444800000,1780848000000) не покрыто — нет суток 2026-06-03, 2026-06-04, 2026-06-05
   1Д структура 3: ETH/USDT:USDT: окно [1699833600000,1701561600000) не покрыто — нет суток 2023-11-13, 2023-11-14, 2023-11-15, 2023-11-16, 2023-11-17 и ещё 15
   1Д структура 29: ETH/USDT:USDT: окно [1702080000000,1704931200000) не покрыто — нет суток 2023-12-09, 2023-12-10, 2023-12-11, 2023-12-12, 2023-12-13 и ещё 28
-  1Д структура 63: ETH/USDT:USDT: окно [1705017600000,1707955200000) не покрыто — нет суток 2024-01-12, 2024-01-13, 2024-01-14, 2024-01-15, 2024-01-16 и ещё 29
-  1Д структура 119: ETH/USDT:USDT: окно [1709856000000,1714521600000) не покрыто — нет суток 2024-03-08, 2024-03-09, 2024-03-10, 2024-03-11, 2024-03-12 и ещё 49
+  1Д структура 63: ETH/USDT:USDT: окно [1705017600000,1706918400000) не покрыто — нет суток 2024-01-12, 2024-01-13, 2024-01-14, 2024-01-15, 2024-01-16 и ещё 17
+  1Д структура 86: ETH/USDT:USDT: окно [1707004800000,1708905600000) не покрыто — нет суток 2024-02-04, 2024-02-05, 2024-02-06, 2024-02-07, 2024-02-08 и ещё 17
+  1Д структура 111: ETH/USDT:USDT: окно [1709164800000,1713052800000) не покрыто — нет суток 2024-02-29, 2024-03-01, 2024-03-02, 2024-03-03, 2024-03-04 и ещё 40
+  1Д структура 161: ETH/USDT:USDT: окно [1713484800000,1714521600000) не покрыто — нет суток 2024-04-19, 2024-04-20, 2024-04-21, 2024-04-22, 2024-04-23 и ещё 7
   1Д структура 173: ETH/USDT:USDT: окно [1714521600000,1722816000000) не покрыто — нет суток 2024-05-01, 2024-05-02, 2024-05-03, 2024-05-04, 2024-05-05 и ещё 91
   1Д структура 269: ETH/USDT:USDT: окно [1722816000000,1731024000000) не покрыто — нет суток 2024-08-05, 2024-08-06, 2024-08-07, 2024-08-08, 2024-08-09 и ещё 90
@@ -1079,42 +710,60 @@
   1Д структура 530: ETH/USDT:USDT: окно [1745366400000,1746748800000) не покрыто — нет суток 2025-04-23, 2025-04-24, 2025-04-25, 2025-04-26, 2025-04-27 и ещё 11
   1Д структура 550: ETH/USDT:USDT: окно [1747094400000,1752105600000) не покрыто — нет суток 2025-05-13, 2025-05-14, 2025-05-15, 2025-05-16, 2025-05-17 и ещё 53
-  1Д структура 653: ETH/USDT:USDT: окно [1755993600000,1758585600000) не покрыто — нет суток 2025-08-24, 2025-08-25, 2025-08-26, 2025-08-27, 2025-08-28 и ещё 25
-  1Д структура 685: ETH/USDT:USDT: окно [1758758400000,1763078400000) не покрыто — нет суток 2025-09-25, 2025-09-26, 2025-09-27, 2025-09-28, 2025-09-29 и ещё 45
-  1Д структура 742: ETH/USDT:USDT: окно [1763683200000,1768348800000) не покрыто — нет суток 2025-11-21, 2025-11-22, 2025-11-23, 2025-11-24, 2025-11-25 и ещё 49
-  1Д структура 796: ETH/USDT:USDT: окно [1768348800000,1769731200000) не покрыто — нет суток 2026-01-14, 2026-01-15, 2026-01-16, 2026-01-17, 2026-01-18 и ещё 11
-  1Д структура 819: ETH/USDT:USDT: окно [1770336000000,1773619200000) не покрыто — нет суток 2026-02-06, 2026-02-07, 2026-02-08, 2026-02-09, 2026-02-10 и ещё 33
-  1Н структура 3: ETH/USDT:USDT: окно [1576454400000,1596412800000) не покрыто — нет суток 2019-12-16, 2019-12-17, 2019-12-18, 2019-12-19, 2019-12-20 и ещё 226
+  1Д структура 609: ETH/USDT:USDT: окно [1752192000000,1754697600000) не покрыто — нет суток 2025-07-11, 2025-07-12, 2025-07-13, 2025-07-14, 2025-07-15 и ещё 24
+  1Д структура 643: ETH/USDT:USDT: окно [1755129600000,1757030400000) не покрыто — нет суток 2025-08-14, 2025-08-15, 2025-08-16, 2025-08-17, 2025-08-18 и ещё 17
+  1Д структура 665: ETH/USDT:USDT: окно [1757030400000,1758585600000) не покрыто — нет суток 2025-09-05, 2025-09-06, 2025-09-07, 2025-09-08, 2025-09-09 и ещё 13
+  1Д структура 685: ETH/USDT:USDT: окно [1758758400000,1762214400000) не покрыто — нет суток 2025-09-25, 2025-09-26, 2025-09-27, 2025-09-28, 2025-09-29 и ещё 35
+  1Д структура 725: ETH/USDT:USDT: окно [1762214400000,1767312000000) не покрыто — нет суток 2025-11-04, 2025-11-05, 2025-11-06, 2025-11-07, 2025-11-08 и ещё 54
+  1Д структура 788: ETH/USDT:USDT: окно [1767657600000,1768953600000) не покрыто — нет суток 2026-01-06, 2026-01-07, 2026-01-08, 2026-01-09, 2026-01-10 и ещё 10
+  1Д структура 803: ETH/USDT:USDT: окно [1768953600000,1773187200000) не покрыто — нет суток 2026-01-21, 2026-01-22, 2026-01-23, 2026-01-24, 2026-01-25 и ещё 44
+  1Д структура 854: ETH/USDT:USDT: окно [1773360000000,1776124800000) не покрыто — нет суток 2026-03-13, 2026-03-14, 2026-03-15
+  1Д структура 920: ETH/USDT:USDT: окно [1779062400000,1781654400000) не покрыто — нет суток 2026-06-03, 2026-06-04, 2026-06-05
+  1Н структура 3: ETH/USDT:USDT: окно [1576454400000,1595808000000) не покрыто — нет суток 2019-12-16, 2019-12-17, 2019-12-18, 2019-12-19, 2019-12-20 и ещё 219
   1Н структура 40: ETH/USDT:USDT: окно [1598832000000,1617580800000) не покрыто — нет суток 2020-08-31, 2020-09-01, 2020-09-02, 2020-09-03, 2020-09-04 и ещё 212
   1Н структура 76: ETH/USDT:USDT: окно [1620604800000,1655683200000) не покрыто — нет суток 2021-05-10, 2021-05-11, 2021-05-12, 2021-05-13, 2021-05-14 и ещё 401
   1Н структура 141: ETH/USDT:USDT: окно [1659916800000,1701043200000) не покрыто — нет суток 2022-08-08, 2022-08-09, 2022-08-10, 2022-08-11, 2022-08-12 и ещё 471
+  1Н структура 210: ETH/USDT:USDT: окно [1701648000000,1711929600000) не покрыто — нет суток 2023-12-04, 2023-12-05, 2023-12-06, 2023-12-07, 2023-12-08 и ещё 114
   1Н структура 228: ETH/USDT:USDT: окно [1712534400000,1722816000000) не покрыто — нет суток 2024-04-08, 2024-04-09, 2024-04-10, 2024-04-11, 2024-04-12 и ещё 114
   1Н структура 245: ETH/USDT:USDT: окно [1722816000000,1731283200000) не покрыто — нет суток 2024-08-05, 2024-08-06, 2024-08-07, 2024-08-08, 2024-08-09 и ещё 93
-  1Н структура 264: ETH/USDT:USDT: окно [1734307200000,1741564800000) не покрыто — нет суток 2024-12-16, 2024-12-17, 2024-12-18, 2024-12-19, 2024-12-20 и ещё 79
+  1Н структура 264: ETH/USDT:USDT: окно [1734307200000,1740960000000) не покрыто — нет суток 2024-12-16, 2024-12-17, 2024-12-18, 2024-12-19, 2024-12-20 и ещё 72
+  1Н структура 276: ETH/USDT:USDT: окно [1741564800000,1780876800000) не покрыто — нет суток 2025-03-10, 2025-03-11, 2025-03-12, 2025-03-13, 2025-03-14 и ещё 369
 
 ПЕРЕПРИОР
-   5м  ранний в ШОРТ  слом 1868.62  зона тени 1868.62…1869.91 (0.069%)  тест через 9 баров
-   5м  ранний в ЛОНГ  слом 1871.57  зона тени 1871.17…1871.57 (0.021%)  тест через 3 баров
+   5м  истинный в ШОРТ  слом 1868  зона тени 1868…1869.64 (0.088%)  тест через 1 баров
+        сделка от ПП (стр. 50): вход 1868  стоп 1869.64  цели нет — противоположный ПП позади входа, не по направлению
+   5м  ранний в ЛОНГ  слом 1872.25  зона тени 1871.56…1872.25 (0.037%)  теста не было
+        сделка от ПП (стр. 50): вход 1872.25  стоп 1871.56  цели нет — противоположный ПП позади входа, не по направлению
    5м  доп-фактор: не обновлён хай 1869.83 против 1870.26 — это НЕ слом (стр. 55)
-  15м  ранний в ШОРТ  слом 1867.5  зона тени 1867.5…1871.36 (0.207%)  тест через 1 баров
-  15м  истинный в ЛОНГ  слом 1872.88  зона тени 1867.05…1872.88 (0.312%)  тест через 2 баров
-   1ч  истинный в ШОРТ  слом 1862  зона тени 1862…1866.45 (0.239%)  тест через 7 баров
-   1ч  ранний в ЛОНГ  слом 1853.58  зона тени 1851.8…1853.58 (0.096%)  тест через 7 баров
+  15м  истинный в ШОРТ  слом 1867.07  зона тени 1867.07…1868.47 (0.075%)  теста не было
+        сделка от ПП (стр. 50): вход 1867.07  стоп 1868.47  цели нет — противоположный ПП позади входа, не по направлению
+  15м  истинный в ЛОНГ  слом 1872.88  зона тени 1867.05…1872.88 (0.312%)  тест через 4 баров
+        сделка от ПП (стр. 50): вход 1872.88  стоп 1867.05  цели нет — противоположный ПП позади входа, не по направлению
+   1ч  ранний в ШОРТ  слом 1865.31  зона тени 1865.31…1874.46 (0.491%)  тест через 1 баров
+        сделка от ПП (стр. 50): вход 1865.31  стоп 1874.46  цели нет — противоположный ПП позади входа, не по направлению
+   1ч  ранний в ЛОНГ  слом 1881.72  зона тени 1874.31…1881.72 (0.395%)  тест через 2 баров
+        сделка от ПП (стр. 50): вход 1881.72  стоп 1874.31  цели нет — противоположный ПП позади входа, не по направлению
    1ч  доп-фактор: не обновлён хай 1877 против 1877.45 — это НЕ слом (стр. 55)
    1ч  доп-фактор: не обновлён лой 1862.5 против 1860.3 — это НЕ слом (стр. 55)
-   4ч  истинный в ШОРТ  слом 1870.26  зона тени 1870.26…1887.93 (0.945%)  тест через 2 баров
-   4ч  ранний в ЛОНГ  слом 1909.32  зона тени 1895…1909.32 (0.756%)  тест через 6 баров
+   4ч  истинный в ШОРТ  слом 1870.26  зона тени 1870.26…1887.93 (0.945%)  тест через 8 баров
+        сделка от ПП (стр. 50): вход 1870.26  стоп 1887.93  цели нет — противоположный ПП позади входа, не по направлению
+   4ч  ранний в ЛОНГ  слом 1875.98  зона тени 1869.26…1875.98 (0.360%)  тест через 3 баров
+        сделка от ПП (стр. 50): вход 1875.98  стоп 1869.26  цели нет — противоположный ПП позади входа, не по направлению
    4ч  доп-фактор: не обновлён лой 1860.3 против 1847.5 — это НЕ слом (стр. 55)
-   1Д  ранний в ШОРТ  слом 1670.56  зона тени 1670.56…1710.18 (2.372%)  тест через 7 баров
-   1Д  ранний в ЛОНГ  слом 1833  зона тени 1798.84…1833 (1.899%)  тест через 1 баров
+   1Д  ранний в ШОРТ  слом 1855.82  зона тени 1855.82…1891.43 (1.919%)  тест через 1 баров
+        сделка от ПП (стр. 50): вход 1855.82  стоп 1891.43  цель 1833  РР 0.64 — эмитируется в леджер
+   1Д  ранний в ЛОНГ  слом 1833  зона тени 1798.84…1833 (1.899%)  теста не было
+        сделка от ПП (стр. 50): вход 1833  стоп 1798.84  цель 1855.82  РР 0.67 — эмитируется в леджер
    1Д  доп-фактор: не обновлён хай 1936.57 против 1982 — это НЕ слом (стр. 55)
-   1Н  истинный в ШОРТ  слом 1796  зона тени 1796…1938.57 (7.938%)  тест через 2 баров
-   1Н  ранний в ЛОНГ  слом 2879  зона тени 2546.32…2879 (13.065%)  тест через 17 баров
+   1Н  истинный в ШОРТ  слом 1796  зона тени 1796…1938.57 (7.938%)  тест через 3 баров
+        сделка от ПП (стр. 50): вход 1796  стоп 1938.57  цели нет — противоположный ПП позади входа, не по направлению
+   1Н  ранний в ЛОНГ  слом 2879  зона тени 2546.32…2879 (13.065%)  тест через 18 баров
+        сделка от ПП (стр. 50): вход 2879  стоп 2546.32  цели нет — противоположный ПП позади входа, не по направлению
    1Н  доп-фактор: не обновлён лой 1510.87 против 1503.6 — это НЕ слом (стр. 55)
 
 ДОП-ФАКТОРЫ (сопровождают, не порождают сигнал — стр. 64)
-   5м  полосы 0.41% (уже 24% истории) · EMA200 в 0.08% от цены
-  15м  конвергенция MACD · полосы 0.59% (уже 15% истории) · EMA200 в 0.03% от цены
-   1ч  полосы 0.70% (уже 2% истории) · EMA200 в 0.43% от цены
-   4ч  полосы 2.41% (уже 3% истории) · EMA200 в 0.95% от цены
-   1Д  полосы 6.65% (уже 1% истории) · EMA200 в 15.42% от цены
-   1Н  полосы 46.07% (уже 13% истории) · EMA200 в 31.78% от цены
+   5м  расширенная медвежья дивергенция MACD · полосы 0.41% (уже 24% истории) · EMA200 в 0.08% от цены · MA200 в 0.03% от цены
+  15м  расширенная бычья дивергенция MACD · полосы 0.59% (уже 15% истории) · EMA200 в 0.03% от цены · MA200 в 0.14% от цены
+   1ч  расширенная медвежья дивергенция RSI · расширенная медвежья дивергенция MACD · полосы 0.70% (уже 2% истории) · EMA200 в 0.43% от цены · MA200 в 0.70% от цены
+   4ч  расширенная бычья дивергенция RSI · расширенная бычья дивергенция MACD · полосы 2.42% (уже 3% истории) · EMA200 в 0.95% от цены · MA200 в 1.05% от цены
+   1Д  расширенная медвежья дивергенция MACD · полосы 6.59% (уже 1% истории) · EMA200 в 15.42% от цены · MA200 в 11.35% от цены
+   1Н  полосы 46.62% (уже 14% истории) · EMA200 в 31.18% от цены · MA200 в 31.67% от цены
==============================================================================
