[info     ] служба запускается             сигналы_остановки=SIGINT,SIGTERM,SIGBREAK такт_с=300 циклов=1
[info     ] площадка                       класс=binanceusdm что='Binance USDⓈ-M, бессрочные фьючерсы на USDT'
[info     ] возможности ccxt СПРОШЕНЫ У КАРТЫ has (не проверены вызовом) отсутствует=0 спрошено=3 эмулируется=0
[info     ] карта features СПРОШЕНА (вторая карта, тоже объявление) расхождений_с_has=2 спрошено=3 тип=swap
[warning  ] has и features РАСХОДЯТСЯ — обе карты объявления, не проверки degraded=True методы='fetchTime, watchTrades'
[warning  ] таблица снятия подписок расходится с ccxt degraded=True причины='liquidations: у площадки нет метода un_watch_liquidations; quotes: площадка не объявляет unWatchBidsAsks — подписка снимется только обрывом соединения' расхождений=2
[info     ] лимит веса прочитан у биржи    вес_в_минуту=2400
[info     ] темп настроен по лимиту биржи  rate_limit_мс=33.33 алгоритм=rollingWindow было_мс=50 бюджет_веса_в_минуту=1800 доля=0.75 лимит_веса_в_минуту=2400
[info     ] шлюз площадки отвечает         метод=fapiPublicGetPing площадка=binanceusdm
[info     ] Binance (спотовая система) в рабочем состоянии статус=ok
[info     ] часы сведены                   rtt_мс=286 замеров=5 сдвиг_мс=30
[info     ] засев                          баров_на_ряд=0 символов=27 тф=6
[warning  ] хвост ряда не добран — ряд отдан из хранилища degraded=True из_хранилища=303 причина='BTC/USDT:USDT 1d: все 1 баров ещё не закрыты' символ=BTC/USDT:USDT тф=1d
[info     ] засеяно                        баров=2026327 запросов=162
[info     ] наблюдение начато              задач=192
[info     ] подписка на сделки             вес=5 вес_подписок_всего=5 подписок_всего=1 символ=BTC/USDT:USDT
[info     ] подписка на сделки             вес=5 вес_подписок_всего=10 подписок_всего=2 символ=ETH/USDT:USDT
[info     ] подписка на сделки             вес=5 вес_подписок_всего=15 подписок_всего=3 символ=BCH/USDT:USDT
[info     ] подписка на сделки             вес=5 вес_подписок_всего=20 подписок_всего=4 символ=POL/USDT:USDT
[info     ] подписка на сделки             вес=5 вес_подписок_всего=25 подписок_всего=5 символ=ASTR/USDT:USDT
[info     ] подписка на сделки             вес=5 вес_подписок_всего=30 подписок_всего=6 символ=AEVO/USDT:USDT
[info     ] подписка на сделки             вес=5 вес_подписок_всего=35 подписок_всего=7 символ=ONDO/USDT:USDT
[info     ] подписка на сделки             вес=5 вес_подписок_всего=40 подписок_всего=8 символ=ANKR/USDT:USDT
[info     ] подписка на сделки             вес=5 вес_подписок_всего=45 подписок_всего=9 символ=ARPA/USDT:USDT
[info     ] подписка на сделки             вес=5 вес_подписок_всего=50 подписок_всего=10 символ=UNI/USDT:USDT
[info     ] подписка на сделки             вес=5 вес_подписок_всего=55 подписок_всего=11 символ=SAND/USDT:USDT
[info     ] подписка на сделки             вес=5 вес_подписок_всего=60 подписок_всего=12 символ=CFX/USDT:USDT
[info     ] подписка на сделки             вес=5 вес_подписок_всего=65 подписок_всего=13 символ=STX/USDT:USDT
[info     ] подписка на сделки             вес=5 вес_подписок_всего=70 подписок_всего=14 символ=CHZ/USDT:USDT
[info     ] подписка на сделки             вес=5 вес_подписок_всего=75 подписок_всего=15 символ=THETA/USDT:USDT
[info     ] подписка на сделки             вес=5 вес_подписок_всего=80 подписок_всего=16 символ=SUPER/USDT:USDT
[info     ] подписка на сделки             вес=5 вес_подписок_всего=85 подписок_всего=17 символ=NEO/USDT:USDT
[info     ] подписка на сделки             вес=5 вес_подписок_всего=90 подписок_всего=18 символ=SOL/USDT:USDT
[info     ] подписка на сделки             вес=5 вес_подписок_всего=95 подписок_всего=19 символ=BLESS/USDT:USDT
[info     ] подписка на сделки             вес=5 вес_подписок_всего=100 подписок_всего=20 символ=ZEC/USDT:USDT
[info     ] подписка на сделки             вес=5 вес_подписок_всего=105 подписок_всего=21 символ=HYPE/USDT:USDT
[info     ] подписка на сделки             вес=5 вес_подписок_всего=110 подписок_всего=22 символ=XRP/USDT:USDT
[info     ] подписка на сделки             вес=5 вес_подписок_всего=115 подписок_всего=23 символ=1000RATS/USDT:USDT
[info     ] подписка на сделки             вес=5 вес_подписок_всего=120 подписок_всего=24 символ=DOGE/USDT:USDT
[info     ] подписка на сделки             вес=5 вес_подписок_всего=125 подписок_всего=25 символ=ADA/USDT:USDT
[info     ] подписка на сделки             вес=5 вес_подписок_всего=130 подписок_всего=26 символ=BICO/USDT:USDT
[info     ] подписка на сделки             вес=5 вес_подписок_всего=135 подписок_всего=27 символ=BNB/USDT:USDT
[warning  ] опрос свечей: сетевой сбой     degraded=True ключ='ETH/USDT:USDT 1m' причина='RequestTimeout binanceusdm {"code":-1007,"msg":"Timeout waiting for response from backend server. Send status unknown; execution status unknown."}'
[warning  ] ряд добран НЕ ЦЕЛИКОМ — пагинация оборвана degraded=True набрано=137225 причина='ETH/USDT:USDT 1m: опрос свечей — сеть (RequestTimeout)' просили=756422 символ=ETH/USDT:USDT страниц=275 тф=1m
[warning  ] ряд короче запрошенного, и листингом это НЕ объясняется degraded=True листинг=2019-11-27 набрано=137225 просили=756422 символ=ETH/USDT:USDT тф=1m
[info     ] часы пересведены               сдвиг_мс=40 уход_мс=10
[info     ] часы пересведены               сдвиг_мс=42 уход_мс=2
[info     ] часы пересведены               сдвиг_мс=46 уход_мс=4
[info     ] часы пересведены               сдвиг_мс=52 уход_мс=6
[info     ] часы пересведены               сдвиг_мс=58 уход_мс=6
[info     ] часы пересведены               сдвиг_мс=62 уход_мс=4
[info     ] часы пересведены               сдвиг_мс=68 уход_мс=6
[info     ] часы пересведены               сдвиг_мс=75 уход_мс=7
[info     ] профиль: свечи под окна структур баров_записано=5889566 окон=47917 отброшено_по_горизонту=261 символов=27 символов_без_инструмента=0 символов_без_окон=0 тф=1m участков_добрано=27 участков_из_хранилища=0 участков_с_отказом=0
[warning  ] сделки: поток молчит дольше порога, переподключение degraded=True порог_с=300.0 символ=AEVO/USDT:USDT
[warning  ] сделки: поток молчит дольше порога, переподключение degraded=True порог_с=300.0 символ=STX/USDT:USDT
[warning  ] сделки: поток молчит дольше порога, переподключение degraded=True порог_с=300.0 символ=CFX/USDT:USDT
[warning  ] сделки: поток молчит дольше порога, переподключение degraded=True порог_с=300.0 символ=ASTR/USDT:USDT
[warning  ] сделки: поток молчит дольше порога, переподключение degraded=True порог_с=300.0 символ=THETA/USDT:USDT
[warning  ] сделки: поток молчит дольше порога, переподключение degraded=True порог_с=300.0 символ=NEO/USDT:USDT
[warning  ] сделки: поток молчит дольше порога, переподключение degraded=True порог_с=300.0 символ=ARPA/USDT:USDT
[warning  ] сделки: поток молчит дольше порога, переподключение degraded=True порог_с=300.0 символ=1000RATS/USDT:USDT
[warning  ] сделки: поток молчит дольше порога, переподключение degraded=True порог_с=300.0 символ=SUPER/USDT:USDT
[warning  ] сделки: поток молчит дольше порога, переподключение degraded=True порог_с=300.0 символ=SAND/USDT:USDT
[warning  ] сделки: поток молчит дольше порога, переподключение degraded=True порог_с=300.0 символ=BCH/USDT:USDT
[warning  ] сделки: поток молчит дольше порога, переподключение degraded=True порог_с=300.0 символ=ANKR/USDT:USDT
[warning  ] сделки: поток молчит дольше порога, переподключение degraded=True порог_с=300.0 символ=HYPE/USDT:USDT
[warning  ] сделки: поток молчит дольше порога, переподключение degraded=True порог_с=300.0 символ=BICO/USDT:USDT
[warning  ] сделки: поток молчит дольше порога, переподключение degraded=True порог_с=300.0 символ=BLESS/USDT:USDT
[warning  ] сделки: поток молчит дольше порога, переподключение degraded=True порог_с=300.0 символ=POL/USDT:USDT
[warning  ] сделки: поток молчит дольше порога, переподключение degraded=True порог_с=300.0 символ=CHZ/USDT:USDT
[warning  ] сделки: поток молчит дольше порога, переподключение degraded=True порог_с=300.0 символ=ZEC/USDT:USDT
[warning  ] сделки: поток молчит дольше порога, переподключение degraded=True порог_с=300.0 символ=XRP/USDT:USDT
[warning  ] сделки: поток молчит дольше порога, переподключение degraded=True порог_с=300.0 символ=UNI/USDT:USDT
[warning  ] сделки: поток молчит дольше порога, переподключение degraded=True порог_с=300.0 символ=ONDO/USDT:USDT
[warning  ] сделки: поток молчит дольше порога, переподключение degraded=True порог_с=300.0 символ=BNB/USDT:USDT
[warning  ] сделки: поток молчит дольше порога, переподключение degraded=True порог_с=300.0 символ=ADA/USDT:USDT
[warning  ] сделки: поток молчит дольше порога, переподключение degraded=True порог_с=300.0 символ=BTC/USDT:USDT
[warning  ] сделки: поток молчит дольше порога, переподключение degraded=True порог_с=300.0 символ=DOGE/USDT:USDT
[warning  ] сделки: поток молчит дольше порога, переподключение degraded=True порог_с=300.0 символ=ETH/USDT:USDT
[warning  ] сделки: поток молчит дольше порога, переподключение degraded=True порог_с=300.0 символ=SOL/USDT:USDT
Future exception was never retrieved
future: <Future finished exception=RequestTimeout('Connection to wss://fstream.binance.com/market/ws/26 timed out due to a ping-pong keepalive missing on time')>
ccxt.base.errors.RequestTimeout: Connection to wss://fstream.binance.com/market/ws/26 timed out due to a ping-pong keepalive missing on time
Future exception was never retrieved
future: <Future finished exception=RequestTimeout('Connection to wss://fstream.binance.com/market/ws/8 timed out due to a ping-pong keepalive missing on time')>
ccxt.base.errors.RequestTimeout: Connection to wss://fstream.binance.com/market/ws/8 timed out due to a ping-pong keepalive missing on time
Future exception was never retrieved
future: <Future finished exception=RequestTimeout('Connection to wss://fstream.binance.com/market/ws/15 timed out due to a ping-pong keepalive missing on time')>
ccxt.base.errors.RequestTimeout: Connection to wss://fstream.binance.com/market/ws/15 timed out due to a ping-pong keepalive missing on time
Future exception was never retrieved
future: <Future finished exception=RequestTimeout('Connection to wss://fstream.binance.com/market/ws/2 timed out due to a ping-pong keepalive missing on time')>
ccxt.base.errors.RequestTimeout: Connection to wss://fstream.binance.com/market/ws/2 timed out due to a ping-pong keepalive missing on time
Future exception was never retrieved
future: <Future finished exception=RequestTimeout('Connection to wss://fstream.binance.com/market/ws/12 timed out due to a ping-pong keepalive missing on time')>
ccxt.base.errors.RequestTimeout: Connection to wss://fstream.binance.com/market/ws/12 timed out due to a ping-pong keepalive missing on time
Future exception was never retrieved
future: <Future finished exception=RequestTimeout('Connection to wss://fstream.binance.com/market/ws/0 timed out due to a ping-pong keepalive missing on time')>
ccxt.base.errors.RequestTimeout: Connection to wss://fstream.binance.com/market/ws/0 timed out due to a ping-pong keepalive missing on time
Future exception was never retrieved
future: <Future finished exception=RequestTimeout('Connection to wss://fstream.binance.com/market/ws/21 timed out due to a ping-pong keepalive missing on time')>
ccxt.base.errors.RequestTimeout: Connection to wss://fstream.binance.com/market/ws/21 timed out due to a ping-pong keepalive missing on time
Future exception was never retrieved
future: <Future finished exception=RequestTimeout('Connection to wss://fstream.binance.com/market/ws/13 timed out due to a ping-pong keepalive missing on time')>
ccxt.base.errors.RequestTimeout: Connection to wss://fstream.binance.com/market/ws/13 timed out due to a ping-pong keepalive missing on time
Future exception was never retrieved
future: <Future finished exception=RequestTimeout('Connection to wss://fstream.binance.com/market/ws/1 timed out due to a ping-pong keepalive missing on time')>
ccxt.base.errors.RequestTimeout: Connection to wss://fstream.binance.com/market/ws/1 timed out due to a ping-pong keepalive missing on time
Future exception was never retrieved
future: <Future finished exception=RequestTimeout('Connection to wss://fstream.binance.com/market/ws/25 timed out due to a ping-pong keepalive missing on time')>
ccxt.base.errors.RequestTimeout: Connection to wss://fstream.binance.com/market/ws/25 timed out due to a ping-pong keepalive missing on time
Future exception was never retrieved
future: <Future finished exception=RequestTimeout('Connection to wss://fstream.binance.com/market/ws/18 timed out due to a ping-pong keepalive missing on time')>
ccxt.base.errors.RequestTimeout: Connection to wss://fstream.binance.com/market/ws/18 timed out due to a ping-pong keepalive missing on time
Future exception was never retrieved
future: <Future finished exception=RequestTimeout('Connection to wss://fstream.binance.com/market/ws/3 timed out due to a ping-pong keepalive missing on time')>
ccxt.base.errors.RequestTimeout: Connection to wss://fstream.binance.com/market/ws/3 timed out due to a ping-pong keepalive missing on time
Future exception was never retrieved
future: <Future finished exception=RequestTimeout('Connection to wss://fstream.binance.com/market/ws/10 timed out due to a ping-pong keepalive missing on time')>
ccxt.base.errors.RequestTimeout: Connection to wss://fstream.binance.com/market/ws/10 timed out due to a ping-pong keepalive missing on time
Future exception was never retrieved
future: <Future finished exception=RequestTimeout('Connection to wss://fstream.binance.com/market/ws/11 timed out due to a ping-pong keepalive missing on time')>
ccxt.base.errors.RequestTimeout: Connection to wss://fstream.binance.com/market/ws/11 timed out due to a ping-pong keepalive missing on time
Future exception was never retrieved
future: <Future finished exception=RequestTimeout('Connection to wss://fstream.binance.com/market/ws/22 timed out due to a ping-pong keepalive missing on time')>
ccxt.base.errors.RequestTimeout: Connection to wss://fstream.binance.com/market/ws/22 timed out due to a ping-pong keepalive missing on time
Future exception was never retrieved
future: <Future finished exception=RequestTimeout('Connection to wss://fstream.binance.com/market/ws/19 timed out due to a ping-pong keepalive missing on time')>
ccxt.base.errors.RequestTimeout: Connection to wss://fstream.binance.com/market/ws/19 timed out due to a ping-pong keepalive missing on time
Future exception was never retrieved
future: <Future finished exception=RequestTimeout('Connection to wss://fstream.binance.com/market/ws/7 timed out due to a ping-pong keepalive missing on time')>
ccxt.base.errors.RequestTimeout: Connection to wss://fstream.binance.com/market/ws/7 timed out due to a ping-pong keepalive missing on time
Future exception was never retrieved
future: <Future finished exception=RequestTimeout('Connection to wss://fstream.binance.com/market/ws/9 timed out due to a ping-pong keepalive missing on time')>
ccxt.base.errors.RequestTimeout: Connection to wss://fstream.binance.com/market/ws/9 timed out due to a ping-pong keepalive missing on time
Future exception was never retrieved
future: <Future finished exception=RequestTimeout('Connection to wss://fstream.binance.com/market/ws/4 timed out due to a ping-pong keepalive missing on time')>
ccxt.base.errors.RequestTimeout: Connection to wss://fstream.binance.com/market/ws/4 timed out due to a ping-pong keepalive missing on time
Future exception was never retrieved
future: <Future finished exception=RequestTimeout('Connection to wss://fstream.binance.com/market/ws/17 timed out due to a ping-pong keepalive missing on time')>
ccxt.base.errors.RequestTimeout: Connection to wss://fstream.binance.com/market/ws/17 timed out due to a ping-pong keepalive missing on time
Future exception was never retrieved
future: <Future finished exception=RequestTimeout('Connection to wss://fstream.binance.com/market/ws/24 timed out due to a ping-pong keepalive missing on time')>
ccxt.base.errors.RequestTimeout: Connection to wss://fstream.binance.com/market/ws/24 timed out due to a ping-pong keepalive missing on time
Future exception was never retrieved
future: <Future finished exception=RequestTimeout('Connection to wss://fstream.binance.com/market/ws/14 timed out due to a ping-pong keepalive missing on time')>
ccxt.base.errors.RequestTimeout: Connection to wss://fstream.binance.com/market/ws/14 timed out due to a ping-pong keepalive missing on time
Future exception was never retrieved
future: <Future finished exception=RequestTimeout('Connection to wss://fstream.binance.com/market/ws/16 timed out due to a ping-pong keepalive missing on time')>
ccxt.base.errors.RequestTimeout: Connection to wss://fstream.binance.com/market/ws/16 timed out due to a ping-pong keepalive missing on time
Future exception was never retrieved
future: <Future finished exception=RequestTimeout('Connection to wss://fstream.binance.com/market/ws/23 timed out due to a ping-pong keepalive missing on time')>
ccxt.base.errors.RequestTimeout: Connection to wss://fstream.binance.com/market/ws/23 timed out due to a ping-pong keepalive missing on time
Future exception was never retrieved
future: <Future finished exception=RequestTimeout('Connection to wss://fstream.binance.com/market/ws/6 timed out due to a ping-pong keepalive missing on time')>
ccxt.base.errors.RequestTimeout: Connection to wss://fstream.binance.com/market/ws/6 timed out due to a ping-pong keepalive missing on time
Future exception was never retrieved
future: <Future finished exception=RequestTimeout('Connection to wss://fstream.binance.com/market/ws/20 timed out due to a ping-pong keepalive missing on time')>
ccxt.base.errors.RequestTimeout: Connection to wss://fstream.binance.com/market/ws/20 timed out due to a ping-pong keepalive missing on time
Future exception was never retrieved
future: <Future finished exception=RequestTimeout('Connection to wss://fstream.binance.com/market/ws/5 timed out due to a ping-pong keepalive missing on time')>
ccxt.base.errors.RequestTimeout: Connection to wss://fstream.binance.com/market/ws/5 timed out due to a ping-pong keepalive missing on time
[warning  ] разрыв потока сделок добран частично degraded=True добрано=3000 осталось=4562 символ=BTC/USDT:USDT
[warning  ] разрыв потока сделок добран частично degraded=True добрано=3000 осталось=5024 символ=ETH/USDT:USDT
[info     ] часы пересведены               сдвиг_мс=96 уход_мс=21
[warning  ] догон сделок: сетевой сбой     degraded=True ключ=NEO/USDT:USDT причина='ExchangeNotAvailable binanceusdm GET https://fapi.binance.com/fapi/v1/aggTrades?symbol=NEOUSDT&limit=26&fromId=226614962'
[warning  ] разрыв потока сделок не добран degraded=True потеряно=26 причина='NEO/USDT:USDT: догон сделок — сеть (ExchangeNotAvailable)' символ=NEO/USDT:USDT
[warning  ] сделки: сетевой сбой, переподключение degraded=True причина='NetworkError Connection closed by remote server, closing code 1006' символ=ARPA/USDT:USDT
[warning  ] сделки: сетевой сбой, переподключение degraded=True причина='NetworkError Connection closed by remote server, closing code 1006' символ=AEVO/USDT:USDT
[warning  ] сделки: сетевой сбой, переподключение degraded=True причина='NetworkError Connection closed by remote server, closing code 1006' символ=POL/USDT:USDT
[warning  ] сделки: сетевой сбой, переподключение degraded=True причина='RequestTimeout Connection timeout' символ=AEVO/USDT:USDT
[warning  ] сделки: сетевой сбой, переподключение degraded=True причина='RequestTimeout Connection timeout' символ=ARPA/USDT:USDT
[warning  ] сделки: сетевой сбой, переподключение degraded=True причина='NetworkError Cannot connect to host fstream.binance.com:443 ssl:default [getaddrinfo failed]' символ=POL/USDT:USDT
[warning  ] сделки: сетевой сбой, переподключение degraded=True причина='RequestTimeout Connection timeout' символ=AEVO/USDT:USDT
[warning  ] сделки: сетевой сбой, переподключение degraded=True причина='RequestTimeout Connection timeout' символ=ARPA/USDT:USDT
[warning  ] сделки: сетевой сбой, переподключение degraded=True причина='RequestTimeout Connection timeout' символ=POL/USDT:USDT
[warning  ] опрос свечей: сетевой сбой     degraded=True ключ='AEVO/USDT:USDT 5m' причина='ExchangeNotAvailable binanceusdm GET https://fapi.binance.com/fapi/v1/klines?interval=5m&limit=3&symbol=AEVOUSDT'
[warning  ] опрос баров не дал ряда        degraded=True причина='AEVO/USDT:USDT 5m: опрос свечей — сеть (ExchangeNotAvailable)' символ=AEVO/USDT:USDT тф=5m
[warning  ] опрос свечей: сетевой сбой     degraded=True ключ='ADA/USDT:USDT 5m' причина='ExchangeNotAvailable binanceusdm GET https://fapi.binance.com/fapi/v1/klines?interval=5m&limit=3&symbol=ADAUSDT'
[warning  ] опрос баров не дал ряда        degraded=True причина='ADA/USDT:USDT 5m: опрос свечей — сеть (ExchangeNotAvailable)' символ=ADA/USDT:USDT тф=5m
[warning  ] опрос свечей: сетевой сбой     degraded=True ключ='THETA/USDT:USDT 5m' причина='ExchangeNotAvailable binanceusdm GET https://fapi.binance.com/fapi/v1/klines?interval=5m&limit=3&symbol=THETAUSDT'
[warning  ] опрос баров не дал ряда        degraded=True причина='THETA/USDT:USDT 5m: опрос свечей — сеть (ExchangeNotAvailable)' символ=THETA/USDT:USDT тф=5m
[warning  ] опрос свечей: сетевой сбой     degraded=True ключ='SOL/USDT:USDT 5m' причина='ExchangeNotAvailable binanceusdm GET https://fapi.binance.com/fapi/v1/klines?interval=5m&limit=3&symbol=SOLUSDT'
[warning  ] опрос баров не дал ряда        degraded=True причина='SOL/USDT:USDT 5m: опрос свечей — сеть (ExchangeNotAvailable)' символ=SOL/USDT:USDT тф=5m
[warning  ] опрос свечей: сетевой сбой     degraded=True ключ='SAND/USDT:USDT 5m' причина='ExchangeNotAvailable binanceusdm GET https://fapi.binance.com/fapi/v1/klines?interval=5m&limit=3&symbol=SANDUSDT'
[warning  ] опрос баров не дал ряда        degraded=True причина='SAND/USDT:USDT 5m: опрос свечей — сеть (ExchangeNotAvailable)' символ=SAND/USDT:USDT тф=5m
[warning  ] опрос свечей: сетевой сбой     degraded=True ключ='HYPE/USDT:USDT 5m' причина='ExchangeNotAvailable binanceusdm GET https://fapi.binance.com/fapi/v1/klines?interval=5m&limit=3&symbol=HYPEUSDT'
[warning  ] опрос баров не дал ряда        degraded=True причина='HYPE/USDT:USDT 5m: опрос свечей — сеть (ExchangeNotAvailable)' символ=HYPE/USDT:USDT тф=5m
[warning  ] опрос свечей: сетевой сбой     degraded=True ключ='STX/USDT:USDT 5m' причина='ExchangeNotAvailable binanceusdm GET https://fapi.binance.com/fapi/v1/klines?interval=5m&limit=3&symbol=STXUSDT'
[warning  ] опрос баров не дал ряда        degraded=True причина='STX/USDT:USDT 5m: опрос свечей — сеть (ExchangeNotAvailable)' символ=STX/USDT:USDT тф=5m
[warning  ] опрос свечей: сетевой сбой     degraded=True ключ='1000RATS/USDT:USDT 5m' причина='ExchangeNotAvailable binanceusdm GET https://fapi.binance.com/fapi/v1/klines?interval=5m&limit=3&symbol=1000RATSUSDT'
[warning  ] опрос баров не дал ряда        degraded=True причина='1000RATS/USDT:USDT 5m: опрос свечей — сеть (ExchangeNotAvailable)' символ=1000RATS/USDT:USDT тф=5m
[warning  ] опрос свечей: сетевой сбой     degraded=True ключ='ANKR/USDT:USDT 5m' причина='ExchangeNotAvailable binanceusdm GET https://fapi.binance.com/fapi/v1/klines?interval=5m&limit=3&symbol=ANKRUSDT'
[warning  ] опрос баров не дал ряда        degraded=True причина='ANKR/USDT:USDT 5m: опрос свечей — сеть (ExchangeNotAvailable)' символ=ANKR/USDT:USDT тф=5m
[warning  ] опрос свечей: сетевой сбой     degraded=True ключ='BNB/USDT:USDT 5m' причина='ExchangeNotAvailable binanceusdm GET https://fapi.binance.com/fapi/v1/klines?interval=5m&limit=3&symbol=BNBUSDT'
[warning  ] опрос баров не дал ряда        degraded=True причина='BNB/USDT:USDT 5m: опрос свечей — сеть (ExchangeNotAvailable)' символ=BNB/USDT:USDT тф=5m
[warning  ] опрос свечей: сетевой сбой     degraded=True ключ='BCH/USDT:USDT 5m' причина='ExchangeNotAvailable binanceusdm GET https://fapi.binance.com/fapi/v1/klines?interval=5m&limit=3&symbol=BCHUSDT'
[warning  ] опрос баров не дал ряда        degraded=True причина='BCH/USDT:USDT 5m: опрос свечей — сеть (ExchangeNotAvailable)' символ=BCH/USDT:USDT тф=5m
[warning  ] опрос свечей: сетевой сбой     degraded=True ключ='DOGE/USDT:USDT 5m' причина='ExchangeNotAvailable binanceusdm GET https://fapi.binance.com/fapi/v1/klines?interval=5m&limit=3&symbol=DOGEUSDT'
[warning  ] опрос баров не дал ряда        degraded=True причина='DOGE/USDT:USDT 5m: опрос свечей — сеть (ExchangeNotAvailable)' символ=DOGE/USDT:USDT тф=5m
[warning  ] опрос свечей: сетевой сбой     degraded=True ключ='BLESS/USDT:USDT 5m' причина='ExchangeNotAvailable binanceusdm GET https://fapi.binance.com/fapi/v1/klines?interval=5m&limit=3&symbol=BLESSUSDT'
[warning  ] опрос баров не дал ряда        degraded=True причина='BLESS/USDT:USDT 5m: опрос свечей — сеть (ExchangeNotAvailable)' символ=BLESS/USDT:USDT тф=5m
[warning  ] опрос свечей: сетевой сбой     degraded=True ключ='ZEC/USDT:USDT 5m' причина='ExchangeNotAvailable binanceusdm GET https://fapi.binance.com/fapi/v1/klines?interval=5m&limit=3&symbol=ZECUSDT'
[warning  ] опрос баров не дал ряда        degraded=True причина='ZEC/USDT:USDT 5m: опрос свечей — сеть (ExchangeNotAvailable)' символ=ZEC/USDT:USDT тф=5m
[warning  ] опрос свечей: сетевой сбой     degraded=True ключ='CFX/USDT:USDT 5m' причина='ExchangeNotAvailable binanceusdm GET https://fapi.binance.com/fapi/v1/klines?interval=5m&limit=3&symbol=CFXUSDT'
[warning  ] опрос баров не дал ряда        degraded=True причина='CFX/USDT:USDT 5m: опрос свечей — сеть (ExchangeNotAvailable)' символ=CFX/USDT:USDT тф=5m
[warning  ] опрос свечей: сетевой сбой     degraded=True ключ='XRP/USDT:USDT 5m' причина='ExchangeNotAvailable binanceusdm GET https://fapi.binance.com/fapi/v1/klines?interval=5m&limit=3&symbol=XRPUSDT'
[warning  ] опрос баров не дал ряда        degraded=True причина='XRP/USDT:USDT 5m: опрос свечей — сеть (ExchangeNotAvailable)' символ=XRP/USDT:USDT тф=5m
[warning  ] опрос свечей: сетевой сбой     degraded=True ключ='SUPER/USDT:USDT 5m' причина='ExchangeNotAvailable binanceusdm GET https://fapi.binance.com/fapi/v1/klines?interval=5m&limit=3&symbol=SUPERUSDT'
[warning  ] опрос баров не дал ряда        degraded=True причина='SUPER/USDT:USDT 5m: опрос свечей — сеть (ExchangeNotAvailable)' символ=SUPER/USDT:USDT тф=5m
[warning  ] опрос свечей: сетевой сбой     degraded=True ключ='ONDO/USDT:USDT 5m' причина='ExchangeNotAvailable binanceusdm GET https://fapi.binance.com/fapi/v1/klines?interval=5m&limit=3&symbol=ONDOUSDT'
[warning  ] опрос баров не дал ряда        degraded=True причина='ONDO/USDT:USDT 5m: опрос свечей — сеть (ExchangeNotAvailable)' символ=ONDO/USDT:USDT тф=5m
[warning  ] опрос свечей: сетевой сбой     degraded=True ключ='UNI/USDT:USDT 5m' причина='ExchangeNotAvailable binanceusdm GET https://fapi.binance.com/fapi/v1/klines?interval=5m&limit=3&symbol=UNIUSDT'
[warning  ] опрос баров не дал ряда        degraded=True причина='UNI/USDT:USDT 5m: опрос свечей — сеть (ExchangeNotAvailable)' символ=UNI/USDT:USDT тф=5m
[warning  ] опрос свечей: сетевой сбой     degraded=True ключ='ARPA/USDT:USDT 5m' причина='ExchangeNotAvailable binanceusdm GET https://fapi.binance.com/fapi/v1/klines?interval=5m&limit=3&symbol=ARPAUSDT'
[warning  ] опрос баров не дал ряда        degraded=True причина='ARPA/USDT:USDT 5m: опрос свечей — сеть (ExchangeNotAvailable)' символ=ARPA/USDT:USDT тф=5m
[warning  ] опрос свечей: сетевой сбой     degraded=True ключ='CHZ/USDT:USDT 5m' причина='ExchangeNotAvailable binanceusdm GET https://fapi.binance.com/fapi/v1/klines?interval=5m&limit=3&symbol=CHZUSDT'
[warning  ] опрос баров не дал ряда        degraded=True причина='CHZ/USDT:USDT 5m: опрос свечей — сеть (ExchangeNotAvailable)' символ=CHZ/USDT:USDT тф=5m
[warning  ] опрос свечей: сетевой сбой     degraded=True ключ='ETH/USDT:USDT 5m' причина='ExchangeNotAvailable binanceusdm GET https://fapi.binance.com/fapi/v1/klines?interval=5m&limit=3&symbol=ETHUSDT'
[warning  ] опрос баров не дал ряда        degraded=True причина='ETH/USDT:USDT 5m: опрос свечей — сеть (ExchangeNotAvailable)' символ=ETH/USDT:USDT тф=5m
[warning  ] опрос свечей: сетевой сбой     degraded=True ключ='NEO/USDT:USDT 5m' причина='ExchangeNotAvailable binanceusdm GET https://fapi.binance.com/fapi/v1/klines?interval=5m&limit=3&symbol=NEOUSDT'
[warning  ] опрос баров не дал ряда        degraded=True причина='NEO/USDT:USDT 5m: опрос свечей — сеть (ExchangeNotAvailable)' символ=NEO/USDT:USDT тф=5m
[warning  ] опрос свечей: сетевой сбой     degraded=True ключ='BICO/USDT:USDT 5m' причина='ExchangeNotAvailable binanceusdm GET https://fapi.binance.com/fapi/v1/klines?interval=5m&limit=3&symbol=BICOUSDT'
[warning  ] опрос баров не дал ряда        degraded=True причина='BICO/USDT:USDT 5m: опрос свечей — сеть (ExchangeNotAvailable)' символ=BICO/USDT:USDT тф=5m
[warning  ] опрос свечей: сетевой сбой     degraded=True ключ='BTC/USDT:USDT 5m' причина='ExchangeNotAvailable binanceusdm GET https://fapi.binance.com/fapi/v1/klines?interval=5m&limit=3&symbol=BTCUSDT'
[warning  ] опрос баров не дал ряда        degraded=True причина='BTC/USDT:USDT 5m: опрос свечей — сеть (ExchangeNotAvailable)' символ=BTC/USDT:USDT тф=5m
[warning  ] опрос свечей: сетевой сбой     degraded=True ключ='POL/USDT:USDT 5m' причина='ExchangeNotAvailable binanceusdm GET https://fapi.binance.com/fapi/v1/klines?interval=5m&limit=3&symbol=POLUSDT'
[warning  ] опрос баров не дал ряда        degraded=True причина='POL/USDT:USDT 5m: опрос свечей — сеть (ExchangeNotAvailable)' символ=POL/USDT:USDT тф=5m
[warning  ] опрос свечей: сетевой сбой     degraded=True ключ='ASTR/USDT:USDT 5m' причина='ExchangeNotAvailable binanceusdm GET https://fapi.binance.com/fapi/v1/klines?interval=5m&limit=3&symbol=ASTRUSDT'
[warning  ] опрос баров не дал ряда        degraded=True причина='ASTR/USDT:USDT 5m: опрос свечей — сеть (ExchangeNotAvailable)' символ=ASTR/USDT:USDT тф=5m
[warning  ] сделки: сетевой сбой, переподключение degraded=True причина='RequestTimeout Connection timeout' символ=AEVO/USDT:USDT
[warning  ] сделки: сетевой сбой, переподключение degraded=True причина='RequestTimeout Connection timeout' символ=ARPA/USDT:USDT
[warning  ] сделки: сетевой сбой, переподключение degraded=True причина='RequestTimeout Connection timeout' символ=POL/USDT:USDT
[warning  ] сделки: сетевой сбой, переподключение degraded=True причина='RequestTimeout Connection timeout' символ=AEVO/USDT:USDT
[warning  ] сделки: сетевой сбой, переподключение degraded=True причина='RequestTimeout Connection timeout' символ=ARPA/USDT:USDT
[warning  ] сделки: сетевой сбой, переподключение degraded=True причина='RequestTimeout Connection timeout' символ=POL/USDT:USDT
[warning  ] сделки: сетевой сбой, переподключение degraded=True причина='RequestTimeout Connection timeout' символ=AEVO/USDT:USDT
[warning  ] сделки: сетевой сбой, переподключение degraded=True причина='RequestTimeout Connection timeout' символ=ARPA/USDT:USDT
[warning  ] сделки: сетевой сбой, переподключение degraded=True причина='RequestTimeout Connection timeout' символ=POL/USDT:USDT
[warning  ] сделки: сетевой сбой, переподключение degraded=True причина='RequestTimeout Connection timeout' символ=POL/USDT:USDT
[warning  ] сделки: сетевой сбой, переподключение degraded=True причина='RequestTimeout Connection timeout' символ=AEVO/USDT:USDT
[warning  ] сделки: сетевой сбой, переподключение degraded=True причина='RequestTimeout Connection timeout' символ=ARPA/USDT:USDT
[warning  ] сделки: сетевой сбой, переподключение degraded=True причина='NetworkError Cannot connect to host fstream.binance.com:443 ssl:default [getaddrinfo failed]' символ=POL/USDT:USDT
[warning  ] сделки: сетевой сбой, переподключение degraded=True причина='NetworkError Connection closed by remote server, closing code 1006' символ=SAND/USDT:USDT
[warning  ] сделки: сетевой сбой, переподключение degraded=True причина='NetworkError Connection closed by remote server, closing code 1006' символ=BLESS/USDT:USDT
[warning  ] сделки: сетевой сбой, переподключение degraded=True причина='NetworkError Connection closed by remote server, closing code 1006' символ=1000RATS/USDT:USDT
[warning  ] сделки: сетевой сбой, переподключение degraded=True причина='NetworkError Connection closed by remote server, closing code 1006' символ=SUPER/USDT:USDT
[warning  ] сделки: сетевой сбой, переподключение degraded=True причина='NetworkError Connection closed by remote server, closing code 1006' символ=ONDO/USDT:USDT
[warning  ] сделки: сетевой сбой, переподключение degraded=True причина='NetworkError Connection closed by remote server, closing code 1006' символ=HYPE/USDT:USDT
[warning  ] сделки: сетевой сбой, переподключение degraded=True причина='NetworkError Connection closed by remote server, closing code 1006' символ=BCH/USDT:USDT
[warning  ] сделки: сетевой сбой, переподключение degraded=True причина='NetworkError Connection closed by remote server, closing code 1006' символ=XRP/USDT:USDT
[warning  ] сделки: сетевой сбой, переподключение degraded=True причина='NetworkError Connection closed by remote server, closing code 1006' символ=SOL/USDT:USDT
[warning  ] опрос свечей: сетевой сбой     degraded=True ключ='STX/USDT:USDT 5m' причина='ExchangeNotAvailable binanceusdm GET https://fapi.binance.com/fapi/v1/klines?interval=5m&limit=3&symbol=STXUSDT'
[warning  ] опрос баров не дал ряда        degraded=True причина='STX/USDT:USDT 5m: опрос свечей — сеть (ExchangeNotAvailable)' символ=STX/USDT:USDT тф=5m
[warning  ] опрос свечей: сетевой сбой     degraded=True ключ='DOGE/USDT:USDT 5m' причина='ExchangeNotAvailable binanceusdm GET https://fapi.binance.com/fapi/v1/klines?interval=5m&limit=3&symbol=DOGEUSDT'
[warning  ] опрос баров не дал ряда        degraded=True причина='DOGE/USDT:USDT 5m: опрос свечей — сеть (ExchangeNotAvailable)' символ=DOGE/USDT:USDT тф=5m
[warning  ] опрос свечей: сетевой сбой     degraded=True ключ='HYPE/USDT:USDT 5m' причина='ExchangeNotAvailable binanceusdm GET https://fapi.binance.com/fapi/v1/klines?interval=5m&limit=3&symbol=HYPEUSDT'
[warning  ] опрос баров не дал ряда        degraded=True причина='HYPE/USDT:USDT 5m: опрос свечей — сеть (ExchangeNotAvailable)' символ=HYPE/USDT:USDT тф=5m
[warning  ] опрос свечей: сетевой сбой     degraded=True ключ='ANKR/USDT:USDT 5m' причина='ExchangeNotAvailable binanceusdm GET https://fapi.binance.com/fapi/v1/klines?interval=5m&limit=3&symbol=ANKRUSDT'
[warning  ] опрос баров не дал ряда        degraded=True причина='ANKR/USDT:USDT 5m: опрос свечей — сеть (ExchangeNotAvailable)' символ=ANKR/USDT:USDT тф=5m
[warning  ] опрос свечей: сетевой сбой     degraded=True ключ='1000RATS/USDT:USDT 5m' причина='ExchangeNotAvailable binanceusdm GET https://fapi.binance.com/fapi/v1/klines?interval=5m&limit=3&symbol=1000RATSUSDT'
[warning  ] опрос баров не дал ряда        degraded=True причина='1000RATS/USDT:USDT 5m: опрос свечей — сеть (ExchangeNotAvailable)' символ=1000RATS/USDT:USDT тф=5m
[warning  ] опрос свечей: сетевой сбой     degraded=True ключ='SOL/USDT:USDT 5m' причина='ExchangeNotAvailable binanceusdm GET https://fapi.binance.com/fapi/v1/klines?interval=5m&limit=3&symbol=SOLUSDT'
[warning  ] опрос баров не дал ряда        degraded=True причина='SOL/USDT:USDT 5m: опрос свечей — сеть (ExchangeNotAvailable)' символ=SOL/USDT:USDT тф=5m
[warning  ] опрос свечей: сетевой сбой     degraded=True ключ='ASTR/USDT:USDT 5m' причина='ExchangeNotAvailable binanceusdm GET https://fapi.binance.com/fapi/v1/klines?interval=5m&limit=3&symbol=ASTRUSDT'
[warning  ] опрос баров не дал ряда        degraded=True причина='ASTR/USDT:USDT 5m: опрос свечей — сеть (ExchangeNotAvailable)' символ=ASTR/USDT:USDT тф=5m
[warning  ] опрос свечей: сетевой сбой     degraded=True ключ='BNB/USDT:USDT 5m' причина='ExchangeNotAvailable binanceusdm GET https://fapi.binance.com/fapi/v1/klines?interval=5m&limit=3&symbol=BNBUSDT'
[warning  ] опрос баров не дал ряда        degraded=True причина='BNB/USDT:USDT 5m: опрос свечей — сеть (ExchangeNotAvailable)' символ=BNB/USDT:USDT тф=5m
[warning  ] опрос свечей: сетевой сбой     degraded=True ключ='ETH/USDT:USDT 5m' причина='ExchangeNotAvailable binanceusdm GET https://fapi.binance.com/fapi/v1/klines?interval=5m&limit=3&symbol=ETHUSDT'
[warning  ] опрос баров не дал ряда        degraded=True причина='ETH/USDT:USDT 5m: опрос свечей — сеть (ExchangeNotAvailable)' символ=ETH/USDT:USDT тф=5m
[warning  ] опрос свечей: сетевой сбой     degraded=True ключ='SAND/USDT:USDT 5m' причина='ExchangeNotAvailable binanceusdm GET https://fapi.binance.com/fapi/v1/klines?interval=5m&limit=3&symbol=SANDUSDT'
[warning  ] опрос баров не дал ряда        degraded=True причина='SAND/USDT:USDT 5m: опрос свечей — сеть (ExchangeNotAvailable)' символ=SAND/USDT:USDT тф=5m
[warning  ] опрос свечей: сетевой сбой     degraded=True ключ='CFX/USDT:USDT 5m' причина='ExchangeNotAvailable binanceusdm GET https://fapi.binance.com/fapi/v1/klines?interval=5m&limit=3&symbol=CFXUSDT'
[warning  ] опрос баров не дал ряда        degraded=True причина='CFX/USDT:USDT 5m: опрос свечей — сеть (ExchangeNotAvailable)' символ=CFX/USDT:USDT тф=5m
[warning  ] опрос свечей: сетевой сбой     degraded=True ключ='BCH/USDT:USDT 5m' причина='ExchangeNotAvailable binanceusdm GET https://fapi.binance.com/fapi/v1/klines?interval=5m&limit=3&symbol=BCHUSDT'
[warning  ] опрос баров не дал ряда        degraded=True причина='BCH/USDT:USDT 5m: опрос свечей — сеть (ExchangeNotAvailable)' символ=BCH/USDT:USDT тф=5m
[warning  ] опрос свечей: сетевой сбой     degraded=True ключ='BLESS/USDT:USDT 5m' причина='ExchangeNotAvailable binanceusdm GET https://fapi.binance.com/fapi/v1/klines?interval=5m&limit=3&symbol=BLESSUSDT'
[warning  ] опрос баров не дал ряда        degraded=True причина='BLESS/USDT:USDT 5m: опрос свечей — сеть (ExchangeNotAvailable)' символ=BLESS/USDT:USDT тф=5m
[warning  ] опрос свечей: сетевой сбой     degraded=True ключ='XRP/USDT:USDT 5m' причина='ExchangeNotAvailable binanceusdm GET https://fapi.binance.com/fapi/v1/klines?interval=5m&limit=3&symbol=XRPUSDT'
[warning  ] опрос баров не дал ряда        degraded=True причина='XRP/USDT:USDT 5m: опрос свечей — сеть (ExchangeNotAvailable)' символ=XRP/USDT:USDT тф=5m
[warning  ] опрос свечей: сетевой сбой     degraded=True ключ='ONDO/USDT:USDT 5m' причина='ExchangeNotAvailable binanceusdm GET https://fapi.binance.com/fapi/v1/klines?interval=5m&limit=3&symbol=ONDOUSDT'
[warning  ] опрос баров не дал ряда        degraded=True причина='ONDO/USDT:USDT 5m: опрос свечей — сеть (ExchangeNotAvailable)' символ=ONDO/USDT:USDT тф=5m
[warning  ] опрос свечей: сетевой сбой     degraded=True ключ='ZEC/USDT:USDT 5m' причина='ExchangeNotAvailable binanceusdm GET https://fapi.binance.com/fapi/v1/klines?interval=5m&limit=3&symbol=ZECUSDT'
[warning  ] опрос баров не дал ряда        degraded=True причина='ZEC/USDT:USDT 5m: опрос свечей — сеть (ExchangeNotAvailable)' символ=ZEC/USDT:USDT тф=5m
[warning  ] опрос свечей: сетевой сбой     degraded=True ключ='ARPA/USDT:USDT 5m' причина='ExchangeNotAvailable binanceusdm GET https://fapi.binance.com/fapi/v1/klines?interval=5m&limit=3&symbol=ARPAUSDT'
[warning  ] опрос баров не дал ряда        degraded=True причина='ARPA/USDT:USDT 5m: опрос свечей — сеть (ExchangeNotAvailable)' символ=ARPA/USDT:USDT тф=5m
[warning  ] опрос свечей: сетевой сбой     degraded=True ключ='SUPER/USDT:USDT 5m' причина='ExchangeNotAvailable binanceusdm GET https://fapi.binance.com/fapi/v1/klines?interval=5m&limit=3&symbol=SUPERUSDT'
[warning  ] опрос баров не дал ряда        degraded=True причина='SUPER/USDT:USDT 5m: опрос свечей — сеть (ExchangeNotAvailable)' символ=SUPER/USDT:USDT тф=5m
[warning  ] опрос свечей: сетевой сбой     degraded=True ключ='THETA/USDT:USDT 5m' причина='ExchangeNotAvailable binanceusdm GET https://fapi.binance.com/fapi/v1/klines?interval=5m&limit=3&symbol=THETAUSDT'
[warning  ] опрос баров не дал ряда        degraded=True причина='THETA/USDT:USDT 5m: опрос свечей — сеть (ExchangeNotAvailable)' символ=THETA/USDT:USDT тф=5m
[warning  ] опрос свечей: сетевой сбой     degraded=True ключ='CHZ/USDT:USDT 5m' причина='ExchangeNotAvailable binanceusdm GET https://fapi.binance.com/fapi/v1/klines?interval=5m&limit=3&symbol=CHZUSDT'
[warning  ] опрос баров не дал ряда        degraded=True причина='CHZ/USDT:USDT 5m: опрос свечей — сеть (ExchangeNotAvailable)' символ=CHZ/USDT:USDT тф=5m
[warning  ] опрос свечей: сетевой сбой     degraded=True ключ='UNI/USDT:USDT 5m' причина='ExchangeNotAvailable binanceusdm GET https://fapi.binance.com/fapi/v1/klines?interval=5m&limit=3&symbol=UNIUSDT'
[warning  ] опрос баров не дал ряда        degraded=True причина='UNI/USDT:USDT 5m: опрос свечей — сеть (ExchangeNotAvailable)' символ=UNI/USDT:USDT тф=5m
[warning  ] опрос свечей: сетевой сбой     degraded=True ключ='POL/USDT:USDT 5m' причина='ExchangeNotAvailable binanceusdm GET https://fapi.binance.com/fapi/v1/klines?interval=5m&limit=3&symbol=POLUSDT'
[warning  ] опрос баров не дал ряда        degraded=True причина='POL/USDT:USDT 5m: опрос свечей — сеть (ExchangeNotAvailable)' символ=POL/USDT:USDT тф=5m
[warning  ] опрос свечей: сетевой сбой     degraded=True ключ='BICO/USDT:USDT 5m' причина='ExchangeNotAvailable binanceusdm GET https://fapi.binance.com/fapi/v1/klines?interval=5m&limit=3&symbol=BICOUSDT'
[warning  ] опрос баров не дал ряда        degraded=True причина='BICO/USDT:USDT 5m: опрос свечей — сеть (ExchangeNotAvailable)' символ=BICO/USDT:USDT тф=5m
[warning  ] опрос свечей: сетевой сбой     degraded=True ключ='NEO/USDT:USDT 5m' причина='ExchangeNotAvailable binanceusdm GET https://fapi.binance.com/fapi/v1/klines?interval=5m&limit=3&symbol=NEOUSDT'
[warning  ] опрос баров не дал ряда        degraded=True причина='NEO/USDT:USDT 5m: опрос свечей — сеть (ExchangeNotAvailable)' символ=NEO/USDT:USDT тф=5m
[warning  ] опрос свечей: сетевой сбой     degraded=True ключ='BTC/USDT:USDT 5m' причина='ExchangeNotAvailable binanceusdm GET https://fapi.binance.com/fapi/v1/klines?interval=5m&limit=3&symbol=BTCUSDT'
[warning  ] опрос баров не дал ряда        degraded=True причина='BTC/USDT:USDT 5m: опрос свечей — сеть (ExchangeNotAvailable)' символ=BTC/USDT:USDT тф=5m
[warning  ] опрос свечей: сетевой сбой     degraded=True ключ='ADA/USDT:USDT 5m' причина='ExchangeNotAvailable binanceusdm GET https://fapi.binance.com/fapi/v1/klines?interval=5m&limit=3&symbol=ADAUSDT'
[warning  ] опрос баров не дал ряда        degraded=True причина='ADA/USDT:USDT 5m: опрос свечей — сеть (ExchangeNotAvailable)' символ=ADA/USDT:USDT тф=5m
[warning  ] опрос свечей: сетевой сбой     degraded=True ключ='AEVO/USDT:USDT 5m' причина='ExchangeNotAvailable binanceusdm GET https://fapi.binance.com/fapi/v1/klines?interval=5m&limit=3&symbol=AEVOUSDT'
[warning  ] опрос баров не дал ряда        degraded=True причина='AEVO/USDT:USDT 5m: опрос свечей — сеть (ExchangeNotAvailable)' символ=AEVO/USDT:USDT тф=5m
[warning  ] сделки: сетевой сбой, переподключение degraded=True причина='NetworkError Connection closed by remote server, closing code 1006' символ=CFX/USDT:USDT
[warning  ] сделки: сетевой сбой, переподключение degraded=True причина='NetworkError Connection closed by remote server, closing code 1006' символ=DOGE/USDT:USDT
[warning  ] сделки: сетевой сбой, переподключение degraded=True причина='NetworkError Connection closed by remote server, closing code 1006' символ=BNB/USDT:USDT
[warning  ] сделки: сетевой сбой, переподключение degraded=True причина='NetworkError Connection closed by remote server, closing code 1006' символ=ANKR/USDT:USDT
[warning  ] сделки: сетевой сбой, переподключение degraded=True причина='NetworkError Connection closed by remote server, closing code 1006' символ=STX/USDT:USDT
[warning  ] сделки: сетевой сбой, переподключение degraded=True причина='NetworkError Connection closed by remote server, closing code 1006' символ=NEO/USDT:USDT
[warning  ] сделки: сетевой сбой, переподключение degraded=True причина='NetworkError Connection closed by remote server, closing code 1006' символ=BTC/USDT:USDT
[warning  ] сделки: сетевой сбой, переподключение degraded=True причина='NetworkError Connection closed by remote server, closing code 1006' символ=UNI/USDT:USDT
[warning  ] сделки: сетевой сбой, переподключение degraded=True причина='NetworkError Connection closed by remote server, closing code 1006' символ=ZEC/USDT:USDT
[warning  ] сделки: сетевой сбой, переподключение degraded=True причина='NetworkError Connection closed by remote server, closing code 1006' символ=ETH/USDT:USDT
[warning  ] сделки: сетевой сбой, переподключение degraded=True причина='NetworkError Connection closed by remote server, closing code 1006' символ=ASTR/USDT:USDT
[warning  ] сделки: сетевой сбой, переподключение degraded=True причина='NetworkError Connection closed by remote server, closing code 1006' символ=THETA/USDT:USDT
[warning  ] сделки: сетевой сбой, переподключение degraded=True причина='NetworkError Connection closed by remote server, closing code 1006' символ=ADA/USDT:USDT
[warning  ] сделки: сетевой сбой, переподключение degraded=True причина='RequestTimeout Connection timeout' символ=AEVO/USDT:USDT
[warning  ] сделки: сетевой сбой, переподключение degraded=True причина='RequestTimeout Connection timeout' символ=ARPA/USDT:USDT
[warning  ] сделки: сетевой сбой, переподключение degraded=True причина='RequestTimeout Connection timeout' символ=POL/USDT:USDT
[warning  ] сделки: сетевой сбой, переподключение degraded=True причина='NetworkError Cannot connect to host fstream.binance.com:443 ssl:default [getaddrinfo failed]' символ=1000RATS/USDT:USDT
[warning  ] сделки: сетевой сбой, переподключение degraded=True причина='NetworkError Cannot connect to host fstream.binance.com:443 ssl:default [getaddrinfo failed]' символ=ASTR/USDT:USDT
[warning  ] сделки: сетевой сбой, переподключение degraded=True причина='NetworkError Cannot connect to host fstream.binance.com:443 ssl:default [getaddrinfo failed]' символ=SAND/USDT:USDT
[warning  ] сделки: сетевой сбой, переподключение degraded=True причина='NetworkError Cannot connect to host fstream.binance.com:443 ssl:default [getaddrinfo failed]' символ=BCH/USDT:USDT
[warning  ] сделки: сетевой сбой, переподключение degraded=True причина='NetworkError Cannot connect to host fstream.binance.com:443 ssl:default [getaddrinfo failed]' символ=BTC/USDT:USDT
[warning  ] сделки: сетевой сбой, переподключение degraded=True причина='NetworkError Cannot connect to host fstream.binance.com:443 ssl:default [getaddrinfo failed]' символ=BLESS/USDT:USDT
[warning  ] сделки: сетевой сбой, переподключение degraded=True причина='NetworkError Cannot connect to host fstream.binance.com:443 ssl:default [getaddrinfo failed]' символ=ZEC/USDT:USDT
[warning  ] сделки: сетевой сбой, переподключение degraded=True причина='NetworkError Cannot connect to host fstream.binance.com:443 ssl:default [getaddrinfo failed]' символ=UNI/USDT:USDT
[warning  ] сделки: сетевой сбой, переподключение degraded=True причина='NetworkError Cannot connect to host fstream.binance.com:443 ssl:default [getaddrinfo failed]' символ=ONDO/USDT:USDT
[warning  ] сделки: сетевой сбой, переподключение degraded=True причина='NetworkError Cannot connect to host fstream.binance.com:443 ssl:default [getaddrinfo failed]' символ=BNB/USDT:USDT
[warning  ] сделки: сетевой сбой, переподключение degraded=True причина='NetworkError Cannot connect to host fstream.binance.com:443 ssl:default [getaddrinfo failed]' символ=HYPE/USDT:USDT
[warning  ] сделки: сетевой сбой, переподключение degraded=True причина='NetworkError Cannot connect to host fstream.binance.com:443 ssl:default [getaddrinfo failed]' символ=XRP/USDT:USDT
[warning  ] сделки: сетевой сбой, переподключение degraded=True причина='NetworkError Cannot connect to host fstream.binance.com:443 ssl:default [getaddrinfo failed]' символ=NEO/USDT:USDT
[warning  ] сделки: сетевой сбой, переподключение degraded=True причина='NetworkError Cannot connect to host fstream.binance.com:443 ssl:default [getaddrinfo failed]' символ=ADA/USDT:USDT
[warning  ] сделки: сетевой сбой, переподключение degraded=True причина='NetworkError Cannot connect to host fstream.binance.com:443 ssl:default [getaddrinfo failed]' символ=CFX/USDT:USDT
[warning  ] сделки: сетевой сбой, переподключение degraded=True причина='NetworkError Cannot connect to host fstream.binance.com:443 ssl:default [getaddrinfo failed]' символ=DOGE/USDT:USDT
[warning  ] сделки: сетевой сбой, переподключение degraded=True причина='NetworkError Cannot connect to host fstream.binance.com:443 ssl:default [getaddrinfo failed]' символ=THETA/USDT:USDT
[warning  ] сделки: сетевой сбой, переподключение degraded=True причина='NetworkError Cannot connect to host fstream.binance.com:443 ssl:default [getaddrinfo failed]' символ=SOL/USDT:USDT
[warning  ] сделки: сетевой сбой, переподключение degraded=True причина='NetworkError Cannot connect to host fstream.binance.com:443 ssl:default [getaddrinfo failed]' символ=STX/USDT:USDT
[warning  ] сделки: сетевой сбой, переподключение degraded=True причина='NetworkError Cannot connect to host fstream.binance.com:443 ssl:default [getaddrinfo failed]' символ=SUPER/USDT:USDT
[warning  ] сделки: сетевой сбой, переподключение degraded=True причина='NetworkError Cannot connect to host fstream.binance.com:443 ssl:default [getaddrinfo failed]' символ=ANKR/USDT:USDT
[warning  ] сделки: сетевой сбой, переподключение degraded=True причина='NetworkError Cannot connect to host fstream.binance.com:443 ssl:default [getaddrinfo failed]' символ=ETH/USDT:USDT
[warning  ] сделки: сетевой сбой, переподключение degraded=True причина='NetworkError Connection closed by remote server, closing code 1006' символ=BICO/USDT:USDT
[warning  ] сделки: сетевой сбой, переподключение degraded=True причина='NetworkError Connection closed by remote server, closing code 1006' символ=CHZ/USDT:USDT
[warning  ] сделки: сетевой сбой, переподключение degraded=True причина='RequestTimeout Connection timeout' символ=AEVO/USDT:USDT
[warning  ] сделки: сетевой сбой, переподключение degraded=True причина='RequestTimeout Connection timeout' символ=ARPA/USDT:USDT
[warning  ] сделки: сетевой сбой, переподключение degraded=True причина='RequestTimeout Connection timeout' символ=1000RATS/USDT:USDT
[warning  ] сделки: сетевой сбой, переподключение degraded=True причина='RequestTimeout Connection timeout' символ=STX/USDT:USDT
[warning  ] сделки: сетевой сбой, переподключение degraded=True причина='RequestTimeout Connection timeout' символ=POL/USDT:USDT
[warning  ] сделки: сетевой сбой, переподключение degraded=True причина='RequestTimeout Connection timeout' символ=BLESS/USDT:USDT
[warning  ] сделки: сетевой сбой, переподключение degraded=True причина='RequestTimeout Connection timeout' символ=BNB/USDT:USDT
[warning  ] сделки: сетевой сбой, переподключение degraded=True причина='RequestTimeout Connection timeout' символ=XRP/USDT:USDT
[warning  ] сделки: сетевой сбой, переподключение degraded=True причина='RequestTimeout Connection timeout' символ=ADA/USDT:USDT
[warning  ] сделки: сетевой сбой, переподключение degraded=True причина='RequestTimeout Connection timeout' символ=THETA/USDT:USDT
[warning  ] сделки: сетевой сбой, переподключение degraded=True причина='RequestTimeout Connection timeout' символ=ASTR/USDT:USDT
[warning  ] сделки: сетевой сбой, переподключение degraded=True причина='RequestTimeout Connection timeout' символ=CFX/USDT:USDT
[warning  ] сделки: сетевой сбой, переподключение degraded=True причина='RequestTimeout Connection timeout' символ=ZEC/USDT:USDT
[warning  ] сделки: сетевой сбой, переподключение degraded=True причина='RequestTimeout Connection timeout' символ=UNI/USDT:USDT
[warning  ] сделки: сетевой сбой, переподключение degraded=True причина='RequestTimeout Connection timeout' символ=ANKR/USDT:USDT
[warning  ] сделки: сетевой сбой, переподключение degraded=True причина='RequestTimeout Connection timeout' символ=HYPE/USDT:USDT
[warning  ] сделки: сетевой сбой, переподключение degraded=True причина='RequestTimeout Connection timeout' символ=ETH/USDT:USDT
[warning  ] сделки: сетевой сбой, переподключение degraded=True причина='RequestTimeout Connection timeout' символ=SOL/USDT:USDT
[warning  ] сделки: сетевой сбой, переподключение degraded=True причина='RequestTimeout Connection timeout' символ=SAND/USDT:USDT
[warning  ] сделки: сетевой сбой, переподключение degraded=True причина='RequestTimeout Connection timeout' символ=SUPER/USDT:USDT
[warning  ] сделки: сетевой сбой, переподключение degraded=True причина='NetworkError Cannot connect to host fstream.binance.com:443 ssl:default [getaddrinfo failed]' символ=NEO/USDT:USDT
[warning  ] сделки: сетевой сбой, переподключение degraded=True причина='NetworkError Cannot connect to host fstream.binance.com:443 ssl:default [getaddrinfo failed]' символ=BICO/USDT:USDT
[warning  ] сделки: сетевой сбой, переподключение degraded=True причина='NetworkError Cannot connect to host fstream.binance.com:443 ssl:default [getaddrinfo failed]' символ=ONDO/USDT:USDT
[warning  ] сделки: сетевой сбой, переподключение degraded=True причина='NetworkError Cannot connect to host fstream.binance.com:443 ssl:default [getaddrinfo failed]' символ=DOGE/USDT:USDT
[warning  ] сделки: сетевой сбой, переподключение degraded=True причина='NetworkError Cannot connect to host fstream.binance.com:443 ssl:default [getaddrinfo failed]' символ=BTC/USDT:USDT
[warning  ] сделки: сетевой сбой, переподключение degraded=True причина='NetworkError Cannot connect to host fstream.binance.com:443 ssl:default [getaddrinfo failed]' символ=BCH/USDT:USDT
[warning  ] сделки: сетевой сбой, переподключение degraded=True причина='NetworkError Cannot connect to host fstream.binance.com:443 ssl:default [getaddrinfo failed]' символ=STX/USDT:USDT
[warning  ] сделки: сетевой сбой, переподключение degraded=True причина='NetworkError Cannot connect to host fstream.binance.com:443 ssl:default [getaddrinfo failed]' символ=CHZ/USDT:USDT
[warning  ] сделки: сетевой сбой, переподключение degraded=True причина='RequestTimeout Connection timeout' символ=AEVO/USDT:USDT
[warning  ] сделки: сетевой сбой, переподключение degraded=True причина='RequestTimeout Connection timeout' символ=1000RATS/USDT:USDT
[warning  ] сделки: сетевой сбой, переподключение degraded=True причина='RequestTimeout Connection timeout' символ=ARPA/USDT:USDT
[warning  ] сделки: сетевой сбой, переподключение degraded=True причина='RequestTimeout Connection timeout' символ=BLESS/USDT:USDT
[warning  ] сделки: сетевой сбой, переподключение degraded=True причина='RequestTimeout Connection timeout' символ=BNB/USDT:USDT
[warning  ] сделки: сетевой сбой, переподключение degraded=True причина='RequestTimeout Connection timeout' символ=POL/USDT:USDT
[warning  ] сделки: сетевой сбой, переподключение degraded=True причина='RequestTimeout Connection timeout' символ=ADA/USDT:USDT
[warning  ] сделки: сетевой сбой, переподключение degraded=True причина='RequestTimeout Connection timeout' символ=XRP/USDT:USDT
[warning  ] сделки: сетевой сбой, переподключение degraded=True причина='RequestTimeout Connection timeout' символ=THETA/USDT:USDT
[warning  ] сделки: сетевой сбой, переподключение degraded=True причина='RequestTimeout Connection timeout' символ=CFX/USDT:USDT
[warning  ] сделки: сетевой сбой, переподключение degraded=True причина='RequestTimeout Connection timeout' символ=STX/USDT:USDT
[warning  ] сделки: сетевой сбой, переподключение degraded=True причина='RequestTimeout Connection timeout' символ=ASTR/USDT:USDT
[warning  ] сделки: сетевой сбой, переподключение degraded=True причина='RequestTimeout Connection timeout' символ=ANKR/USDT:USDT
[warning  ] сделки: сетевой сбой, переподключение degraded=True причина='RequestTimeout Connection timeout' символ=ZEC/USDT:USDT
[warning  ] сделки: сетевой сбой, переподключение degraded=True причина='RequestTimeout Connection timeout' символ=HYPE/USDT:USDT
[warning  ] сделки: сетевой сбой, переподключение degraded=True причина='RequestTimeout Connection timeout' символ=UNI/USDT:USDT
[warning  ] сделки: сетевой сбой, переподключение degraded=True причина='RequestTimeout Connection timeout' символ=ETH/USDT:USDT
[warning  ] сделки: сетевой сбой, переподключение degraded=True причина='RequestTimeout Connection timeout' символ=SOL/USDT:USDT
[warning  ] сделки: сетевой сбой, переподключение degraded=True причина='RequestTimeout Connection timeout' символ=CHZ/USDT:USDT
[warning  ] сделки: сетевой сбой, переподключение degraded=True причина='RequestTimeout Connection timeout' символ=SUPER/USDT:USDT
[warning  ] сделки: сетевой сбой, переподключение degraded=True причина='NetworkError Cannot connect to host fstream.binance.com:443 ssl:default [getaddrinfo failed]' символ=BTC/USDT:USDT
[warning  ] сделки: сетевой сбой, переподключение degraded=True причина='NetworkError Cannot connect to host fstream.binance.com:443 ssl:default [getaddrinfo failed]' символ=DOGE/USDT:USDT
[warning  ] сделки: сетевой сбой, переподключение degraded=True причина='NetworkError Cannot connect to host fstream.binance.com:443 ssl:default [getaddrinfo failed]' символ=1000RATS/USDT:USDT
[warning  ] сделки: сетевой сбой, переподключение degraded=True причина='NetworkError Cannot connect to host fstream.binance.com:443 ssl:default [getaddrinfo failed]' символ=BLESS/USDT:USDT
[warning  ] сделки: сетевой сбой, переподключение degraded=True причина='NetworkError Cannot connect to host fstream.binance.com:443 ssl:default [getaddrinfo failed]' символ=BNB/USDT:USDT
[warning  ] сделки: сетевой сбой, переподключение degraded=True причина='NetworkError Cannot connect to host fstream.binance.com:443 ssl:default [getaddrinfo failed]' символ=NEO/USDT:USDT
[warning  ] сделки: сетевой сбой, переподключение degraded=True причина='RequestTimeout Connection timeout' символ=SAND/USDT:USDT
[warning  ] сделки: сетевой сбой, переподключение degraded=True причина='NetworkError Cannot connect to host fstream.binance.com:443 ssl:default [getaddrinfo failed]' символ=BICO/USDT:USDT
[warning  ] сделки: сетевой сбой, переподключение degraded=True причина='NetworkError Cannot connect to host fstream.binance.com:443 ssl:default [getaddrinfo failed]' символ=ONDO/USDT:USDT
[warning  ] сделки: сетевой сбой, переподключение degraded=True причина='NetworkError Cannot connect to host fstream.binance.com:443 ssl:default [getaddrinfo failed]' символ=BCH/USDT:USDT
[warning  ] сделки: сетевой сбой, переподключение degraded=True причина='RequestTimeout Connection timeout' символ=STX/USDT:USDT
[warning  ] сделки: сетевой сбой, переподключение degraded=True причина='RequestTimeout Connection timeout' символ=POL/USDT:USDT
[warning  ] сделки: сетевой сбой, переподключение degraded=True причина='RequestTimeout Connection timeout' символ=ADA/USDT:USDT
[warning  ] сделки: сетевой сбой, переподключение degraded=True причина='RequestTimeout Connection timeout' символ=AEVO/USDT:USDT
[warning  ] сделки: сетевой сбой, переподключение degraded=True причина='RequestTimeout Connection timeout' символ=ARPA/USDT:USDT
[warning  ] сделки: сетевой сбой, переподключение degraded=True причина='RequestTimeout Connection timeout' символ=XRP/USDT:USDT
[warning  ] сделки: сетевой сбой, переподключение degraded=True причина='RequestTimeout Connection timeout' символ=THETA/USDT:USDT
[warning  ] сделки: сетевой сбой, переподключение degraded=True причина='RequestTimeout Connection timeout' символ=CFX/USDT:USDT
[warning  ] сделки: сетевой сбой, переподключение degraded=True причина='RequestTimeout Connection timeout' символ=ASTR/USDT:USDT
[warning  ] сделки: сетевой сбой, переподключение degraded=True причина='RequestTimeout Connection timeout' символ=CHZ/USDT:USDT
[warning  ] сделки: сетевой сбой, переподключение degraded=True причина='RequestTimeout Connection timeout' символ=ANKR/USDT:USDT
[warning  ] сделки: сетевой сбой, переподключение degraded=True причина='RequestTimeout Connection timeout' символ=ZEC/USDT:USDT
[warning  ] сделки: сетевой сбой, переподключение degraded=True причина='RequestTimeout Connection timeout' символ=1000RATS/USDT:USDT
[warning  ] сделки: сетевой сбой, переподключение degraded=True причина='RequestTimeout Connection timeout' символ=ETH/USDT:USDT
[warning  ] сделки: сетевой сбой, переподключение degraded=True причина='RequestTimeout Connection timeout' символ=BNB/USDT:USDT
[warning  ] сделки: сетевой сбой, переподключение degraded=True причина='RequestTimeout Connection timeout' символ=BLESS/USDT:USDT
[warning  ] сделки: сетевой сбой, переподключение degraded=True причина='RequestTimeout Connection timeout' символ=HYPE/USDT:USDT
[warning  ] сделки: сетевой сбой, переподключение degraded=True причина='RequestTimeout Connection timeout' символ=UNI/USDT:USDT
[warning  ] сделки: сетевой сбой, переподключение degraded=True причина='RequestTimeout Connection timeout' символ=SOL/USDT:USDT
[warning  ] сделки: сетевой сбой, переподключение degraded=True причина='RequestTimeout Connection timeout' символ=SUPER/USDT:USDT
[warning  ] сделки: сетевой сбой, переподключение degraded=True причина='NetworkError Cannot connect to host fstream.binance.com:443 ssl:default [getaddrinfo failed]' символ=BCH/USDT:USDT
[warning  ] сделки: сетевой сбой, переподключение degraded=True причина='NetworkError Cannot connect to host fstream.binance.com:443 ssl:default [getaddrinfo failed]' символ=ADA/USDT:USDT
[warning  ] сделки: сетевой сбой, переподключение degraded=True причина='NetworkError Cannot connect to host fstream.binance.com:443 ssl:default [getaddrinfo failed]' символ=SAND/USDT:USDT
[warning  ] сделки: сетевой сбой, переподключение degraded=True причина='NetworkError Cannot connect to host fstream.binance.com:443 ssl:default [getaddrinfo failed]' символ=DOGE/USDT:USDT
[warning  ] сделки: сетевой сбой, переподключение degraded=True причина='NetworkError Cannot connect to host fstream.binance.com:443 ssl:default [getaddrinfo failed]' символ=STX/USDT:USDT
[warning  ] сделки: сетевой сбой, переподключение degraded=True причина='NetworkError Cannot connect to host fstream.binance.com:443 ssl:default [getaddrinfo failed]' символ=POL/USDT:USDT
[warning  ] сделки: сетевой сбой, переподключение degraded=True причина='NetworkError Cannot connect to host fstream.binance.com:443 ssl:default [getaddrinfo failed]' символ=NEO/USDT:USDT
[warning  ] сделки: сетевой сбой, переподключение degraded=True причина='NetworkError Cannot connect to host fstream.binance.com:443 ssl:default [getaddrinfo failed]' символ=BTC/USDT:USDT
[warning  ] сделки: сетевой сбой, переподключение degraded=True причина='NetworkError Cannot connect to host fstream.binance.com:443 ssl:default [getaddrinfo failed]' символ=ONDO/USDT:USDT
[warning  ] сделки: сетевой сбой, переподключение degraded=True причина='NetworkError Cannot connect to host fstream.binance.com:443 ssl:default [getaddrinfo failed]' символ=BICO/USDT:USDT
[warning  ] сделки: сетевой сбой, переподключение degraded=True причина='NetworkError Cannot connect to host fstream.binance.com:443 ssl:default [getaddrinfo failed]' символ=XRP/USDT:USDT
[warning  ] опрос свечей: сетевой сбой     degraded=True ключ='ASTR/USDT:USDT 5m' причина='ExchangeNotAvailable binanceusdm GET https://fapi.binance.com/fapi/v1/klines?interval=5m&limit=3&symbol=ASTRUSDT'
[warning  ] опрос баров не дал ряда        degraded=True причина='ASTR/USDT:USDT 5m: опрос свечей — сеть (ExchangeNotAvailable)' символ=ASTR/USDT:USDT тф=5m
[warning  ] опрос свечей: сетевой сбой     degraded=True ключ='SAND/USDT:USDT 5m' причина='ExchangeNotAvailable binanceusdm GET https://fapi.binance.com/fapi/v1/klines?interval=5m&limit=3&symbol=SANDUSDT'
[warning  ] опрос баров не дал ряда        degraded=True причина='SAND/USDT:USDT 5m: опрос свечей — сеть (ExchangeNotAvailable)' символ=SAND/USDT:USDT тф=5m
[warning  ] опрос свечей: сетевой сбой     degraded=True ключ='HYPE/USDT:USDT 5m' причина='ExchangeNotAvailable binanceusdm GET https://fapi.binance.com/fapi/v1/klines?interval=5m&limit=3&symbol=HYPEUSDT'
[warning  ] опрос баров не дал ряда        degraded=True причина='HYPE/USDT:USDT 5m: опрос свечей — сеть (ExchangeNotAvailable)' символ=HYPE/USDT:USDT тф=5m
[warning  ] опрос свечей: сетевой сбой     degraded=True ключ='ADA/USDT:USDT 5m' причина='ExchangeNotAvailable binanceusdm GET https://fapi.binance.com/fapi/v1/klines?interval=5m&limit=3&symbol=ADAUSDT'
[warning  ] опрос баров не дал ряда        degraded=True причина='ADA/USDT:USDT 5m: опрос свечей — сеть (ExchangeNotAvailable)' символ=ADA/USDT:USDT тф=5m
[warning  ] опрос свечей: сетевой сбой     degraded=True ключ='ONDO/USDT:USDT 5m' причина='ExchangeNotAvailable binanceusdm GET https://fapi.binance.com/fapi/v1/klines?interval=5m&limit=3&symbol=ONDOUSDT'
[warning  ] опрос баров не дал ряда        degraded=True причина='ONDO/USDT:USDT 5m: опрос свечей — сеть (ExchangeNotAvailable)' символ=ONDO/USDT:USDT тф=5m
[warning  ] опрос свечей: сетевой сбой     degraded=True ключ='BNB/USDT:USDT 5m' причина='ExchangeNotAvailable binanceusdm GET https://fapi.binance.com/fapi/v1/klines?interval=5m&limit=3&symbol=BNBUSDT'
[warning  ] опрос баров не дал ряда        degraded=True причина='BNB/USDT:USDT 5m: опрос свечей — сеть (ExchangeNotAvailable)' символ=BNB/USDT:USDT тф=5m
[warning  ] опрос свечей: сетевой сбой     degraded=True ключ='CHZ/USDT:USDT 5m' причина='ExchangeNotAvailable binanceusdm GET https://fapi.binance.com/fapi/v1/klines?interval=5m&limit=3&symbol=CHZUSDT'
[warning  ] опрос баров не дал ряда        degraded=True причина='CHZ/USDT:USDT 5m: опрос свечей — сеть (ExchangeNotAvailable)' символ=CHZ/USDT:USDT тф=5m
[warning  ] опрос свечей: сетевой сбой     degraded=True ключ='BCH/USDT:USDT 5m' причина='ExchangeNotAvailable binanceusdm GET https://fapi.binance.com/fapi/v1/klines?interval=5m&limit=3&symbol=BCHUSDT'
[warning  ] опрос баров не дал ряда        degraded=True причина='BCH/USDT:USDT 5m: опрос свечей — сеть (ExchangeNotAvailable)' символ=BCH/USDT:USDT тф=5m
[warning  ] опрос свечей: сетевой сбой     degraded=True ключ='ETH/USDT:USDT 5m' причина='ExchangeNotAvailable binanceusdm GET https://fapi.binance.com/fapi/v1/klines?interval=5m&limit=3&symbol=ETHUSDT'
[warning  ] опрос баров не дал ряда        degraded=True причина='ETH/USDT:USDT 5m: опрос свечей — сеть (ExchangeNotAvailable)' символ=ETH/USDT:USDT тф=5m
[warning  ] опрос свечей: сетевой сбой     degraded=True ключ='XRP/USDT:USDT 5m' причина='ExchangeNotAvailable binanceusdm GET https://fapi.binance.com/fapi/v1/klines?interval=5m&limit=3&symbol=XRPUSDT'
[warning  ] опрос баров не дал ряда        degraded=True причина='XRP/USDT:USDT 5m: опрос свечей — сеть (ExchangeNotAvailable)' символ=XRP/USDT:USDT тф=5m
[warning  ] опрос свечей: сетевой сбой     degraded=True ключ='ZEC/USDT:USDT 5m' причина='ExchangeNotAvailable binanceusdm GET https://fapi.binance.com/fapi/v1/klines?interval=5m&limit=3&symbol=ZECUSDT'
[warning  ] опрос баров не дал ряда        degraded=True причина='ZEC/USDT:USDT 5m: опрос свечей — сеть (ExchangeNotAvailable)' символ=ZEC/USDT:USDT тф=5m
[warning  ] опрос свечей: сетевой сбой     degraded=True ключ='ANKR/USDT:USDT 5m' причина='ExchangeNotAvailable binanceusdm GET https://fapi.binance.com/fapi/v1/klines?interval=5m&limit=3&symbol=ANKRUSDT'
[warning  ] опрос баров не дал ряда        degraded=True причина='ANKR/USDT:USDT 5m: опрос свечей — сеть (ExchangeNotAvailable)' символ=ANKR/USDT:USDT тф=5m
[warning  ] опрос свечей: сетевой сбой     degraded=True ключ='SOL/USDT:USDT 5m' причина='ExchangeNotAvailable binanceusdm GET https://fapi.binance.com/fapi/v1/klines?interval=5m&limit=3&symbol=SOLUSDT'
[warning  ] опрос баров не дал ряда        degraded=True причина='SOL/USDT:USDT 5m: опрос свечей — сеть (ExchangeNotAvailable)' символ=SOL/USDT:USDT тф=5m
[warning  ] опрос свечей: сетевой сбой     degraded=True ключ='DOGE/USDT:USDT 5m' причина='ExchangeNotAvailable binanceusdm GET https://fapi.binance.com/fapi/v1/klines?interval=5m&limit=3&symbol=DOGEUSDT'
[warning  ] опрос баров не дал ряда        degraded=True причина='DOGE/USDT:USDT 5m: опрос свечей — сеть (ExchangeNotAvailable)' символ=DOGE/USDT:USDT тф=5m
[warning  ] опрос свечей: сетевой сбой     degraded=True ключ='POL/USDT:USDT 5m' причина='ExchangeNotAvailable binanceusdm GET https://fapi.binance.com/fapi/v1/klines?interval=5m&limit=3&symbol=POLUSDT'
[warning  ] опрос баров не дал ряда        degraded=True причина='POL/USDT:USDT 5m: опрос свечей — сеть (ExchangeNotAvailable)' символ=POL/USDT:USDT тф=5m
[warning  ] опрос свечей: сетевой сбой     degraded=True ключ='ARPA/USDT:USDT 5m' причина='ExchangeNotAvailable binanceusdm GET https://fapi.binance.com/fapi/v1/klines?interval=5m&limit=3&symbol=ARPAUSDT'
[warning  ] опрос баров не дал ряда        degraded=True причина='ARPA/USDT:USDT 5m: опрос свечей — сеть (ExchangeNotAvailable)' символ=ARPA/USDT:USDT тф=5m
[warning  ] опрос свечей: сетевой сбой     degraded=True ключ='THETA/USDT:USDT 5m' причина='ExchangeNotAvailable binanceusdm GET https://fapi.binance.com/fapi/v1/klines?interval=5m&limit=3&symbol=THETAUSDT'
[warning  ] опрос баров не дал ряда        degraded=True причина='THETA/USDT:USDT 5m: опрос свечей — сеть (ExchangeNotAvailable)' символ=THETA/USDT:USDT тф=5m
[warning  ] опрос свечей: сетевой сбой     degraded=True ключ='1000RATS/USDT:USDT 5m' причина='ExchangeNotAvailable binanceusdm GET https://fapi.binance.com/fapi/v1/klines?interval=5m&limit=3&symbol=1000RATSUSDT'
[warning  ] опрос баров не дал ряда        degraded=True причина='1000RATS/USDT:USDT 5m: опрос свечей — сеть (ExchangeNotAvailable)' символ=1000RATS/USDT:USDT тф=5m
[warning  ] опрос свечей: сетевой сбой     degraded=True ключ='BICO/USDT:USDT 5m' причина='ExchangeNotAvailable binanceusdm GET https://fapi.binance.com/fapi/v1/klines?interval=5m&limit=3&symbol=BICOUSDT'
[warning  ] опрос баров не дал ряда        degraded=True причина='BICO/USDT:USDT 5m: опрос свечей — сеть (ExchangeNotAvailable)' символ=BICO/USDT:USDT тф=5m
[warning  ] опрос свечей: сетевой сбой     degraded=True ключ='CFX/USDT:USDT 5m' причина='ExchangeNotAvailable binanceusdm GET https://fapi.binance.com/fapi/v1/klines?interval=5m&limit=3&symbol=CFXUSDT'
[warning  ] опрос баров не дал ряда        degraded=True причина='CFX/USDT:USDT 5m: опрос свечей — сеть (ExchangeNotAvailable)' символ=CFX/USDT:USDT тф=5m
[warning  ] опрос свечей: сетевой сбой     degraded=True ключ='BTC/USDT:USDT 5m' причина='ExchangeNotAvailable binanceusdm GET https://fapi.binance.com/fapi/v1/klines?interval=5m&limit=3&symbol=BTCUSDT'
[warning  ] опрос баров не дал ряда        degraded=True причина='BTC/USDT:USDT 5m: опрос свечей — сеть (ExchangeNotAvailable)' символ=BTC/USDT:USDT тф=5m
[warning  ] опрос свечей: сетевой сбой     degraded=True ключ='UNI/USDT:USDT 5m' причина='ExchangeNotAvailable binanceusdm GET https://fapi.binance.com/fapi/v1/klines?interval=5m&limit=3&symbol=UNIUSDT'
[warning  ] опрос баров не дал ряда        degraded=True причина='UNI/USDT:USDT 5m: опрос свечей — сеть (ExchangeNotAvailable)' символ=UNI/USDT:USDT тф=5m
[warning  ] опрос свечей: сетевой сбой     degraded=True ключ='AEVO/USDT:USDT 5m' причина='ExchangeNotAvailable binanceusdm GET https://fapi.binance.com/fapi/v1/klines?interval=5m&limit=3&symbol=AEVOUSDT'
[warning  ] опрос баров не дал ряда        degraded=True причина='AEVO/USDT:USDT 5m: опрос свечей — сеть (ExchangeNotAvailable)' символ=AEVO/USDT:USDT тф=5m
[warning  ] опрос свечей: сетевой сбой     degraded=True ключ='SUPER/USDT:USDT 5m' причина='ExchangeNotAvailable binanceusdm GET https://fapi.binance.com/fapi/v1/klines?interval=5m&limit=3&symbol=SUPERUSDT'
[warning  ] опрос баров не дал ряда        degraded=True причина='SUPER/USDT:USDT 5m: опрос свечей — сеть (ExchangeNotAvailable)' символ=SUPER/USDT:USDT тф=5m
[warning  ] опрос свечей: сетевой сбой     degraded=True ключ='NEO/USDT:USDT 5m' причина='ExchangeNotAvailable binanceusdm GET https://fapi.binance.com/fapi/v1/klines?interval=5m&limit=3&symbol=NEOUSDT'
[warning  ] опрос баров не дал ряда        degraded=True причина='NEO/USDT:USDT 5m: опрос свечей — сеть (ExchangeNotAvailable)' символ=NEO/USDT:USDT тф=5m
[warning  ] опрос свечей: сетевой сбой     degraded=True ключ='BLESS/USDT:USDT 5m' причина='ExchangeNotAvailable binanceusdm GET https://fapi.binance.com/fapi/v1/klines?interval=5m&limit=3&symbol=BLESSUSDT'
[warning  ] опрос баров не дал ряда        degraded=True причина='BLESS/USDT:USDT 5m: опрос свечей — сеть (ExchangeNotAvailable)' символ=BLESS/USDT:USDT тф=5m
[warning  ] опрос свечей: сетевой сбой     degraded=True ключ='STX/USDT:USDT 5m' причина='ExchangeNotAvailable binanceusdm GET https://fapi.binance.com/fapi/v1/klines?interval=5m&limit=3&symbol=STXUSDT'
[warning  ] опрос баров не дал ряда        degraded=True причина='STX/USDT:USDT 5m: опрос свечей — сеть (ExchangeNotAvailable)' символ=STX/USDT:USDT тф=5m
[warning  ] сделки: сетевой сбой, переподключение degraded=True причина='RequestTimeout Connection timeout' символ=CFX/USDT:USDT
[warning  ] сделки: сетевой сбой, переподключение degraded=True причина='RequestTimeout Connection timeout' символ=THETA/USDT:USDT
[warning  ] сделки: сетевой сбой, переподключение degraded=True причина='RequestTimeout Connection timeout' символ=AEVO/USDT:USDT
[warning  ] сделки: сетевой сбой, переподключение degraded=True причина='RequestTimeout Connection timeout' символ=ARPA/USDT:USDT
[warning  ] сделки: сетевой сбой, переподключение degraded=True причина='RequestTimeout Connection timeout' символ=1000RATS/USDT:USDT
[warning  ] сделки: сетевой сбой, переподключение degraded=True причина='RequestTimeout Connection timeout' символ=CHZ/USDT:USDT
[warning  ] сделки: сетевой сбой, переподключение degraded=True причина='RequestTimeout Connection timeout' символ=BNB/USDT:USDT
[warning  ] сделки: сетевой сбой, переподключение degraded=True причина='RequestTimeout Connection timeout' символ=BLESS/USDT:USDT
[warning  ] сделки: сетевой сбой, переподключение degraded=True причина='RequestTimeout Connection timeout' символ=STX/USDT:USDT
[warning  ] сделки: сетевой сбой, переподключение degraded=True причина='RequestTimeout Connection timeout' символ=ASTR/USDT:USDT
[warning  ] сделки: сетевой сбой, переподключение degraded=True причина='RequestTimeout Connection timeout' символ=ANKR/USDT:USDT
[warning  ] сделки: сетевой сбой, переподключение degraded=True причина='RequestTimeout Connection timeout' символ=ZEC/USDT:USDT
[warning  ] сделки: сетевой сбой, переподключение degraded=True причина='RequestTimeout Connection timeout' символ=ETH/USDT:USDT
[warning  ] сделки: сетевой сбой, переподключение degraded=True причина='RequestTimeout Connection timeout' символ=SOL/USDT:USDT
[warning  ] сделки: сетевой сбой, переподключение degraded=True причина='RequestTimeout Connection timeout' символ=UNI/USDT:USDT
[warning  ] сделки: сетевой сбой, переподключение degraded=True причина='RequestTimeout Connection timeout' символ=HYPE/USDT:USDT
[warning  ] сделки: сетевой сбой, переподключение degraded=True причина='RequestTimeout Connection timeout' символ=ADA/USDT:USDT
[warning  ] сделки: сетевой сбой, переподключение degraded=True причина='RequestTimeout Connection timeout' символ=SUPER/USDT:USDT
[warning  ] сделки: сетевой сбой, переподключение degraded=True причина='RequestTimeout Connection timeout' символ=XRP/USDT:USDT
[warning  ] сделки: сетевой сбой, переподключение degraded=True причина='RequestTimeout Connection timeout' символ=POL/USDT:USDT
[warning  ] сделки: сетевой сбой, переподключение degraded=True причина='NetworkError Cannot connect to host fstream.binance.com:443 ssl:default [getaddrinfo failed]' символ=SAND/USDT:USDT
[warning  ] сделки: сетевой сбой, переподключение degraded=True причина='NetworkError Cannot connect to host fstream.binance.com:443 ssl:default [getaddrinfo failed]' символ=1000RATS/USDT:USDT
[warning  ] сделки: сетевой сбой, переподключение degraded=True причина='NetworkError Cannot connect to host fstream.binance.com:443 ssl:default [getaddrinfo failed]' символ=BICO/USDT:USDT
[warning  ] сделки: сетевой сбой, переподключение degraded=True причина='NetworkError Cannot connect to host fstream.binance.com:443 ssl:default [getaddrinfo failed]' символ=THETA/USDT:USDT
[warning  ] сделки: сетевой сбой, переподключение degraded=True причина='NetworkError Cannot connect to host fstream.binance.com:443 ssl:default [getaddrinfo failed]' символ=DOGE/USDT:USDT
[warning  ] сделки: сетевой сбой, переподключение degraded=True причина='NetworkError Cannot connect to host fstream.binance.com:443 ssl:default [getaddrinfo failed]' символ=BCH/USDT:USDT
[warning  ] сделки: сетевой сбой, переподключение degraded=True причина='NetworkError Cannot connect to host fstream.binance.com:443 ssl:default [getaddrinfo failed]' символ=BNB/USDT:USDT
[warning  ] сделки: сетевой сбой, переподключение degraded=True причина='NetworkError Cannot connect to host fstream.binance.com:443 ssl:default [getaddrinfo failed]' символ=BTC/USDT:USDT
[warning  ] сделки: сетевой сбой, переподключение degraded=True причина='NetworkError Cannot connect to host fstream.binance.com:443 ssl:default [getaddrinfo failed]' символ=STX/USDT:USDT
[warning  ] сделки: сетевой сбой, переподключение degraded=True причина='NetworkError Cannot connect to host fstream.binance.com:443 ssl:default [getaddrinfo failed]' символ=NEO/USDT:USDT
[warning  ] сделки: сетевой сбой, переподключение degraded=True причина='NetworkError Cannot connect to host fstream.binance.com:443 ssl:default [getaddrinfo failed]' символ=ONDO/USDT:USDT
[warning  ] сделки: сетевой сбой, переподключение degraded=True причина='NetworkError Cannot connect to host fstream.binance.com:443 ssl:default [getaddrinfo failed]' символ=CFX/USDT:USDT
[warning  ] сделки: сетевой сбой, переподключение degraded=True причина='NetworkError Cannot connect to host fstream.binance.com:443 ssl:default [getaddrinfo failed]' символ=BLESS/USDT:USDT
[warning  ] сделки: сетевой сбой, переподключение degraded=True причина='RequestTimeout Connection timeout' символ=CHZ/USDT:USDT
[warning  ] сделки: сетевой сбой, переподключение degraded=True причина='RequestTimeout Connection timeout' символ=ARPA/USDT:USDT
[warning  ] сделки: сетевой сбой, переподключение degraded=True причина='RequestTimeout Connection timeout' символ=AEVO/USDT:USDT
[warning  ] сделки: сетевой сбой, переподключение degraded=True причина='RequestTimeout Connection timeout' символ=ASTR/USDT:USDT
[warning  ] сделки: сетевой сбой, переподключение degraded=True причина='RequestTimeout Connection timeout' символ=ANKR/USDT:USDT
[warning  ] сделки: сетевой сбой, переподключение degraded=True причина='RequestTimeout Connection timeout' символ=ADA/USDT:USDT
[warning  ] сделки: сетевой сбой, переподключение degraded=True причина='RequestTimeout Connection timeout' символ=ETH/USDT:USDT
[warning  ] сделки: сетевой сбой, переподключение degraded=True причина='RequestTimeout Connection timeout' символ=ZEC/USDT:USDT
[warning  ] сделки: сетевой сбой, переподключение degraded=True причина='RequestTimeout Connection timeout' символ=XRP/USDT:USDT
[warning  ] сделки: сетевой сбой, переподключение degraded=True причина='RequestTimeout Connection timeout' символ=SOL/USDT:USDT
[warning  ] сделки: сетевой сбой, переподключение degraded=True причина='RequestTimeout Connection timeout' символ=UNI/USDT:USDT
[warning  ] сделки: сетевой сбой, переподключение degraded=True причина='RequestTimeout Connection timeout' символ=HYPE/USDT:USDT
[warning  ] сделки: сетевой сбой, переподключение degraded=True причина='RequestTimeout Connection timeout' символ=STX/USDT:USDT
[warning  ] сделки: сетевой сбой, переподключение degraded=True причина='RequestTimeout Connection timeout' символ=POL/USDT:USDT
[warning  ] сделки: сетевой сбой, переподключение degraded=True причина='RequestTimeout Connection timeout' символ=SUPER/USDT:USDT
[warning  ] сделки: сетевой сбой, переподключение degraded=True причина='RequestTimeout Connection timeout' символ=1000RATS/USDT:USDT
[warning  ] сделки: сетевой сбой, переподключение degraded=True причина='RequestTimeout Connection timeout' символ=BNB/USDT:USDT
[warning  ] сделки: сетевой сбой, переподключение degraded=True причина='RequestTimeout Connection timeout' символ=BLESS/USDT:USDT
[warning  ] сделки: сетевой сбой, переподключение degraded=True причина='RequestTimeout Connection timeout' символ=THETA/USDT:USDT
[warning  ] сделки: сетевой сбой, переподключение degraded=True причина='RequestTimeout Connection timeout' символ=CFX/USDT:USDT
[warning  ] сделки: сетевой сбой, переподключение degraded=True причина='NetworkError Cannot connect to host fstream.binance.com:443 ssl:default [getaddrinfo failed]' символ=CHZ/USDT:USDT
[warning  ] сделки: сетевой сбой, переподключение degraded=True причина='NetworkError Cannot connect to host fstream.binance.com:443 ssl:default [getaddrinfo failed]' символ=ONDO/USDT:USDT
[warning  ] сделки: сетевой сбой, переподключение degraded=True причина='NetworkError Cannot connect to host fstream.binance.com:443 ssl:default [getaddrinfo failed]' символ=BCH/USDT:USDT
[warning  ] сделки: сетевой сбой, переподключение degraded=True причина='NetworkError Cannot connect to host fstream.binance.com:443 ssl:default [getaddrinfo failed]' символ=DOGE/USDT:USDT
[warning  ] сделки: сетевой сбой, переподключение degraded=True причина='NetworkError Cannot connect to host fstream.binance.com:443 ssl:default [getaddrinfo failed]' символ=BTC/USDT:USDT
[warning  ] сделки: сетевой сбой, переподключение degraded=True причина='NetworkError Cannot connect to host fstream.binance.com:443 ssl:default [getaddrinfo failed]' символ=NEO/USDT:USDT
[warning  ] сделки: сетевой сбой, переподключение degraded=True причина='NetworkError Cannot connect to host fstream.binance.com:443 ssl:default [getaddrinfo failed]' символ=BICO/USDT:USDT
[warning  ] сделки: сетевой сбой, переподключение degraded=True причина='NetworkError Cannot connect to host fstream.binance.com:443 ssl:default [getaddrinfo failed]' символ=SAND/USDT:USDT
[warning  ] сделки: сетевой сбой, переподключение degraded=True причина='RequestTimeout Connection timeout' символ=ADA/USDT:USDT
[warning  ] сделки: сетевой сбой, переподключение degraded=True причина='RequestTimeout Connection timeout' символ=STX/USDT:USDT
[warning  ] сделки: сетевой сбой, переподключение degraded=True причина='RequestTimeout Connection timeout' символ=ANKR/USDT:USDT
[warning  ] сделки: сетевой сбой, переподключение degraded=True причина='RequestTimeout Connection timeout' символ=ASTR/USDT:USDT
[warning  ] сделки: сетевой сбой, переподключение degraded=True причина='RequestTimeout Connection timeout' символ=AEVO/USDT:USDT
[warning  ] сделки: сетевой сбой, переподключение degraded=True причина='RequestTimeout Connection timeout' символ=ARPA/USDT:USDT
[warning  ] сделки: сетевой сбой, переподключение degraded=True причина='RequestTimeout Connection timeout' символ=XRP/USDT:USDT
[warning  ] сделки: сетевой сбой, переподключение degraded=True причина='RequestTimeout Connection timeout' символ=ETH/USDT:USDT
[warning  ] сделки: сетевой сбой, переподключение degraded=True причина='RequestTimeout Connection timeout' символ=SOL/USDT:USDT
[warning  ] сделки: сетевой сбой, переподключение degraded=True причина='RequestTimeout Connection timeout' символ=1000RATS/USDT:USDT
[warning  ] сделки: сетевой сбой, переподключение degraded=True причина='RequestTimeout Connection timeout' символ=POL/USDT:USDT
[warning  ] сделки: сетевой сбой, переподключение degraded=True причина='RequestTimeout Connection timeout' символ=HYPE/USDT:USDT
[warning  ] сделки: сетевой сбой, переподключение degraded=True причина='RequestTimeout Connection timeout' символ=ZEC/USDT:USDT
[warning  ] сделки: сетевой сбой, переподключение degraded=True причина='RequestTimeout Connection timeout' символ=UNI/USDT:USDT
[warning  ] сделки: сетевой сбой, переподключение degraded=True причина='RequestTimeout Connection timeout' символ=BNB/USDT:USDT
[warning  ] сделки: сетевой сбой, переподключение degraded=True причина='RequestTimeout Connection timeout' символ=BLESS/USDT:USDT
[warning  ] сделки: сетевой сбой, переподключение degraded=True причина='RequestTimeout Connection timeout' символ=SUPER/USDT:USDT
[warning  ] сделки: сетевой сбой, переподключение degraded=True причина='RequestTimeout Connection timeout' символ=THETA/USDT:USDT
[warning  ] сделки: сетевой сбой, переподключение degraded=True причина='RequestTimeout Connection timeout' символ=CFX/USDT:USDT
[warning  ] сделки: сетевой сбой, переподключение degraded=True причина='RequestTimeout Connection timeout' символ=CHZ/USDT:USDT
[warning  ] сделки: сетевой сбой, переподключение degraded=True причина='RequestTimeout Connection timeout' символ=BICO/USDT:USDT
[warning  ] сделки: сетевой сбой, переподключение degraded=True причина='NetworkError Cannot connect to host fstream.binance.com:443 ssl:default [getaddrinfo failed]' символ=ONDO/USDT:USDT
[warning  ] сделки: сетевой сбой, переподключение degraded=True причина='NetworkError Cannot connect to host fstream.binance.com:443 ssl:default [getaddrinfo failed]' символ=NEO/USDT:USDT
[warning  ] сделки: сетевой сбой, переподключение degraded=True причина='NetworkError Cannot connect to host fstream.binance.com:443 ssl:default [getaddrinfo failed]' символ=STX/USDT:USDT
[warning  ] сделки: сетевой сбой, переподключение degraded=True причина='NetworkError Cannot connect to host fstream.binance.com:443 ssl:default [getaddrinfo failed]' символ=ADA/USDT:USDT
[warning  ] сделки: сетевой сбой, переподключение degraded=True причина='NetworkError Cannot connect to host fstream.binance.com:443 ssl:default [getaddrinfo failed]' символ=DOGE/USDT:USDT
[warning  ] сделки: сетевой сбой, переподключение degraded=True причина='NetworkError Cannot connect to host fstream.binance.com:443 ssl:default [getaddrinfo failed]' символ=ASTR/USDT:USDT
[warning  ] сделки: сетевой сбой, переподключение degraded=True причина='NetworkError Cannot connect to host fstream.binance.com:443 ssl:default [getaddrinfo failed]' символ=ANKR/USDT:USDT
[warning  ] сделки: сетевой сбой, переподключение degraded=True причина='NetworkError Cannot connect to host fstream.binance.com:443 ssl:default [getaddrinfo failed]' символ=BCH/USDT:USDT
[warning  ] сделки: сетевой сбой, переподключение degraded=True причина='NetworkError Cannot connect to host fstream.binance.com:443 ssl:default [getaddrinfo failed]' символ=XRP/USDT:USDT
[warning  ] сделки: сетевой сбой, переподключение degraded=True причина='NetworkError Cannot connect to host fstream.binance.com:443 ssl:default [getaddrinfo failed]' символ=1000RATS/USDT:USDT
[warning  ] сделки: сетевой сбой, переподключение degraded=True причина='NetworkError Cannot connect to host fstream.binance.com:443 ssl:default [getaddrinfo failed]' символ=SAND/USDT:USDT
[warning  ] сделки: сетевой сбой, переподключение degraded=True причина='NetworkError Cannot connect to host fstream.binance.com:443 ssl:default [getaddrinfo failed]' символ=BTC/USDT:USDT
[warning  ] опрос свечей: сетевой сбой     degraded=True ключ='HYPE/USDT:USDT 5m' причина='ExchangeNotAvailable binanceusdm GET https://fapi.binance.com/fapi/v1/klines?interval=5m&limit=3&symbol=HYPEUSDT'
[warning  ] опрос баров не дал ряда        degraded=True причина='HYPE/USDT:USDT 5m: опрос свечей — сеть (ExchangeNotAvailable)' символ=HYPE/USDT:USDT тф=5m
[warning  ] опрос свечей: сетевой сбой     degraded=True ключ='STX/USDT:USDT 5m' причина='ExchangeNotAvailable binanceusdm GET https://fapi.binance.com/fapi/v1/klines?interval=5m&limit=3&symbol=STXUSDT'
[warning  ] опрос баров не дал ряда        degraded=True причина='STX/USDT:USDT 5m: опрос свечей — сеть (ExchangeNotAvailable)' символ=STX/USDT:USDT тф=5m
[warning  ] опрос свечей: сетевой сбой     degraded=True ключ='ONDO/USDT:USDT 5m' причина='ExchangeNotAvailable binanceusdm GET https://fapi.binance.com/fapi/v1/klines?interval=5m&limit=3&symbol=ONDOUSDT'
[warning  ] опрос баров не дал ряда        degraded=True причина='ONDO/USDT:USDT 5m: опрос свечей — сеть (ExchangeNotAvailable)' символ=ONDO/USDT:USDT тф=5m
[warning  ] опрос свечей: сетевой сбой     degraded=True ключ='ZEC/USDT:USDT 5m' причина='ExchangeNotAvailable binanceusdm GET https://fapi.binance.com/fapi/v1/klines?interval=5m&limit=3&symbol=ZECUSDT'
[warning  ] опрос баров не дал ряда        degraded=True причина='ZEC/USDT:USDT 5m: опрос свечей — сеть (ExchangeNotAvailable)' символ=ZEC/USDT:USDT тф=5m
[warning  ] опрос свечей: сетевой сбой     degraded=True ключ='BICO/USDT:USDT 5m' причина='ExchangeNotAvailable binanceusdm GET https://fapi.binance.com/fapi/v1/klines?interval=5m&limit=3&symbol=BICOUSDT'
[warning  ] опрос баров не дал ряда        degraded=True причина='BICO/USDT:USDT 5m: опрос свечей — сеть (ExchangeNotAvailable)' символ=BICO/USDT:USDT тф=5m
[warning  ] опрос свечей: сетевой сбой     degraded=True ключ='ADA/USDT:USDT 5m' причина='ExchangeNotAvailable binanceusdm GET https://fapi.binance.com/fapi/v1/klines?interval=5m&limit=3&symbol=ADAUSDT'
[warning  ] опрос баров не дал ряда        degraded=True причина='ADA/USDT:USDT 5m: опрос свечей — сеть (ExchangeNotAvailable)' символ=ADA/USDT:USDT тф=5m
[warning  ] опрос свечей: сетевой сбой     degraded=True ключ='BNB/USDT:USDT 5m' причина='ExchangeNotAvailable binanceusdm GET https://fapi.binance.com/fapi/v1/klines?interval=5m&limit=3&symbol=BNBUSDT'
[warning  ] опрос баров не дал ряда        degraded=True причина='BNB/USDT:USDT 5m: опрос свечей — сеть (ExchangeNotAvailable)' символ=BNB/USDT:USDT тф=5m
[warning  ] опрос свечей: сетевой сбой     degraded=True ключ='NEO/USDT:USDT 5m' причина='ExchangeNotAvailable binanceusdm GET https://fapi.binance.com/fapi/v1/klines?interval=5m&limit=3&symbol=NEOUSDT'
[warning  ] опрос баров не дал ряда        degraded=True причина='NEO/USDT:USDT 5m: опрос свечей — сеть (ExchangeNotAvailable)' символ=NEO/USDT:USDT тф=5m
[warning  ] опрос свечей: сетевой сбой     degraded=True ключ='ETH/USDT:USDT 5m' причина='ExchangeNotAvailable binanceusdm GET https://fapi.binance.com/fapi/v1/klines?interval=5m&limit=3&symbol=ETHUSDT'
[warning  ] опрос баров не дал ряда        degraded=True причина='ETH/USDT:USDT 5m: опрос свечей — сеть (ExchangeNotAvailable)' символ=ETH/USDT:USDT тф=5m
[warning  ] опрос свечей: сетевой сбой     degraded=True ключ='CHZ/USDT:USDT 5m' причина='ExchangeNotAvailable binanceusdm GET https://fapi.binance.com/fapi/v1/klines?interval=5m&limit=3&symbol=CHZUSDT'
[warning  ] опрос баров не дал ряда        degraded=True причина='CHZ/USDT:USDT 5m: опрос свечей — сеть (ExchangeNotAvailable)' символ=CHZ/USDT:USDT тф=5m
[warning  ] опрос свечей: сетевой сбой     degraded=True ключ='BCH/USDT:USDT 5m' причина='ExchangeNotAvailable binanceusdm GET https://fapi.binance.com/fapi/v1/klines?interval=5m&limit=3&symbol=BCHUSDT'
[warning  ] опрос баров не дал ряда        degraded=True причина='BCH/USDT:USDT 5m: опрос свечей — сеть (ExchangeNotAvailable)' символ=BCH/USDT:USDT тф=5m
[warning  ] опрос свечей: сетевой сбой     degraded=True ключ='POL/USDT:USDT 5m' причина='ExchangeNotAvailable binanceusdm GET https://fapi.binance.com/fapi/v1/klines?interval=5m&limit=3&symbol=POLUSDT'
[warning  ] опрос баров не дал ряда        degraded=True причина='POL/USDT:USDT 5m: опрос свечей — сеть (ExchangeNotAvailable)' символ=POL/USDT:USDT тф=5m
[warning  ] опрос свечей: сетевой сбой     degraded=True ключ='XRP/USDT:USDT 5m' причина='ExchangeNotAvailable binanceusdm GET https://fapi.binance.com/fapi/v1/klines?interval=5m&limit=3&symbol=XRPUSDT'
[warning  ] опрос баров не дал ряда        degraded=True причина='XRP/USDT:USDT 5m: опрос свечей — сеть (ExchangeNotAvailable)' символ=XRP/USDT:USDT тф=5m
[warning  ] опрос свечей: сетевой сбой     degraded=True ключ='ANKR/USDT:USDT 5m' причина='ExchangeNotAvailable binanceusdm GET https://fapi.binance.com/fapi/v1/klines?interval=5m&limit=3&symbol=ANKRUSDT'
[warning  ] опрос баров не дал ряда        degraded=True причина='ANKR/USDT:USDT 5m: опрос свечей — сеть (ExchangeNotAvailable)' символ=ANKR/USDT:USDT тф=5m
[warning  ] опрос свечей: сетевой сбой     degraded=True ключ='SOL/USDT:USDT 5m' причина='ExchangeNotAvailable binanceusdm GET https://fapi.binance.com/fapi/v1/klines?interval=5m&limit=3&symbol=SOLUSDT'
[warning  ] опрос баров не дал ряда        degraded=True причина='SOL/USDT:USDT 5m: опрос свечей — сеть (ExchangeNotAvailable)' символ=SOL/USDT:USDT тф=5m
[warning  ] опрос свечей: сетевой сбой     degraded=True ключ='THETA/USDT:USDT 5m' причина='ExchangeNotAvailable binanceusdm GET https://fapi.binance.com/fapi/v1/klines?interval=5m&limit=3&symbol=THETAUSDT'
[warning  ] опрос баров не дал ряда        degraded=True причина='THETA/USDT:USDT 5m: опрос свечей — сеть (ExchangeNotAvailable)' символ=THETA/USDT:USDT тф=5m
[warning  ] опрос свечей: сетевой сбой     degraded=True ключ='DOGE/USDT:USDT 5m' причина='ExchangeNotAvailable binanceusdm GET https://fapi.binance.com/fapi/v1/klines?interval=5m&limit=3&symbol=DOGEUSDT'
[warning  ] опрос баров не дал ряда        degraded=True причина='DOGE/USDT:USDT 5m: опрос свечей — сеть (ExchangeNotAvailable)' символ=DOGE/USDT:USDT тф=5m
[warning  ] опрос свечей: сетевой сбой     degraded=True ключ='SAND/USDT:USDT 5m' причина='ExchangeNotAvailable binanceusdm GET https://fapi.binance.com/fapi/v1/klines?interval=5m&limit=3&symbol=SANDUSDT'
[warning  ] опрос баров не дал ряда        degraded=True причина='SAND/USDT:USDT 5m: опрос свечей — сеть (ExchangeNotAvailable)' символ=SAND/USDT:USDT тф=5m
[warning  ] опрос свечей: сетевой сбой     degraded=True ключ='ARPA/USDT:USDT 5m' причина='ExchangeNotAvailable binanceusdm GET https://fapi.binance.com/fapi/v1/klines?interval=5m&limit=3&symbol=ARPAUSDT'
[warning  ] опрос баров не дал ряда        degraded=True причина='ARPA/USDT:USDT 5m: опрос свечей — сеть (ExchangeNotAvailable)' символ=ARPA/USDT:USDT тф=5m
[warning  ] опрос свечей: сетевой сбой     degraded=True ключ='BTC/USDT:USDT 5m' причина='ExchangeNotAvailable binanceusdm GET https://fapi.binance.com/fapi/v1/klines?interval=5m&limit=3&symbol=BTCUSDT'
[warning  ] опрос баров не дал ряда        degraded=True причина='BTC/USDT:USDT 5m: опрос свечей — сеть (ExchangeNotAvailable)' символ=BTC/USDT:USDT тф=5m
[warning  ] опрос свечей: сетевой сбой     degraded=True ключ='1000RATS/USDT:USDT 5m' причина='ExchangeNotAvailable binanceusdm GET https://fapi.binance.com/fapi/v1/klines?interval=5m&limit=3&symbol=1000RATSUSDT'
[warning  ] опрос баров не дал ряда        degraded=True причина='1000RATS/USDT:USDT 5m: опрос свечей — сеть (ExchangeNotAvailable)' символ=1000RATS/USDT:USDT тф=5m
[warning  ] опрос свечей: сетевой сбой     degraded=True ключ='SUPER/USDT:USDT 5m' причина='ExchangeNotAvailable binanceusdm GET https://fapi.binance.com/fapi/v1/klines?interval=5m&limit=3&symbol=SUPERUSDT'
[warning  ] опрос баров не дал ряда        degraded=True причина='SUPER/USDT:USDT 5m: опрос свечей — сеть (ExchangeNotAvailable)' символ=SUPER/USDT:USDT тф=5m
[warning  ] опрос свечей: сетевой сбой     degraded=True ключ='CFX/USDT:USDT 5m' причина='ExchangeNotAvailable binanceusdm GET https://fapi.binance.com/fapi/v1/klines?interval=5m&limit=3&symbol=CFXUSDT'
[warning  ] опрос баров не дал ряда        degraded=True причина='CFX/USDT:USDT 5m: опрос свечей — сеть (ExchangeNotAvailable)' символ=CFX/USDT:USDT тф=5m
[warning  ] опрос свечей: сетевой сбой     degraded=True ключ='UNI/USDT:USDT 5m' причина='ExchangeNotAvailable binanceusdm GET https://fapi.binance.com/fapi/v1/klines?interval=5m&limit=3&symbol=UNIUSDT'
[warning  ] опрос баров не дал ряда        degraded=True причина='UNI/USDT:USDT 5m: опрос свечей — сеть (ExchangeNotAvailable)' символ=UNI/USDT:USDT тф=5m
[warning  ] опрос свечей: сетевой сбой     degraded=True ключ='BLESS/USDT:USDT 5m' причина='ExchangeNotAvailable binanceusdm GET https://fapi.binance.com/fapi/v1/klines?interval=5m&limit=3&symbol=BLESSUSDT'
[warning  ] опрос баров не дал ряда        degraded=True причина='BLESS/USDT:USDT 5m: опрос свечей — сеть (ExchangeNotAvailable)' символ=BLESS/USDT:USDT тф=5m
[warning  ] опрос свечей: сетевой сбой     degraded=True ключ='AEVO/USDT:USDT 5m' причина='ExchangeNotAvailable binanceusdm GET https://fapi.binance.com/fapi/v1/klines?interval=5m&limit=3&symbol=AEVOUSDT'
[warning  ] опрос баров не дал ряда        degraded=True причина='AEVO/USDT:USDT 5m: опрос свечей — сеть (ExchangeNotAvailable)' символ=AEVO/USDT:USDT тф=5m
[warning  ] опрос свечей: сетевой сбой     degraded=True ключ='ASTR/USDT:USDT 5m' причина='ExchangeNotAvailable binanceusdm GET https://fapi.binance.com/fapi/v1/klines?interval=5m&limit=3&symbol=ASTRUSDT'
[warning  ] опрос баров не дал ряда        degraded=True причина='ASTR/USDT:USDT 5m: опрос свечей — сеть (ExchangeNotAvailable)' символ=ASTR/USDT:USDT тф=5m
[warning  ] сделки: сетевой сбой, переподключение degraded=True причина='RequestTimeout Connection timeout' символ=BNB/USDT:USDT
[warning  ] сделки: сетевой сбой, переподключение degraded=True причина='RequestTimeout Connection timeout' символ=ETH/USDT:USDT
[warning  ] сделки: сетевой сбой, переподключение degraded=True причина='RequestTimeout Connection timeout' символ=BLESS/USDT:USDT
[warning  ] сделки: сетевой сбой, переподключение degraded=True причина='RequestTimeout Connection timeout' символ=POL/USDT:USDT
[warning  ] сделки: сетевой сбой, переподключение degraded=True причина='RequestTimeout Connection timeout' символ=SOL/USDT:USDT
[warning  ] сделки: сетевой сбой, переподключение degraded=True причина='RequestTimeout Connection timeout' символ=AEVO/USDT:USDT
[warning  ] сделки: сетевой сбой, переподключение degraded=True причина='RequestTimeout Connection timeout' символ=ARPA/USDT:USDT
[warning  ] сделки: сетевой сбой, переподключение degraded=True причина='RequestTimeout Connection timeout' символ=HYPE/USDT:USDT
[warning  ] сделки: сетевой сбой, переподключение degraded=True причина='RequestTimeout Connection timeout' символ=ZEC/USDT:USDT
[warning  ] сделки: сетевой сбой, переподключение degraded=True причина='RequestTimeout Connection timeout' символ=THETA/USDT:USDT
[warning  ] сделки: сетевой сбой, переподключение degraded=True причина='RequestTimeout Connection timeout' символ=UNI/USDT:USDT
[warning  ] сделки: сетевой сбой, переподключение degraded=True причина='RequestTimeout Connection timeout' символ=CHZ/USDT:USDT
[warning  ] сделки: сетевой сбой, переподключение degraded=True причина='RequestTimeout Connection timeout' символ=CFX/USDT:USDT
[warning  ] сделки: сетевой сбой, переподключение degraded=True причина='RequestTimeout Connection timeout' символ=SUPER/USDT:USDT
[warning  ] сделки: сетевой сбой, переподключение degraded=True причина='RequestTimeout Connection timeout' символ=STX/USDT:USDT
[warning  ] сделки: сетевой сбой, переподключение degraded=True причина='RequestTimeout Connection timeout' символ=ADA/USDT:USDT
[warning  ] сделки: сетевой сбой, переподключение degraded=True причина='RequestTimeout Connection timeout' символ=1000RATS/USDT:USDT
[warning  ] сделки: сетевой сбой, переподключение degraded=True причина='RequestTimeout Connection timeout' символ=XRP/USDT:USDT
[warning  ] сделки: сетевой сбой, переподключение degraded=True причина='RequestTimeout Connection timeout' символ=ANKR/USDT:USDT
[warning  ] сделки: сетевой сбой, переподключение degraded=True причина='RequestTimeout Connection timeout' символ=BICO/USDT:USDT
[warning  ] сделки: сетевой сбой, переподключение degraded=True причина='RequestTimeout Connection timeout' символ=ASTR/USDT:USDT
[warning  ] сделки: сетевой сбой, переподключение degraded=True причина='RequestTimeout Connection timeout' символ=SAND/USDT:USDT
[warning  ] сделки: сетевой сбой, переподключение degraded=True причина='RequestTimeout Connection timeout' символ=DOGE/USDT:USDT
[warning  ] сделки: сетевой сбой, переподключение degraded=True причина='RequestTimeout Connection timeout' символ=NEO/USDT:USDT
[warning  ] сделки: сетевой сбой, переподключение degraded=True причина='RequestTimeout Connection timeout' символ=ONDO/USDT:USDT
[warning  ] сделки: сетевой сбой, переподключение degraded=True причина='RequestTimeout Connection timeout' символ=BTC/USDT:USDT
[warning  ] сделки: сетевой сбой, переподключение degraded=True причина='RequestTimeout Connection timeout' символ=BCH/USDT:USDT
[warning  ] сделки: сетевой сбой, переподключение degraded=True причина='NetworkError Cannot connect to host fstream.binance.com:443 ssl:default [getaddrinfo failed]' символ=HYPE/USDT:USDT
[warning  ] сделки: сетевой сбой, переподключение degraded=True причина='NetworkError Cannot connect to host fstream.binance.com:443 ssl:default [getaddrinfo failed]' символ=ARPA/USDT:USDT
[warning  ] сделки: сетевой сбой, переподключение degraded=True причина='NetworkError Cannot connect to host fstream.binance.com:443 ssl:default [getaddrinfo failed]' символ=SUPER/USDT:USDT
[warning  ] сделки: сетевой сбой, переподключение degraded=True причина='NetworkError Cannot connect to host fstream.binance.com:443 ssl:default [getaddrinfo failed]' символ=UNI/USDT:USDT
[warning  ] сделки: сетевой сбой, переподключение degraded=True причина='NetworkError Cannot connect to host fstream.binance.com:443 ssl:default [getaddrinfo failed]' символ=STX/USDT:USDT
[warning  ] сделки: сетевой сбой, переподключение degraded=True причина='NetworkError Cannot connect to host fstream.binance.com:443 ssl:default [getaddrinfo failed]' символ=ETH/USDT:USDT
[warning  ] сделки: сетевой сбой, переподключение degraded=True причина='NetworkError Cannot connect to host fstream.binance.com:443 ssl:default [getaddrinfo failed]' символ=CFX/USDT:USDT
[warning  ] сделки: сетевой сбой, переподключение degraded=True причина='NetworkError Cannot connect to host fstream.binance.com:443 ssl:default [getaddrinfo failed]' символ=POL/USDT:USDT
[warning  ] сделки: сетевой сбой, переподключение degraded=True причина='NetworkError Cannot connect to host fstream.binance.com:443 ssl:default [getaddrinfo failed]' символ=CHZ/USDT:USDT
[warning  ] сделки: сетевой сбой, переподключение degraded=True причина='NetworkError Cannot connect to host fstream.binance.com:443 ssl:default [getaddrinfo failed]' символ=AEVO/USDT:USDT
[warning  ] сделки: сетевой сбой, переподключение degraded=True причина='NetworkError Cannot connect to host fstream.binance.com:443 ssl:default [getaddrinfo failed]' символ=THETA/USDT:USDT
[warning  ] сделки: сетевой сбой, переподключение degraded=True причина='NetworkError Cannot connect to host fstream.binance.com:443 ssl:default [getaddrinfo failed]' символ=SOL/USDT:USDT
[warning  ] сделки: сетевой сбой, переподключение degraded=True причина='NetworkError Cannot connect to host fstream.binance.com:443 ssl:default [getaddrinfo failed]' символ=BNB/USDT:USDT
[warning  ] сделки: сетевой сбой, переподключение degraded=True причина='NetworkError Cannot connect to host fstream.binance.com:443 ssl:default [getaddrinfo failed]' символ=BLESS/USDT:USDT
[warning  ] сделки: сетевой сбой, переподключение degraded=True причина='NetworkError Cannot connect to host fstream.binance.com:443 ssl:default [getaddrinfo failed]' символ=ZEC/USDT:USDT
[warning  ] опрос свечей: сетевой сбой     degraded=True ключ='ARPA/USDT:USDT 5m' причина='RequestTimeout binanceusdm GET https://fapi.binance.com/fapi/v1/klines?interval=5m&limit=3&symbol=ARPAUSDT'
[warning  ] опрос баров не дал ряда        degraded=True причина='ARPA/USDT:USDT 5m: опрос свечей — сеть (RequestTimeout)' символ=ARPA/USDT:USDT тф=5m
[warning  ] опрос свечей: сетевой сбой     degraded=True ключ='BTC/USDT:USDT 5m' причина='RequestTimeout binanceusdm GET https://fapi.binance.com/fapi/v1/klines?interval=5m&limit=3&symbol=BTCUSDT'
[warning  ] опрос баров не дал ряда        degraded=True причина='BTC/USDT:USDT 5m: опрос свечей — сеть (RequestTimeout)' символ=BTC/USDT:USDT тф=5m
[warning  ] опрос свечей: сетевой сбой     degraded=True ключ='1000RATS/USDT:USDT 5m' причина='RequestTimeout binanceusdm GET https://fapi.binance.com/fapi/v1/klines?interval=5m&limit=3&symbol=1000RATSUSDT'
[warning  ] опрос баров не дал ряда        degraded=True причина='1000RATS/USDT:USDT 5m: опрос свечей — сеть (RequestTimeout)' символ=1000RATS/USDT:USDT тф=5m
[warning  ] опрос свечей: сетевой сбой     degraded=True ключ='ASTR/USDT:USDT 5m' причина='RequestTimeout binanceusdm GET https://fapi.binance.com/fapi/v1/klines?interval=5m&limit=3&symbol=ASTRUSDT'
[warning  ] опрос баров не дал ряда        degraded=True причина='ASTR/USDT:USDT 5m: опрос свечей — сеть (RequestTimeout)' символ=ASTR/USDT:USDT тф=5m
[warning  ] догон сделок: сетевой сбой     degraded=True ключ=ARPA/USDT:USDT причина='RequestTimeout binanceusdm GET https://fapi.binance.com/fapi/v1/aggTrades?symbol=ARPAUSDT&limit=17&fromId=104257514'
[warning  ] разрыв потока сделок не добран degraded=True потеряно=17 причина='ARPA/USDT:USDT: догон сделок — сеть (RequestTimeout)' символ=ARPA/USDT:USDT
[warning  ] догон сделок: сетевой сбой     degraded=True ключ=AEVO/USDT:USDT причина='RequestTimeout binanceusdm GET https://fapi.binance.com/fapi/v1/aggTrades?symbol=AEVOUSDT&limit=7&fromId=48957382'
[warning  ] разрыв потока сделок не добран degraded=True потеряно=7 причина='AEVO/USDT:USDT: догон сделок — сеть (RequestTimeout)' символ=AEVO/USDT:USDT
[warning  ] опрос свечей: сетевой сбой     degraded=True ключ='AEVO/USDT:USDT 5m' причина='RequestTimeout binanceusdm GET https://fapi.binance.com/fapi/v1/klines?interval=5m&limit=3&symbol=AEVOUSDT'
[warning  ] опрос баров не дал ряда        degraded=True причина='AEVO/USDT:USDT 5m: опрос свечей — сеть (RequestTimeout)' символ=AEVO/USDT:USDT тф=5m
[warning  ] опрос свечей: сетевой сбой     degraded=True ключ='UNI/USDT:USDT 5m' причина='RequestTimeout binanceusdm GET https://fapi.binance.com/fapi/v1/klines?interval=5m&limit=3&symbol=UNIUSDT'
[warning  ] опрос баров не дал ряда        degraded=True причина='UNI/USDT:USDT 5m: опрос свечей — сеть (RequestTimeout)' символ=UNI/USDT:USDT тф=5m
[warning  ] опрос свечей: сетевой сбой     degraded=True ключ='BLESS/USDT:USDT 5m' причина='RequestTimeout binanceusdm GET https://fapi.binance.com/fapi/v1/klines?interval=5m&limit=3&symbol=BLESSUSDT'
[warning  ] опрос баров не дал ряда        degraded=True причина='BLESS/USDT:USDT 5m: опрос свечей — сеть (RequestTimeout)' символ=BLESS/USDT:USDT тф=5m
[warning  ] опрос свечей: сетевой сбой     degraded=True ключ='SUPER/USDT:USDT 5m' причина='RequestTimeout binanceusdm GET https://fapi.binance.com/fapi/v1/klines?interval=5m&limit=3&symbol=SUPERUSDT'
[warning  ] опрос баров не дал ряда        degraded=True причина='SUPER/USDT:USDT 5m: опрос свечей — сеть (RequestTimeout)' символ=SUPER/USDT:USDT тф=5m
[warning  ] опрос свечей: сетевой сбой     degraded=True ключ='CFX/USDT:USDT 5m' причина='RequestTimeout binanceusdm GET https://fapi.binance.com/fapi/v1/klines?interval=5m&limit=3&symbol=CFXUSDT'
[warning  ] опрос баров не дал ряда        degraded=True причина='CFX/USDT:USDT 5m: опрос свечей — сеть (RequestTimeout)' символ=CFX/USDT:USDT тф=5m
[warning  ] догон сделок: сетевой сбой     degraded=True ключ=THETA/USDT:USDT причина='RequestTimeout binanceusdm GET https://fapi.binance.com/fapi/v1/aggTrades?symbol=THETAUSDT&limit=4&fromId=240294315'
[warning  ] разрыв потока сделок не добран degraded=True потеряно=4 причина='THETA/USDT:USDT: догон сделок — сеть (RequestTimeout)' символ=THETA/USDT:USDT
[warning  ] сделки: сетевой сбой, переподключение degraded=True причина='NetworkError Connection closed by remote server, closing code 1006' символ=SOL/USDT:USDT
[warning  ] сделки: сетевой сбой, переподключение degraded=True причина='NetworkError Connection closed by remote server, closing code 1006' символ=SUPER/USDT:USDT
[warning  ] сделки: сетевой сбой, переподключение degraded=True причина='NetworkError Connection closed by remote server, closing code 1006' символ=NEO/USDT:USDT
[warning  ] сделки: сетевой сбой, переподключение degraded=True причина='RequestTimeout Connection timeout' символ=SOL/USDT:USDT
[warning  ] сделки: сетевой сбой, переподключение degraded=True причина='RequestTimeout Connection timeout' символ=SUPER/USDT:USDT
[warning  ] сделки: сетевой сбой, переподключение degraded=True причина='RequestTimeout Connection timeout' символ=NEO/USDT:USDT
[warning  ] сделки: сетевой сбой, переподключение degraded=True причина='RequestTimeout Connection timeout' символ=SOL/USDT:USDT
[warning  ] опрос свечей: сетевой сбой     degraded=True ключ='ASTR/USDT:USDT 5m' причина='ExchangeNotAvailable binanceusdm GET https://fapi.binance.com/fapi/v1/klines?interval=5m&limit=3&symbol=ASTRUSDT'
[warning  ] опрос баров не дал ряда        degraded=True причина='ASTR/USDT:USDT 5m: опрос свечей — сеть (ExchangeNotAvailable)' символ=ASTR/USDT:USDT тф=5m
[warning  ] опрос свечей: сетевой сбой     degraded=True ключ='BTC/USDT:USDT 5m' причина='ExchangeNotAvailable binanceusdm GET https://fapi.binance.com/fapi/v1/klines?interval=5m&limit=3&symbol=BTCUSDT'
[warning  ] опрос баров не дал ряда        degraded=True причина='BTC/USDT:USDT 5m: опрос свечей — сеть (ExchangeNotAvailable)' символ=BTC/USDT:USDT тф=5m
[warning  ] опрос свечей: сетевой сбой     degraded=True ключ='1000RATS/USDT:USDT 5m' причина='ExchangeNotAvailable binanceusdm GET https://fapi.binance.com/fapi/v1/klines?interval=5m&limit=3&symbol=1000RATSUSDT'
[warning  ] опрос баров не дал ряда        degraded=True причина='1000RATS/USDT:USDT 5m: опрос свечей — сеть (ExchangeNotAvailable)' символ=1000RATS/USDT:USDT тф=5m
[warning  ] опрос свечей: сетевой сбой     degraded=True ключ='UNI/USDT:USDT 5m' причина='ExchangeNotAvailable binanceusdm GET https://fapi.binance.com/fapi/v1/klines?interval=5m&limit=3&symbol=UNIUSDT'
[warning  ] опрос баров не дал ряда        degraded=True причина='UNI/USDT:USDT 5m: опрос свечей — сеть (ExchangeNotAvailable)' символ=UNI/USDT:USDT тф=5m
[warning  ] опрос свечей: сетевой сбой     degraded=True ключ='SUPER/USDT:USDT 5m' причина='ExchangeNotAvailable binanceusdm GET https://fapi.binance.com/fapi/v1/klines?interval=5m&limit=3&symbol=SUPERUSDT'
[warning  ] опрос баров не дал ряда        degraded=True причина='SUPER/USDT:USDT 5m: опрос свечей — сеть (ExchangeNotAvailable)' символ=SUPER/USDT:USDT тф=5m
[warning  ] опрос свечей: сетевой сбой     degraded=True ключ='AEVO/USDT:USDT 5m' причина='ExchangeNotAvailable binanceusdm GET https://fapi.binance.com/fapi/v1/klines?interval=5m&limit=3&symbol=AEVOUSDT'
[warning  ] опрос баров не дал ряда        degraded=True причина='AEVO/USDT:USDT 5m: опрос свечей — сеть (ExchangeNotAvailable)' символ=AEVO/USDT:USDT тф=5m
[warning  ] опрос свечей: сетевой сбой     degraded=True ключ='BLESS/USDT:USDT 5m' причина='ExchangeNotAvailable binanceusdm GET https://fapi.binance.com/fapi/v1/klines?interval=5m&limit=3&symbol=BLESSUSDT'
[warning  ] опрос баров не дал ряда        degraded=True причина='BLESS/USDT:USDT 5m: опрос свечей — сеть (ExchangeNotAvailable)' символ=BLESS/USDT:USDT тф=5m
[warning  ] опрос свечей: сетевой сбой     degraded=True ключ='CFX/USDT:USDT 5m' причина='ExchangeNotAvailable binanceusdm GET https://fapi.binance.com/fapi/v1/klines?interval=5m&limit=3&symbol=CFXUSDT'
[warning  ] опрос баров не дал ряда        degraded=True причина='CFX/USDT:USDT 5m: опрос свечей — сеть (ExchangeNotAvailable)' символ=CFX/USDT:USDT тф=5m
[warning  ] опрос свечей: сетевой сбой     degraded=True ключ='ARPA/USDT:USDT 5m' причина='ExchangeNotAvailable binanceusdm GET https://fapi.binance.com/fapi/v1/klines?interval=5m&limit=3&symbol=ARPAUSDT'
[warning  ] опрос баров не дал ряда        degraded=True причина='ARPA/USDT:USDT 5m: опрос свечей — сеть (ExchangeNotAvailable)' символ=ARPA/USDT:USDT тф=5m
[warning  ] сделки: сетевой сбой, переподключение degraded=True причина='RequestTimeout Connection timeout' символ=SUPER/USDT:USDT
[warning  ] сделки: сетевой сбой, переподключение degraded=True причина='RequestTimeout Connection timeout' символ=NEO/USDT:USDT
[warning  ] сделки: сетевой сбой, переподключение degraded=True причина='NetworkError Connection closed by remote server, closing code 1006' символ=1000RATS/USDT:USDT
[warning  ] сделки: сетевой сбой, переподключение degraded=True причина='NetworkError Connection closed by remote server, closing code 1006' символ=STX/USDT:USDT
[warning  ] сделки: сетевой сбой, переподключение degraded=True причина='RequestTimeout Connection timeout' символ=SOL/USDT:USDT
[warning  ] сделки: сетевой сбой, переподключение degraded=True причина='NetworkError Connection closed by remote server, closing code 1006' символ=ASTR/USDT:USDT
[warning  ] сделки: сетевой сбой, переподключение degraded=True причина='RequestTimeout Connection timeout' символ=SUPER/USDT:USDT
[warning  ] сделки: сетевой сбой, переподключение degraded=True причина='RequestTimeout Connection timeout' символ=1000RATS/USDT:USDT
[warning  ] сделки: сетевой сбой, переподключение degraded=True причина='RequestTimeout Connection timeout' символ=NEO/USDT:USDT
[warning  ] сделки: сетевой сбой, переподключение degraded=True причина='RequestTimeout Connection timeout' символ=STX/USDT:USDT
[warning  ] сделки: сетевой сбой, переподключение degraded=True причина='RequestTimeout Connection timeout' символ=SOL/USDT:USDT
[warning  ] сделки: сетевой сбой, переподключение degraded=True причина='RequestTimeout Connection timeout' символ=ASTR/USDT:USDT
[warning  ] сделки: сетевой сбой, переподключение degraded=True причина='RequestTimeout Connection timeout' символ=SUPER/USDT:USDT
[warning  ] сделки: сетевой сбой, переподключение degraded=True причина='RequestTimeout Connection timeout' символ=1000RATS/USDT:USDT
[warning  ] сделки: сетевой сбой, переподключение degraded=True причина='RequestTimeout Connection timeout' символ=NEO/USDT:USDT
[warning  ] сделки: сетевой сбой, переподключение degraded=True причина='RequestTimeout Connection timeout' символ=STX/USDT:USDT
[warning  ] сделки: сетевой сбой, переподключение degraded=True причина='RequestTimeout Connection timeout' символ=SOL/USDT:USDT
[warning  ] сделки: сетевой сбой, переподключение degraded=True причина='RequestTimeout Connection timeout' символ=ASTR/USDT:USDT
[warning  ] сделки: сетевой сбой, переподключение degraded=True причина='RequestTimeout Connection timeout' символ=SUPER/USDT:USDT
[warning  ] сделки: сетевой сбой, переподключение degraded=True причина='RequestTimeout Connection timeout' символ=1000RATS/USDT:USDT
[warning  ] сделки: сетевой сбой, переподключение degraded=True причина='RequestTimeout Connection timeout' символ=NEO/USDT:USDT
[warning  ] сделки: сетевой сбой, переподключение degraded=True причина='RequestTimeout Connection timeout' символ=STX/USDT:USDT
[warning  ] опрос свечей: сетевой сбой     degraded=True ключ='SUPER/USDT:USDT 5m' причина='ExchangeNotAvailable binanceusdm GET https://fapi.binance.com/fapi/v1/klines?interval=5m&limit=3&symbol=SUPERUSDT'
[warning  ] опрос баров не дал ряда        degraded=True причина='SUPER/USDT:USDT 5m: опрос свечей — сеть (ExchangeNotAvailable)' символ=SUPER/USDT:USDT тф=5m
[warning  ] опрос свечей: сетевой сбой     degraded=True ключ='AEVO/USDT:USDT 5m' причина='ExchangeNotAvailable binanceusdm GET https://fapi.binance.com/fapi/v1/klines?interval=5m&limit=3&symbol=AEVOUSDT'
[warning  ] опрос баров не дал ряда        degraded=True причина='AEVO/USDT:USDT 5m: опрос свечей — сеть (ExchangeNotAvailable)' символ=AEVO/USDT:USDT тф=5m
[warning  ] опрос свечей: сетевой сбой     degraded=True ключ='UNI/USDT:USDT 5m' причина='ExchangeNotAvailable binanceusdm GET https://fapi.binance.com/fapi/v1/klines?interval=5m&limit=3&symbol=UNIUSDT'
[warning  ] опрос баров не дал ряда        degraded=True причина='UNI/USDT:USDT 5m: опрос свечей — сеть (ExchangeNotAvailable)' символ=UNI/USDT:USDT тф=5m
[warning  ] опрос свечей: сетевой сбой     degraded=True ключ='BTC/USDT:USDT 5m' причина='ExchangeNotAvailable binanceusdm GET https://fapi.binance.com/fapi/v1/klines?interval=5m&limit=3&symbol=BTCUSDT'
[warning  ] опрос баров не дал ряда        degraded=True причина='BTC/USDT:USDT 5m: опрос свечей — сеть (ExchangeNotAvailable)' символ=BTC/USDT:USDT тф=5m
[warning  ] опрос свечей: сетевой сбой     degraded=True ключ='CFX/USDT:USDT 5m' причина='ExchangeNotAvailable binanceusdm GET https://fapi.binance.com/fapi/v1/klines?interval=5m&limit=3&symbol=CFXUSDT'
[warning  ] опрос баров не дал ряда        degraded=True причина='CFX/USDT:USDT 5m: опрос свечей — сеть (ExchangeNotAvailable)' символ=CFX/USDT:USDT тф=5m
[warning  ] опрос свечей: сетевой сбой     degraded=True ключ='ARPA/USDT:USDT 5m' причина='ExchangeNotAvailable binanceusdm GET https://fapi.binance.com/fapi/v1/klines?interval=5m&limit=3&symbol=ARPAUSDT'
[warning  ] опрос баров не дал ряда        degraded=True причина='ARPA/USDT:USDT 5m: опрос свечей — сеть (ExchangeNotAvailable)' символ=ARPA/USDT:USDT тф=5m
[warning  ] опрос свечей: сетевой сбой     degraded=True ключ='BLESS/USDT:USDT 5m' причина='ExchangeNotAvailable binanceusdm GET https://fapi.binance.com/fapi/v1/klines?interval=5m&limit=3&symbol=BLESSUSDT'
[warning  ] опрос баров не дал ряда        degraded=True причина='BLESS/USDT:USDT 5m: опрос свечей — сеть (ExchangeNotAvailable)' символ=BLESS/USDT:USDT тф=5m
[warning  ] опрос свечей: сетевой сбой     degraded=True ключ='1000RATS/USDT:USDT 5m' причина='ExchangeNotAvailable binanceusdm GET https://fapi.binance.com/fapi/v1/klines?interval=5m&limit=3&symbol=1000RATSUSDT'
[warning  ] опрос баров не дал ряда        degraded=True причина='1000RATS/USDT:USDT 5m: опрос свечей — сеть (ExchangeNotAvailable)' символ=1000RATS/USDT:USDT тф=5m
[warning  ] опрос свечей: сетевой сбой     degraded=True ключ='ASTR/USDT:USDT 5m' причина='ExchangeNotAvailable binanceusdm GET https://fapi.binance.com/fapi/v1/klines?interval=5m&limit=3&symbol=ASTRUSDT'
[warning  ] опрос баров не дал ряда        degraded=True причина='ASTR/USDT:USDT 5m: опрос свечей — сеть (ExchangeNotAvailable)' символ=ASTR/USDT:USDT тф=5m
[warning  ] сделки: сетевой сбой, переподключение degraded=True причина='RequestTimeout Connection timeout' символ=SOL/USDT:USDT
[warning  ] сделки: сетевой сбой, переподключение degraded=True причина='RequestTimeout Connection timeout' символ=ASTR/USDT:USDT
[warning  ] сделки: сетевой сбой, переподключение degraded=True причина='RequestTimeout Connection timeout' символ=SUPER/USDT:USDT
[warning  ] сделки: сетевой сбой, переподключение degraded=True причина='RequestTimeout Connection timeout' символ=1000RATS/USDT:USDT
[warning  ] сделки: сетевой сбой, переподключение degraded=True причина='RequestTimeout Connection timeout' символ=NEO/USDT:USDT
[warning  ] сделки: сетевой сбой, переподключение degraded=True причина='RequestTimeout Connection timeout' символ=STX/USDT:USDT
[warning  ] сделки: сетевой сбой, переподключение degraded=True причина='RequestTimeout Connection timeout' символ=SOL/USDT:USDT
[warning  ] сделки: сетевой сбой, переподключение degraded=True причина='RequestTimeout Connection timeout' символ=ASTR/USDT:USDT
[warning  ] сделки: сетевой сбой, переподключение degraded=True причина='RequestTimeout Connection timeout' символ=SUPER/USDT:USDT
[warning  ] сделки: сетевой сбой, переподключение degraded=True причина='RequestTimeout Connection timeout' символ=1000RATS/USDT:USDT
[warning  ] сделки: сетевой сбой, переподключение degraded=True причина='RequestTimeout Connection timeout' символ=STX/USDT:USDT
[warning  ] сделки: сетевой сбой, переподключение degraded=True причина='RequestTimeout Connection timeout' символ=NEO/USDT:USDT
[warning  ] сделки: сетевой сбой, переподключение degraded=True причина='RequestTimeout Connection timeout' символ=SOL/USDT:USDT
[warning  ] сделки: сетевой сбой, переподключение degraded=True причина='RequestTimeout Connection timeout' символ=ASTR/USDT:USDT
[warning  ] сделки: сетевой сбой, переподключение degraded=True причина='RequestTimeout Connection timeout' символ=SUPER/USDT:USDT
[warning  ] сделки: сетевой сбой, переподключение degraded=True причина='RequestTimeout Connection timeout' символ=1000RATS/USDT:USDT
[warning  ] сделки: сетевой сбой, переподключение degraded=True причина='RequestTimeout Connection timeout' символ=STX/USDT:USDT
[warning  ] опрос свечей: сетевой сбой     degraded=True ключ='CFX/USDT:USDT 15m' причина='ExchangeNotAvailable binanceusdm GET https://fapi.binance.com/fapi/v1/klines?interval=15m&limit=3&symbol=CFXUSDT'
[warning  ] опрос баров не дал ряда        degraded=True причина='CFX/USDT:USDT 15m: опрос свечей — сеть (ExchangeNotAvailable)' символ=CFX/USDT:USDT тф=15m
[warning  ] опрос свечей: сетевой сбой     degraded=True ключ='POL/USDT:USDT 5m' причина='ExchangeNotAvailable binanceusdm GET https://fapi.binance.com/fapi/v1/klines?interval=5m&limit=3&symbol=POLUSDT'
[warning  ] опрос баров не дал ряда        degraded=True причина='POL/USDT:USDT 5m: опрос свечей — сеть (ExchangeNotAvailable)' символ=POL/USDT:USDT тф=5m
[warning  ] опрос свечей: сетевой сбой     degraded=True ключ='ADA/USDT:USDT 1h' причина='ExchangeNotAvailable binanceusdm GET https://fapi.binance.com/fapi/v1/klines?interval=1h&limit=3&symbol=ADAUSDT'
[warning  ] опрос баров не дал ряда        degraded=True причина='ADA/USDT:USDT 1h: опрос свечей — сеть (ExchangeNotAvailable)' символ=ADA/USDT:USDT тф=1h
[warning  ] опрос свечей: сетевой сбой     degraded=True ключ='AEVO/USDT:USDT 15m' причина='ExchangeNotAvailable binanceusdm GET https://fapi.binance.com/fapi/v1/klines?interval=15m&limit=3&symbol=AEVOUSDT'
[warning  ] опрос баров не дал ряда        degraded=True причина='AEVO/USDT:USDT 15m: опрос свечей — сеть (ExchangeNotAvailable)' символ=AEVO/USDT:USDT тф=15m
[warning  ] опрос свечей: сетевой сбой     degraded=True ключ='ZEC/USDT:USDT 1h' причина='ExchangeNotAvailable binanceusdm GET https://fapi.binance.com/fapi/v1/klines?interval=1h&limit=3&symbol=ZECUSDT'
[warning  ] опрос баров не дал ряда        degraded=True причина='ZEC/USDT:USDT 1h: опрос свечей — сеть (ExchangeNotAvailable)' символ=ZEC/USDT:USDT тф=1h
[warning  ] опрос свечей: сетевой сбой     degraded=True ключ='DOGE/USDT:USDT 1h' причина='ExchangeNotAvailable binanceusdm GET https://fapi.binance.com/fapi/v1/klines?interval=1h&limit=3&symbol=DOGEUSDT'
[warning  ] опрос баров не дал ряда        degraded=True причина='DOGE/USDT:USDT 1h: опрос свечей — сеть (ExchangeNotAvailable)' символ=DOGE/USDT:USDT тф=1h
[warning  ] опрос свечей: сетевой сбой     degraded=True ключ='ONDO/USDT:USDT 5m' причина='ExchangeNotAvailable binanceusdm GET https://fapi.binance.com/fapi/v1/klines?interval=5m&limit=3&symbol=ONDOUSDT'
[warning  ] опрос баров не дал ряда        degraded=True причина='ONDO/USDT:USDT 5m: опрос свечей — сеть (ExchangeNotAvailable)' символ=ONDO/USDT:USDT тф=5m
[warning  ] опрос свечей: сетевой сбой     degraded=True ключ='DOGE/USDT:USDT 5m' причина='ExchangeNotAvailable binanceusdm GET https://fapi.binance.com/fapi/v1/klines?interval=5m&limit=3&symbol=DOGEUSDT'
[warning  ] опрос баров не дал ряда        degraded=True причина='DOGE/USDT:USDT 5m: опрос свечей — сеть (ExchangeNotAvailable)' символ=DOGE/USDT:USDT тф=5m
[warning  ] опрос свечей: сетевой сбой     degraded=True ключ='BLESS/USDT:USDT 15m' причина='ExchangeNotAvailable binanceusdm GET https://fapi.binance.com/fapi/v1/klines?interval=15m&limit=3&symbol=BLESSUSDT'
[warning  ] опрос баров не дал ряда        degraded=True причина='BLESS/USDT:USDT 15m: опрос свечей — сеть (ExchangeNotAvailable)' символ=BLESS/USDT:USDT тф=15m
[warning  ] опрос свечей: сетевой сбой     degraded=True ключ='BCH/USDT:USDT 1h' причина='ExchangeNotAvailable binanceusdm GET https://fapi.binance.com/fapi/v1/klines?interval=1h&limit=3&symbol=BCHUSDT'
[warning  ] опрос баров не дал ряда        degraded=True причина='BCH/USDT:USDT 1h: опрос свечей — сеть (ExchangeNotAvailable)' символ=BCH/USDT:USDT тф=1h
[warning  ] опрос свечей: сетевой сбой     degraded=True ключ='ONDO/USDT:USDT 1h' причина='ExchangeNotAvailable binanceusdm GET https://fapi.binance.com/fapi/v1/klines?interval=1h&limit=3&symbol=ONDOUSDT'
[warning  ] опрос баров не дал ряда        degraded=True причина='ONDO/USDT:USDT 1h: опрос свечей — сеть (ExchangeNotAvailable)' символ=ONDO/USDT:USDT тф=1h
[warning  ] опрос свечей: сетевой сбой     degraded=True ключ='SUPER/USDT:USDT 15m' причина='ExchangeNotAvailable binanceusdm GET https://fapi.binance.com/fapi/v1/klines?interval=15m&limit=3&symbol=SUPERUSDT'
[warning  ] опрос баров не дал ряда        degraded=True причина='SUPER/USDT:USDT 15m: опрос свечей — сеть (ExchangeNotAvailable)' символ=SUPER/USDT:USDT тф=15m
[warning  ] опрос свечей: сетевой сбой     degraded=True ключ='SAND/USDT:USDT 1h' причина='ExchangeNotAvailable binanceusdm GET https://fapi.binance.com/fapi/v1/klines?interval=1h&limit=3&symbol=SANDUSDT'
[warning  ] опрос баров не дал ряда        degraded=True причина='SAND/USDT:USDT 1h: опрос свечей — сеть (ExchangeNotAvailable)' символ=SAND/USDT:USDT тф=1h
[warning  ] опрос свечей: сетевой сбой     degraded=True ключ='1000RATS/USDT:USDT 1h' причина='ExchangeNotAvailable binanceusdm GET https://fapi.binance.com/fapi/v1/klines?interval=1h&limit=3&symbol=1000RATSUSDT'
[warning  ] опрос баров не дал ряда        degraded=True причина='1000RATS/USDT:USDT 1h: опрос свечей — сеть (ExchangeNotAvailable)' символ=1000RATS/USDT:USDT тф=1h
[warning  ] опрос свечей: сетевой сбой     degraded=True ключ='NEO/USDT:USDT 1h' причина='ExchangeNotAvailable binanceusdm GET https://fapi.binance.com/fapi/v1/klines?interval=1h&limit=3&symbol=NEOUSDT'
[warning  ] опрос баров не дал ряда        degraded=True причина='NEO/USDT:USDT 1h: опрос свечей — сеть (ExchangeNotAvailable)' символ=NEO/USDT:USDT тф=1h
[warning  ] опрос свечей: сетевой сбой     degraded=True ключ='ARPA/USDT:USDT 1h' причина='ExchangeNotAvailable binanceusdm GET https://fapi.binance.com/fapi/v1/klines?interval=1h&limit=3&symbol=ARPAUSDT'
[warning  ] опрос баров не дал ряда        degraded=True причина='ARPA/USDT:USDT 1h: опрос свечей — сеть (ExchangeNotAvailable)' символ=ARPA/USDT:USDT тф=1h
[warning  ] опрос свечей: сетевой сбой     degraded=True ключ='BICO/USDT:USDT 1h' причина='ExchangeNotAvailable binanceusdm GET https://fapi.binance.com/fapi/v1/klines?interval=1h&limit=3&symbol=BICOUSDT'
[warning  ] опрос баров не дал ряда        degraded=True причина='BICO/USDT:USDT 1h: опрос свечей — сеть (ExchangeNotAvailable)' символ=BICO/USDT:USDT тф=1h
[warning  ] опрос свечей: сетевой сбой     degraded=True ключ='ETH/USDT:USDT 5m' причина='ExchangeNotAvailable binanceusdm GET https://fapi.binance.com/fapi/v1/klines?interval=5m&limit=3&symbol=ETHUSDT'
[warning  ] опрос баров не дал ряда        degraded=True причина='ETH/USDT:USDT 5m: опрос свечей — сеть (ExchangeNotAvailable)' символ=ETH/USDT:USDT тф=5m
[warning  ] опрос свечей: сетевой сбой     degraded=True ключ='CHZ/USDT:USDT 15m' причина='ExchangeNotAvailable binanceusdm GET https://fapi.binance.com/fapi/v1/klines?interval=15m&limit=3&symbol=CHZUSDT'
[warning  ] опрос баров не дал ряда        degraded=True причина='CHZ/USDT:USDT 15m: опрос свечей — сеть (ExchangeNotAvailable)' символ=CHZ/USDT:USDT тф=15m
[warning  ] опрос свечей: сетевой сбой     degraded=True ключ='UNI/USDT:USDT 15m' причина='ExchangeNotAvailable binanceusdm GET https://fapi.binance.com/fapi/v1/klines?interval=15m&limit=3&symbol=UNIUSDT'
[warning  ] опрос баров не дал ряда        degraded=True причина='UNI/USDT:USDT 15m: опрос свечей — сеть (ExchangeNotAvailable)' символ=UNI/USDT:USDT тф=15m
[warning  ] опрос свечей: сетевой сбой     degraded=True ключ='STX/USDT:USDT 15m' причина='ExchangeNotAvailable binanceusdm GET https://fapi.binance.com/fapi/v1/klines?interval=15m&limit=3&symbol=STXUSDT'
[warning  ] опрос баров не дал ряда        degraded=True причина='STX/USDT:USDT 15m: опрос свечей — сеть (ExchangeNotAvailable)' символ=STX/USDT:USDT тф=15m
[warning  ] опрос свечей: сетевой сбой     degraded=True ключ='POL/USDT:USDT 1h' причина='ExchangeNotAvailable binanceusdm GET https://fapi.binance.com/fapi/v1/klines?interval=1h&limit=3&symbol=POLUSDT'
[warning  ] опрос баров не дал ряда        degraded=True причина='POL/USDT:USDT 1h: опрос свечей — сеть (ExchangeNotAvailable)' символ=POL/USDT:USDT тф=1h
[warning  ] опрос свечей: сетевой сбой     degraded=True ключ='ASTR/USDT:USDT 1h' причина='ExchangeNotAvailable binanceusdm GET https://fapi.binance.com/fapi/v1/klines?interval=1h&limit=3&symbol=ASTRUSDT'
[warning  ] опрос баров не дал ряда        degraded=True причина='ASTR/USDT:USDT 1h: опрос свечей — сеть (ExchangeNotAvailable)' символ=ASTR/USDT:USDT тф=1h
[warning  ] опрос свечей: сетевой сбой     degraded=True ключ='ETH/USDT:USDT 1h' причина='ExchangeNotAvailable binanceusdm GET https://fapi.binance.com/fapi/v1/klines?interval=1h&limit=3&symbol=ETHUSDT'
[warning  ] опрос баров не дал ряда        degraded=True причина='ETH/USDT:USDT 1h: опрос свечей — сеть (ExchangeNotAvailable)' символ=ETH/USDT:USDT тф=1h
[warning  ] опрос свечей: сетевой сбой     degraded=True ключ='ASTR/USDT:USDT 15m' причина='ExchangeNotAvailable binanceusdm GET https://fapi.binance.com/fapi/v1/klines?interval=15m&limit=3&symbol=ASTRUSDT'
[warning  ] опрос баров не дал ряда        degraded=True причина='ASTR/USDT:USDT 15m: опрос свечей — сеть (ExchangeNotAvailable)' символ=ASTR/USDT:USDT тф=15m
[warning  ] опрос свечей: сетевой сбой     degraded=True ключ='HYPE/USDT:USDT 5m' причина='ExchangeNotAvailable binanceusdm GET https://fapi.binance.com/fapi/v1/klines?interval=5m&limit=3&symbol=HYPEUSDT'
[warning  ] опрос баров не дал ряда        degraded=True причина='HYPE/USDT:USDT 5m: опрос свечей — сеть (ExchangeNotAvailable)' символ=HYPE/USDT:USDT тф=5m
[warning  ] опрос свечей: сетевой сбой     degraded=True ключ='ONDO/USDT:USDT 15m' причина='ExchangeNotAvailable binanceusdm GET https://fapi.binance.com/fapi/v1/klines?interval=15m&limit=3&symbol=ONDOUSDT'
[warning  ] опрос баров не дал ряда        degraded=True причина='ONDO/USDT:USDT 15m: опрос свечей — сеть (ExchangeNotAvailable)' символ=ONDO/USDT:USDT тф=15m
[warning  ] опрос свечей: сетевой сбой     degraded=True ключ='XRP/USDT:USDT 1h' причина='ExchangeNotAvailable binanceusdm GET https://fapi.binance.com/fapi/v1/klines?interval=1h&limit=3&symbol=XRPUSDT'
[warning  ] опрос баров не дал ряда        degraded=True причина='XRP/USDT:USDT 1h: опрос свечей — сеть (ExchangeNotAvailable)' символ=XRP/USDT:USDT тф=1h
[warning  ] опрос свечей: сетевой сбой     degraded=True ключ='CHZ/USDT:USDT 5m' причина='ExchangeNotAvailable binanceusdm GET https://fapi.binance.com/fapi/v1/klines?interval=5m&limit=3&symbol=CHZUSDT'
[warning  ] опрос баров не дал ряда        degraded=True причина='CHZ/USDT:USDT 5m: опрос свечей — сеть (ExchangeNotAvailable)' символ=CHZ/USDT:USDT тф=5m
[warning  ] опрос свечей: сетевой сбой     degraded=True ключ='THETA/USDT:USDT 15m' причина='ExchangeNotAvailable binanceusdm GET https://fapi.binance.com/fapi/v1/klines?interval=15m&limit=3&symbol=THETAUSDT'
[warning  ] опрос баров не дал ряда        degraded=True причина='THETA/USDT:USDT 15m: опрос свечей — сеть (ExchangeNotAvailable)' символ=THETA/USDT:USDT тф=15m
[warning  ] опрос свечей: сетевой сбой     degraded=True ключ='BNB/USDT:USDT 1h' причина='ExchangeNotAvailable binanceusdm GET https://fapi.binance.com/fapi/v1/klines?interval=1h&limit=3&symbol=BNBUSDT'
[warning  ] опрос баров не дал ряда        degraded=True причина='BNB/USDT:USDT 1h: опрос свечей — сеть (ExchangeNotAvailable)' символ=BNB/USDT:USDT тф=1h
[warning  ] опрос свечей: сетевой сбой     degraded=True ключ='BTC/USDT:USDT 15m' причина='ExchangeNotAvailable binanceusdm GET https://fapi.binance.com/fapi/v1/klines?interval=15m&limit=3&symbol=BTCUSDT'
[warning  ] опрос баров не дал ряда        degraded=True причина='BTC/USDT:USDT 15m: опрос свечей — сеть (ExchangeNotAvailable)' символ=BTC/USDT:USDT тф=15m
[warning  ] опрос свечей: сетевой сбой     degraded=True ключ='SOL/USDT:USDT 5m' причина='ExchangeNotAvailable binanceusdm GET https://fapi.binance.com/fapi/v1/klines?interval=5m&limit=3&symbol=SOLUSDT'
[warning  ] опрос баров не дал ряда        degraded=True причина='SOL/USDT:USDT 5m: опрос свечей — сеть (ExchangeNotAvailable)' символ=SOL/USDT:USDT тф=5m
[warning  ] опрос свечей: сетевой сбой     degraded=True ключ='CFX/USDT:USDT 1h' причина='ExchangeNotAvailable binanceusdm GET https://fapi.binance.com/fapi/v1/klines?interval=1h&limit=3&symbol=CFXUSDT'
[warning  ] опрос баров не дал ряда        degraded=True причина='CFX/USDT:USDT 1h: опрос свечей — сеть (ExchangeNotAvailable)' символ=CFX/USDT:USDT тф=1h
[warning  ] опрос свечей: сетевой сбой     degraded=True ключ='NEO/USDT:USDT 5m' причина='ExchangeNotAvailable binanceusdm GET https://fapi.binance.com/fapi/v1/klines?interval=5m&limit=3&symbol=NEOUSDT'
[warning  ] опрос баров не дал ряда        degraded=True причина='NEO/USDT:USDT 5m: опрос свечей — сеть (ExchangeNotAvailable)' символ=NEO/USDT:USDT тф=5m
[warning  ] опрос свечей: сетевой сбой     degraded=True ключ='BNB/USDT:USDT 15m' причина='ExchangeNotAvailable binanceusdm GET https://fapi.binance.com/fapi/v1/klines?interval=15m&limit=3&symbol=BNBUSDT'
[warning  ] опрос баров не дал ряда        degraded=True причина='BNB/USDT:USDT 15m: опрос свечей — сеть (ExchangeNotAvailable)' символ=BNB/USDT:USDT тф=15m
[warning  ] опрос свечей: сетевой сбой     degraded=True ключ='SAND/USDT:USDT 15m' причина='ExchangeNotAvailable binanceusdm GET https://fapi.binance.com/fapi/v1/klines?interval=15m&limit=3&symbol=SANDUSDT'
[warning  ] опрос баров не дал ряда        degraded=True причина='SAND/USDT:USDT 15m: опрос свечей — сеть (ExchangeNotAvailable)' символ=SAND/USDT:USDT тф=15m
[warning  ] опрос свечей: сетевой сбой     degraded=True ключ='STX/USDT:USDT 5m' причина='ExchangeNotAvailable binanceusdm GET https://fapi.binance.com/fapi/v1/klines?interval=5m&limit=3&symbol=STXUSDT'
[warning  ] опрос баров не дал ряда        degraded=True причина='STX/USDT:USDT 5m: опрос свечей — сеть (ExchangeNotAvailable)' символ=STX/USDT:USDT тф=5m
[warning  ] опрос свечей: сетевой сбой     degraded=True ключ='ANKR/USDT:USDT 5m' причина='ExchangeNotAvailable binanceusdm GET https://fapi.binance.com/fapi/v1/klines?interval=5m&limit=3&symbol=ANKRUSDT'
[warning  ] опрос баров не дал ряда        degraded=True причина='ANKR/USDT:USDT 5m: опрос свечей — сеть (ExchangeNotAvailable)' символ=ANKR/USDT:USDT тф=5m
[warning  ] опрос свечей: сетевой сбой     degraded=True ключ='ARPA/USDT:USDT 15m' причина='ExchangeNotAvailable binanceusdm GET https://fapi.binance.com/fapi/v1/klines?interval=15m&limit=3&symbol=ARPAUSDT'
[warning  ] опрос баров не дал ряда        degraded=True причина='ARPA/USDT:USDT 15m: опрос свечей — сеть (ExchangeNotAvailable)' символ=ARPA/USDT:USDT тф=15m
[warning  ] опрос свечей: сетевой сбой     degraded=True ключ='XRP/USDT:USDT 5m' причина='ExchangeNotAvailable binanceusdm GET https://fapi.binance.com/fapi/v1/klines?interval=5m&limit=3&symbol=XRPUSDT'
[warning  ] опрос баров не дал ряда        degraded=True причина='XRP/USDT:USDT 5m: опрос свечей — сеть (ExchangeNotAvailable)' символ=XRP/USDT:USDT тф=5m
[warning  ] опрос свечей: сетевой сбой     degraded=True ключ='BICO/USDT:USDT 5m' причина='ExchangeNotAvailable binanceusdm GET https://fapi.binance.com/fapi/v1/klines?interval=5m&limit=3&symbol=BICOUSDT'
[warning  ] опрос баров не дал ряда        degraded=True причина='BICO/USDT:USDT 5m: опрос свечей — сеть (ExchangeNotAvailable)' символ=BICO/USDT:USDT тф=5m
[warning  ] опрос свечей: сетевой сбой     degraded=True ключ='THETA/USDT:USDT 5m' причина='ExchangeNotAvailable binanceusdm GET https://fapi.binance.com/fapi/v1/klines?interval=5m&limit=3&symbol=THETAUSDT'
[warning  ] опрос баров не дал ряда        degraded=True причина='THETA/USDT:USDT 5m: опрос свечей — сеть (ExchangeNotAvailable)' символ=THETA/USDT:USDT тф=5m
[warning  ] опрос свечей: сетевой сбой     degraded=True ключ='ADA/USDT:USDT 15m' причина='ExchangeNotAvailable binanceusdm GET https://fapi.binance.com/fapi/v1/klines?interval=15m&limit=3&symbol=ADAUSDT'
[warning  ] опрос баров не дал ряда        degraded=True причина='ADA/USDT:USDT 15m: опрос свечей — сеть (ExchangeNotAvailable)' символ=ADA/USDT:USDT тф=15m
[warning  ] опрос свечей: сетевой сбой     degraded=True ключ='SUPER/USDT:USDT 1h' причина='ExchangeNotAvailable binanceusdm GET https://fapi.binance.com/fapi/v1/klines?interval=1h&limit=3&symbol=SUPERUSDT'
[warning  ] опрос баров не дал ряда        degraded=True причина='SUPER/USDT:USDT 1h: опрос свечей — сеть (ExchangeNotAvailable)' символ=SUPER/USDT:USDT тф=1h
[warning  ] опрос свечей: сетевой сбой     degraded=True ключ='STX/USDT:USDT 1h' причина='ExchangeNotAvailable binanceusdm GET https://fapi.binance.com/fapi/v1/klines?interval=1h&limit=3&symbol=STXUSDT'
[warning  ] опрос баров не дал ряда        degraded=True причина='STX/USDT:USDT 1h: опрос свечей — сеть (ExchangeNotAvailable)' символ=STX/USDT:USDT тф=1h
[warning  ] опрос свечей: сетевой сбой     degraded=True ключ='SOL/USDT:USDT 15m' причина='ExchangeNotAvailable binanceusdm GET https://fapi.binance.com/fapi/v1/klines?interval=15m&limit=3&symbol=SOLUSDT'
[warning  ] опрос баров не дал ряда        degraded=True причина='SOL/USDT:USDT 15m: опрос свечей — сеть (ExchangeNotAvailable)' символ=SOL/USDT:USDT тф=15m
[warning  ] опрос свечей: сетевой сбой     degraded=True ключ='SAND/USDT:USDT 5m' причина='ExchangeNotAvailable binanceusdm GET https://fapi.binance.com/fapi/v1/klines?interval=5m&limit=3&symbol=SANDUSDT'
[warning  ] опрос баров не дал ряда        degraded=True причина='SAND/USDT:USDT 5m: опрос свечей — сеть (ExchangeNotAvailable)' символ=SAND/USDT:USDT тф=5m
[warning  ] опрос свечей: сетевой сбой     degraded=True ключ='THETA/USDT:USDT 1h' причина='ExchangeNotAvailable binanceusdm GET https://fapi.binance.com/fapi/v1/klines?interval=1h&limit=3&symbol=THETAUSDT'
[warning  ] опрос баров не дал ряда        degraded=True причина='THETA/USDT:USDT 1h: опрос свечей — сеть (ExchangeNotAvailable)' символ=THETA/USDT:USDT тф=1h
[warning  ] опрос свечей: сетевой сбой     degraded=True ключ='ADA/USDT:USDT 5m' причина='ExchangeNotAvailable binanceusdm GET https://fapi.binance.com/fapi/v1/klines?interval=5m&limit=3&symbol=ADAUSDT'
[warning  ] опрос баров не дал ряда        degraded=True причина='ADA/USDT:USDT 5m: опрос свечей — сеть (ExchangeNotAvailable)' символ=ADA/USDT:USDT тф=5m
[warning  ] опрос свечей: сетевой сбой     degraded=True ключ='HYPE/USDT:USDT 15m' причина='ExchangeNotAvailable binanceusdm GET https://fapi.binance.com/fapi/v1/klines?interval=15m&limit=3&symbol=HYPEUSDT'
[warning  ] опрос баров не дал ряда        degraded=True причина='HYPE/USDT:USDT 15m: опрос свечей — сеть (ExchangeNotAvailable)' символ=HYPE/USDT:USDT тф=15m
[warning  ] опрос свечей: сетевой сбой     degraded=True ключ='ETH/USDT:USDT 15m' причина='ExchangeNotAvailable binanceusdm GET https://fapi.binance.com/fapi/v1/klines?interval=15m&limit=3&symbol=ETHUSDT'
[warning  ] опрос баров не дал ряда        degraded=True причина='ETH/USDT:USDT 15m: опрос свечей — сеть (ExchangeNotAvailable)' символ=ETH/USDT:USDT тф=15m
[warning  ] опрос свечей: сетевой сбой     degraded=True ключ='XRP/USDT:USDT 15m' причина='ExchangeNotAvailable binanceusdm GET https://fapi.binance.com/fapi/v1/klines?interval=15m&limit=3&symbol=XRPUSDT'
[warning  ] опрос баров не дал ряда        degraded=True причина='XRP/USDT:USDT 15m: опрос свечей — сеть (ExchangeNotAvailable)' символ=XRP/USDT:USDT тф=15m
[warning  ] опрос свечей: сетевой сбой     degraded=True ключ='BICO/USDT:USDT 15m' причина='ExchangeNotAvailable binanceusdm GET https://fapi.binance.com/fapi/v1/klines?interval=15m&limit=3&symbol=BICOUSDT'
[warning  ] опрос баров не дал ряда        degraded=True причина='BICO/USDT:USDT 15m: опрос свечей — сеть (ExchangeNotAvailable)' символ=BICO/USDT:USDT тф=15m
[warning  ] опрос свечей: сетевой сбой     degraded=True ключ='BLESS/USDT:USDT 1h' причина='ExchangeNotAvailable binanceusdm GET https://fapi.binance.com/fapi/v1/klines?interval=1h&limit=3&symbol=BLESSUSDT'
[warning  ] опрос баров не дал ряда        degraded=True причина='BLESS/USDT:USDT 1h: опрос свечей — сеть (ExchangeNotAvailable)' символ=BLESS/USDT:USDT тф=1h
[warning  ] опрос свечей: сетевой сбой     degraded=True ключ='ZEC/USDT:USDT 5m' причина='ExchangeNotAvailable binanceusdm GET https://fapi.binance.com/fapi/v1/klines?interval=5m&limit=3&symbol=ZECUSDT'
[warning  ] опрос баров не дал ряда        degraded=True причина='ZEC/USDT:USDT 5m: опрос свечей — сеть (ExchangeNotAvailable)' символ=ZEC/USDT:USDT тф=5m
[warning  ] опрос свечей: сетевой сбой     degraded=True ключ='BTC/USDT:USDT 1h' причина='ExchangeNotAvailable binanceusdm GET https://fapi.binance.com/fapi/v1/klines?interval=1h&limit=3&symbol=BTCUSDT'
[warning  ] опрос баров не дал ряда        degraded=True причина='BTC/USDT:USDT 1h: опрос свечей — сеть (ExchangeNotAvailable)' символ=BTC/USDT:USDT тф=1h
[warning  ] опрос свечей: сетевой сбой     degraded=True ключ='AEVO/USDT:USDT 5m' причина='ExchangeNotAvailable binanceusdm GET https://fapi.binance.com/fapi/v1/klines?interval=5m&limit=3&symbol=AEVOUSDT'
[warning  ] опрос баров не дал ряда        degraded=True причина='AEVO/USDT:USDT 5m: опрос свечей — сеть (ExchangeNotAvailable)' символ=AEVO/USDT:USDT тф=5m
[warning  ] опрос свечей: сетевой сбой     degraded=True ключ='SUPER/USDT:USDT 5m' причина='ExchangeNotAvailable binanceusdm GET https://fapi.binance.com/fapi/v1/klines?interval=5m&limit=3&symbol=SUPERUSDT'
[warning  ] опрос баров не дал ряда        degraded=True причина='SUPER/USDT:USDT 5m: опрос свечей — сеть (ExchangeNotAvailable)' символ=SUPER/USDT:USDT тф=5m
[warning  ] опрос свечей: сетевой сбой     degraded=True ключ='ZEC/USDT:USDT 15m' причина='ExchangeNotAvailable binanceusdm GET https://fapi.binance.com/fapi/v1/klines?interval=15m&limit=3&symbol=ZECUSDT'
[warning  ] опрос баров не дал ряда        degraded=True причина='ZEC/USDT:USDT 15m: опрос свечей — сеть (ExchangeNotAvailable)' символ=ZEC/USDT:USDT тф=15m
[warning  ] опрос свечей: сетевой сбой     degraded=True ключ='BNB/USDT:USDT 5m' причина='ExchangeNotAvailable binanceusdm GET https://fapi.binance.com/fapi/v1/klines?interval=5m&limit=3&symbol=BNBUSDT'
[warning  ] опрос баров не дал ряда        degraded=True причина='BNB/USDT:USDT 5m: опрос свечей — сеть (ExchangeNotAvailable)' символ=BNB/USDT:USDT тф=5m
[warning  ] опрос свечей: сетевой сбой     degraded=True ключ='SOL/USDT:USDT 1h' причина='ExchangeNotAvailable binanceusdm GET https://fapi.binance.com/fapi/v1/klines?interval=1h&limit=3&symbol=SOLUSDT'
[warning  ] опрос баров не дал ряда        degraded=True причина='SOL/USDT:USDT 1h: опрос свечей — сеть (ExchangeNotAvailable)' символ=SOL/USDT:USDT тф=1h
[warning  ] опрос свечей: сетевой сбой     degraded=True ключ='NEO/USDT:USDT 15m' причина='ExchangeNotAvailable binanceusdm GET https://fapi.binance.com/fapi/v1/klines?interval=15m&limit=3&symbol=NEOUSDT'
[warning  ] опрос баров не дал ряда        degraded=True причина='NEO/USDT:USDT 15m: опрос свечей — сеть (ExchangeNotAvailable)' символ=NEO/USDT:USDT тф=15m
[warning  ] опрос свечей: сетевой сбой     degraded=True ключ='1000RATS/USDT:USDT 15m' причина='ExchangeNotAvailable binanceusdm GET https://fapi.binance.com/fapi/v1/klines?interval=15m&limit=3&symbol=1000RATSUSDT'
[warning  ] опрос баров не дал ряда        degraded=True причина='1000RATS/USDT:USDT 15m: опрос свечей — сеть (ExchangeNotAvailable)' символ=1000RATS/USDT:USDT тф=15m
[warning  ] опрос свечей: сетевой сбой     degraded=True ключ='DOGE/USDT:USDT 15m' причина='ExchangeNotAvailable binanceusdm GET https://fapi.binance.com/fapi/v1/klines?interval=15m&limit=3&symbol=DOGEUSDT'
[warning  ] опрос баров не дал ряда        degraded=True причина='DOGE/USDT:USDT 15m: опрос свечей — сеть (ExchangeNotAvailable)' символ=DOGE/USDT:USDT тф=15m
[warning  ] опрос свечей: сетевой сбой     degraded=True ключ='AEVO/USDT:USDT 1h' причина='ExchangeNotAvailable binanceusdm GET https://fapi.binance.com/fapi/v1/klines?interval=1h&limit=3&symbol=AEVOUSDT'
[warning  ] опрос баров не дал ряда        degraded=True причина='AEVO/USDT:USDT 1h: опрос свечей — сеть (ExchangeNotAvailable)' символ=AEVO/USDT:USDT тф=1h
[warning  ] опрос свечей: сетевой сбой     degraded=True ключ='HYPE/USDT:USDT 1h' причина='ExchangeNotAvailable binanceusdm GET https://fapi.binance.com/fapi/v1/klines?interval=1h&limit=3&symbol=HYPEUSDT'
[warning  ] опрос баров не дал ряда        degraded=True причина='HYPE/USDT:USDT 1h: опрос свечей — сеть (ExchangeNotAvailable)' символ=HYPE/USDT:USDT тф=1h
[warning  ] опрос свечей: сетевой сбой     degraded=True ключ='CHZ/USDT:USDT 1h' причина='ExchangeNotAvailable binanceusdm GET https://fapi.binance.com/fapi/v1/klines?interval=1h&limit=3&symbol=CHZUSDT'
[warning  ] опрос баров не дал ряда        degraded=True причина='CHZ/USDT:USDT 1h: опрос свечей — сеть (ExchangeNotAvailable)' символ=CHZ/USDT:USDT тф=1h
[warning  ] опрос свечей: сетевой сбой     degraded=True ключ='ANKR/USDT:USDT 1h' причина='ExchangeNotAvailable binanceusdm GET https://fapi.binance.com/fapi/v1/klines?interval=1h&limit=3&symbol=ANKRUSDT'
[warning  ] опрос баров не дал ряда        degraded=True причина='ANKR/USDT:USDT 1h: опрос свечей — сеть (ExchangeNotAvailable)' символ=ANKR/USDT:USDT тф=1h
[warning  ] опрос свечей: сетевой сбой     degraded=True ключ='POL/USDT:USDT 15m' причина='ExchangeNotAvailable binanceusdm GET https://fapi.binance.com/fapi/v1/klines?interval=15m&limit=3&symbol=POLUSDT'
[warning  ] опрос баров не дал ряда        degraded=True причина='POL/USDT:USDT 15m: опрос свечей — сеть (ExchangeNotAvailable)' символ=POL/USDT:USDT тф=15m
[warning  ] опрос свечей: сетевой сбой     degraded=True ключ='ANKR/USDT:USDT 15m' причина='ExchangeNotAvailable binanceusdm GET https://fapi.binance.com/fapi/v1/klines?interval=15m&limit=3&symbol=ANKRUSDT'
[warning  ] опрос баров не дал ряда        degraded=True причина='ANKR/USDT:USDT 15m: опрос свечей — сеть (ExchangeNotAvailable)' символ=ANKR/USDT:USDT тф=15m
[warning  ] опрос свечей: сетевой сбой     degraded=True ключ='UNI/USDT:USDT 1h' причина='ExchangeNotAvailable binanceusdm GET https://fapi.binance.com/fapi/v1/klines?interval=1h&limit=3&symbol=UNIUSDT'
[warning  ] опрос баров не дал ряда        degraded=True причина='UNI/USDT:USDT 1h: опрос свечей — сеть (ExchangeNotAvailable)' символ=UNI/USDT:USDT тф=1h
[warning  ] опрос свечей: сетевой сбой     degraded=True ключ='BCH/USDT:USDT 15m' причина='ExchangeNotAvailable binanceusdm GET https://fapi.binance.com/fapi/v1/klines?interval=15m&limit=3&symbol=BCHUSDT'
[warning  ] опрос баров не дал ряда        degraded=True причина='BCH/USDT:USDT 15m: опрос свечей — сеть (ExchangeNotAvailable)' символ=BCH/USDT:USDT тф=15m
[warning  ] опрос свечей: сетевой сбой     degraded=True ключ='BCH/USDT:USDT 5m' причина='ExchangeNotAvailable binanceusdm GET https://fapi.binance.com/fapi/v1/klines?interval=5m&limit=3&symbol=BCHUSDT'
[warning  ] опрос баров не дал ряда        degraded=True причина='BCH/USDT:USDT 5m: опрос свечей — сеть (ExchangeNotAvailable)' символ=BCH/USDT:USDT тф=5m
[warning  ] сделки: сетевой сбой, переподключение degraded=True причина='RequestTimeout Connection timeout' символ=NEO/USDT:USDT
[warning  ] сделки: сетевой сбой, переподключение degraded=True причина='RequestTimeout Connection timeout' символ=SOL/USDT:USDT
[warning  ] сделки: сетевой сбой, переподключение degraded=True причина='RequestTimeout Connection timeout' символ=ASTR/USDT:USDT
[warning  ] сделки: сетевой сбой, переподключение degraded=True причина='RequestTimeout Connection timeout' символ=SUPER/USDT:USDT
[warning  ] сделки: сетевой сбой, переподключение degraded=True причина='RequestTimeout Connection timeout' символ=1000RATS/USDT:USDT
[warning  ] сделки: сетевой сбой, переподключение degraded=True причина='RequestTimeout Connection timeout' символ=STX/USDT:USDT
[warning  ] опрос свечей: сетевой сбой     degraded=True ключ='1000RATS/USDT:USDT 5m' причина='ExchangeNotAvailable binanceusdm GET https://fapi.binance.com/fapi/v1/klines?interval=5m&limit=3&symbol=1000RATSUSDT'
[warning  ] опрос баров не дал ряда        degraded=True причина='1000RATS/USDT:USDT 5m: опрос свечей — сеть (ExchangeNotAvailable)' символ=1000RATS/USDT:USDT тф=5m
[warning  ] опрос свечей: сетевой сбой     degraded=True ключ='CFX/USDT:USDT 5m' причина='ExchangeNotAvailable binanceusdm GET https://fapi.binance.com/fapi/v1/klines?interval=5m&limit=3&symbol=CFXUSDT'
[warning  ] опрос баров не дал ряда        degraded=True причина='CFX/USDT:USDT 5m: опрос свечей — сеть (ExchangeNotAvailable)' символ=CFX/USDT:USDT тф=5m
[warning  ] опрос свечей: сетевой сбой     degraded=True ключ='ASTR/USDT:USDT 5m' причина='ExchangeNotAvailable binanceusdm GET https://fapi.binance.com/fapi/v1/klines?interval=5m&limit=3&symbol=ASTRUSDT'
[warning  ] опрос баров не дал ряда        degraded=True причина='ASTR/USDT:USDT 5m: опрос свечей — сеть (ExchangeNotAvailable)' символ=ASTR/USDT:USDT тф=5m
[warning  ] опрос свечей: сетевой сбой     degraded=True ключ='BLESS/USDT:USDT 5m' причина='ExchangeNotAvailable binanceusdm GET https://fapi.binance.com/fapi/v1/klines?interval=5m&limit=3&symbol=BLESSUSDT'
[warning  ] опрос баров не дал ряда        degraded=True причина='BLESS/USDT:USDT 5m: опрос свечей — сеть (ExchangeNotAvailable)' символ=BLESS/USDT:USDT тф=5m
[warning  ] опрос свечей: сетевой сбой     degraded=True ключ='BTC/USDT:USDT 5m' причина='ExchangeNotAvailable binanceusdm GET https://fapi.binance.com/fapi/v1/klines?interval=5m&limit=3&symbol=BTCUSDT'
[warning  ] опрос баров не дал ряда        degraded=True причина='BTC/USDT:USDT 5m: опрос свечей — сеть (ExchangeNotAvailable)' символ=BTC/USDT:USDT тф=5m
[warning  ] опрос свечей: сетевой сбой     degraded=True ключ='ARPA/USDT:USDT 5m' причина='ExchangeNotAvailable binanceusdm GET https://fapi.binance.com/fapi/v1/klines?interval=5m&limit=3&symbol=ARPAUSDT'
[warning  ] опрос баров не дал ряда        degraded=True причина='ARPA/USDT:USDT 5m: опрос свечей — сеть (ExchangeNotAvailable)' символ=ARPA/USDT:USDT тф=5m
[warning  ] опрос свечей: сетевой сбой     degraded=True ключ='UNI/USDT:USDT 5m' причина='ExchangeNotAvailable binanceusdm GET https://fapi.binance.com/fapi/v1/klines?interval=5m&limit=3&symbol=UNIUSDT'
[warning  ] опрос баров не дал ряда        degraded=True причина='UNI/USDT:USDT 5m: опрос свечей — сеть (ExchangeNotAvailable)' символ=UNI/USDT:USDT тф=5m
[warning  ] сделки: сетевой сбой, переподключение degraded=True причина='RequestTimeout Connection timeout' символ=NEO/USDT:USDT
[warning  ] сделки: сетевой сбой, переподключение degraded=True причина='RequestTimeout Connection timeout' символ=SOL/USDT:USDT
[warning  ] сделки: сетевой сбой, переподключение degraded=True причина='RequestTimeout Connection timeout' символ=ASTR/USDT:USDT
[warning  ] сделки: сетевой сбой, переподключение degraded=True причина='RequestTimeout Connection timeout' символ=SUPER/USDT:USDT
[warning  ] сделки: сетевой сбой, переподключение degraded=True причина='RequestTimeout Connection timeout' символ=1000RATS/USDT:USDT
[warning  ] сделки: сетевой сбой, переподключение degraded=True причина='RequestTimeout Connection timeout' символ=STX/USDT:USDT
[warning  ] сделки: сетевой сбой, переподключение degraded=True причина='RequestTimeout Connection timeout' символ=SOL/USDT:USDT
[warning  ] сделки: сетевой сбой, переподключение degraded=True причина='RequestTimeout Connection timeout' символ=NEO/USDT:USDT
[warning  ] сделки: сетевой сбой, переподключение degraded=True причина='RequestTimeout Connection timeout' символ=ASTR/USDT:USDT
[warning  ] сделки: сетевой сбой, переподключение degraded=True причина='RequestTimeout Connection timeout' символ=SUPER/USDT:USDT
[warning  ] сделки: сетевой сбой, переподключение degraded=True причина='RequestTimeout Connection timeout' символ=1000RATS/USDT:USDT
[warning  ] сделки: сетевой сбой, переподключение degraded=True причина='RequestTimeout Connection timeout' символ=STX/USDT:USDT
[warning  ] сделки: сетевой сбой, переподключение degraded=True причина='RequestTimeout Connection timeout' символ=SOL/USDT:USDT
[warning  ] сделки: сетевой сбой, переподключение degraded=True причина='RequestTimeout Connection timeout' символ=ASTR/USDT:USDT
[warning  ] сделки: сетевой сбой, переподключение degraded=True причина='RequestTimeout Connection timeout' символ=NEO/USDT:USDT
[warning  ] сделки: сетевой сбой, переподключение degraded=True причина='RequestTimeout Connection timeout' символ=SUPER/USDT:USDT
[warning  ] сделки: сетевой сбой, переподключение degraded=True причина='RequestTimeout Connection timeout' символ=1000RATS/USDT:USDT
[warning  ] сделки: сетевой сбой, переподключение degraded=True причина='RequestTimeout Connection timeout' символ=STX/USDT:USDT
[warning  ] опрос свечей: сетевой сбой     degraded=True ключ='DOGE/USDT:USDT 1h' причина='ExchangeNotAvailable binanceusdm GET https://fapi.binance.com/fapi/v1/klines?interval=1h&limit=3&symbol=DOGEUSDT'
[warning  ] опрос баров не дал ряда        degraded=True причина='DOGE/USDT:USDT 1h: опрос свечей — сеть (ExchangeNotAvailable)' символ=DOGE/USDT:USDT тф=1h
[warning  ] опрос свечей: сетевой сбой     degraded=True ключ='POL/USDT:USDT 5m' причина='ExchangeNotAvailable binanceusdm GET https://fapi.binance.com/fapi/v1/klines?interval=5m&limit=3&symbol=POLUSDT'
[warning  ] опрос баров не дал ряда        degraded=True причина='POL/USDT:USDT 5m: опрос свечей — сеть (ExchangeNotAvailable)' символ=POL/USDT:USDT тф=5m
[warning  ] опрос свечей: сетевой сбой     degraded=True ключ='AEVO/USDT:USDT 15m' причина='ExchangeNotAvailable binanceusdm GET https://fapi.binance.com/fapi/v1/klines?interval=15m&limit=3&symbol=AEVOUSDT'
[warning  ] опрос баров не дал ряда        degraded=True причина='AEVO/USDT:USDT 15m: опрос свечей — сеть (ExchangeNotAvailable)' символ=AEVO/USDT:USDT тф=15m
[warning  ] опрос свечей: сетевой сбой     degraded=True ключ='ONDO/USDT:USDT 5m' причина='ExchangeNotAvailable binanceusdm GET https://fapi.binance.com/fapi/v1/klines?interval=5m&limit=3&symbol=ONDOUSDT'
[warning  ] опрос баров не дал ряда        degraded=True причина='ONDO/USDT:USDT 5m: опрос свечей — сеть (ExchangeNotAvailable)' символ=ONDO/USDT:USDT тф=5m
[warning  ] опрос свечей: сетевой сбой     degraded=True ключ='ZEC/USDT:USDT 1h' причина='ExchangeNotAvailable binanceusdm GET https://fapi.binance.com/fapi/v1/klines?interval=1h&limit=3&symbol=ZECUSDT'
[warning  ] опрос баров не дал ряда        degraded=True причина='ZEC/USDT:USDT 1h: опрос свечей — сеть (ExchangeNotAvailable)' символ=ZEC/USDT:USDT тф=1h
[warning  ] опрос свечей: сетевой сбой     degraded=True ключ='BCH/USDT:USDT 1h' причина='ExchangeNotAvailable binanceusdm GET https://fapi.binance.com/fapi/v1/klines?interval=1h&limit=3&symbol=BCHUSDT'
[warning  ] опрос баров не дал ряда        degraded=True причина='BCH/USDT:USDT 1h: опрос свечей — сеть (ExchangeNotAvailable)' символ=BCH/USDT:USDT тф=1h
[warning  ] опрос свечей: сетевой сбой     degraded=True ключ='BLESS/USDT:USDT 15m' причина='ExchangeNotAvailable binanceusdm GET https://fapi.binance.com/fapi/v1/klines?interval=15m&limit=3&symbol=BLESSUSDT'
[warning  ] опрос баров не дал ряда        degraded=True причина='BLESS/USDT:USDT 15m: опрос свечей — сеть (ExchangeNotAvailable)' символ=BLESS/USDT:USDT тф=15m
[warning  ] опрос свечей: сетевой сбой     degraded=True ключ='DOGE/USDT:USDT 5m' причина='ExchangeNotAvailable binanceusdm GET https://fapi.binance.com/fapi/v1/klines?interval=5m&limit=3&symbol=DOGEUSDT'
[warning  ] опрос баров не дал ряда        degraded=True причина='DOGE/USDT:USDT 5m: опрос свечей — сеть (ExchangeNotAvailable)' символ=DOGE/USDT:USDT тф=5m
[warning  ] опрос свечей: сетевой сбой     degraded=True ключ='ONDO/USDT:USDT 1h' причина='ExchangeNotAvailable binanceusdm GET https://fapi.binance.com/fapi/v1/klines?interval=1h&limit=3&symbol=ONDOUSDT'
[warning  ] опрос баров не дал ряда        degraded=True причина='ONDO/USDT:USDT 1h: опрос свечей — сеть (ExchangeNotAvailable)' символ=ONDO/USDT:USDT тф=1h
[warning  ] опрос свечей: сетевой сбой     degraded=True ключ='SAND/USDT:USDT 1h' причина='ExchangeNotAvailable binanceusdm GET https://fapi.binance.com/fapi/v1/klines?interval=1h&limit=3&symbol=SANDUSDT'
[warning  ] опрос баров не дал ряда        degraded=True причина='SAND/USDT:USDT 1h: опрос свечей — сеть (ExchangeNotAvailable)' символ=SAND/USDT:USDT тф=1h
[warning  ] опрос свечей: сетевой сбой     degraded=True ключ='1000RATS/USDT:USDT 1h' причина='ExchangeNotAvailable binanceusdm GET https://fapi.binance.com/fapi/v1/klines?interval=1h&limit=3&symbol=1000RATSUSDT'
[warning  ] опрос баров не дал ряда        degraded=True причина='1000RATS/USDT:USDT 1h: опрос свечей — сеть (ExchangeNotAvailable)' символ=1000RATS/USDT:USDT тф=1h
[warning  ] опрос свечей: сетевой сбой     degraded=True ключ='ARPA/USDT:USDT 1h' причина='ExchangeNotAvailable binanceusdm GET https://fapi.binance.com/fapi/v1/klines?interval=1h&limit=3&symbol=ARPAUSDT'
[warning  ] опрос баров не дал ряда        degraded=True причина='ARPA/USDT:USDT 1h: опрос свечей — сеть (ExchangeNotAvailable)' символ=ARPA/USDT:USDT тф=1h
[warning  ] опрос свечей: сетевой сбой     degraded=True ключ='SUPER/USDT:USDT 15m' причина='ExchangeNotAvailable binanceusdm GET https://fapi.binance.com/fapi/v1/klines?interval=15m&limit=3&symbol=SUPERUSDT'
[warning  ] опрос баров не дал ряда        degraded=True причина='SUPER/USDT:USDT 15m: опрос свечей — сеть (ExchangeNotAvailable)' символ=SUPER/USDT:USDT тф=15m
[warning  ] опрос свечей: сетевой сбой     degraded=True ключ='ETH/USDT:USDT 5m' причина='ExchangeNotAvailable binanceusdm GET https://fapi.binance.com/fapi/v1/klines?interval=5m&limit=3&symbol=ETHUSDT'
[warning  ] опрос баров не дал ряда        degraded=True причина='ETH/USDT:USDT 5m: опрос свечей — сеть (ExchangeNotAvailable)' символ=ETH/USDT:USDT тф=5m
[warning  ] опрос свечей: сетевой сбой     degraded=True ключ='CHZ/USDT:USDT 15m' причина='ExchangeNotAvailable binanceusdm GET https://fapi.binance.com/fapi/v1/klines?interval=15m&limit=3&symbol=CHZUSDT'
[warning  ] опрос баров не дал ряда        degraded=True причина='CHZ/USDT:USDT 15m: опрос свечей — сеть (ExchangeNotAvailable)' символ=CHZ/USDT:USDT тф=15m
[warning  ] опрос свечей: сетевой сбой     degraded=True ключ='BCH/USDT:USDT 5m' причина='ExchangeNotAvailable binanceusdm GET https://fapi.binance.com/fapi/v1/klines?interval=5m&limit=3&symbol=BCHUSDT'
[warning  ] опрос баров не дал ряда        degraded=True причина='BCH/USDT:USDT 5m: опрос свечей — сеть (ExchangeNotAvailable)' символ=BCH/USDT:USDT тф=5m
[warning  ] опрос свечей: сетевой сбой     degraded=True ключ='STX/USDT:USDT 15m' причина='ExchangeNotAvailable binanceusdm GET https://fapi.binance.com/fapi/v1/klines?interval=15m&limit=3&symbol=STXUSDT'
[warning  ] опрос баров не дал ряда        degraded=True причина='STX/USDT:USDT 15m: опрос свечей — сеть (ExchangeNotAvailable)' символ=STX/USDT:USDT тф=15m
[warning  ] опрос свечей: сетевой сбой     degraded=True ключ='BICO/USDT:USDT 1h' причина='ExchangeNotAvailable binanceusdm GET https://fapi.binance.com/fapi/v1/klines?interval=1h&limit=3&symbol=BICOUSDT'
[warning  ] опрос баров не дал ряда        degraded=True причина='BICO/USDT:USDT 1h: опрос свечей — сеть (ExchangeNotAvailable)' символ=BICO/USDT:USDT тф=1h
[warning  ] опрос свечей: сетевой сбой     degraded=True ключ='HYPE/USDT:USDT 5m' причина='ExchangeNotAvailable binanceusdm GET https://fapi.binance.com/fapi/v1/klines?interval=5m&limit=3&symbol=HYPEUSDT'
[warning  ] опрос баров не дал ряда        degraded=True причина='HYPE/USDT:USDT 5m: опрос свечей — сеть (ExchangeNotAvailable)' символ=HYPE/USDT:USDT тф=5m
[warning  ] опрос свечей: сетевой сбой     degraded=True ключ='UNI/USDT:USDT 15m' причина='ExchangeNotAvailable binanceusdm GET https://fapi.binance.com/fapi/v1/klines?interval=15m&limit=3&symbol=UNIUSDT'
[warning  ] опрос баров не дал ряда        degraded=True причина='UNI/USDT:USDT 15m: опрос свечей — сеть (ExchangeNotAvailable)' символ=UNI/USDT:USDT тф=15m
[warning  ] опрос свечей: сетевой сбой     degraded=True ключ='POL/USDT:USDT 1h' причина='ExchangeNotAvailable binanceusdm GET https://fapi.binance.com/fapi/v1/klines?interval=1h&limit=3&symbol=POLUSDT'
[warning  ] опрос баров не дал ряда        degraded=True причина='POL/USDT:USDT 1h: опрос свечей — сеть (ExchangeNotAvailable)' символ=POL/USDT:USDT тф=1h
[warning  ] опрос свечей: сетевой сбой     degraded=True ключ='NEO/USDT:USDT 15m' причина='ExchangeNotAvailable binanceusdm GET https://fapi.binance.com/fapi/v1/klines?interval=15m&limit=3&symbol=NEOUSDT'
[warning  ] опрос баров не дал ряда        degraded=True причина='NEO/USDT:USDT 15m: опрос свечей — сеть (ExchangeNotAvailable)' символ=NEO/USDT:USDT тф=15m
[warning  ] опрос свечей: сетевой сбой     degraded=True ключ='CHZ/USDT:USDT 5m' причина='ExchangeNotAvailable binanceusdm GET https://fapi.binance.com/fapi/v1/klines?interval=5m&limit=3&symbol=CHZUSDT'
[warning  ] опрос баров не дал ряда        degraded=True причина='CHZ/USDT:USDT 5m: опрос свечей — сеть (ExchangeNotAvailable)' символ=CHZ/USDT:USDT тф=5m
[warning  ] опрос свечей: сетевой сбой     degraded=True ключ='THETA/USDT:USDT 5m' причина='ExchangeNotAvailable binanceusdm GET https://fapi.binance.com/fapi/v1/klines?interval=5m&limit=3&symbol=THETAUSDT'
[warning  ] опрос баров не дал ряда        degraded=True причина='THETA/USDT:USDT 5m: опрос свечей — сеть (ExchangeNotAvailable)' символ=THETA/USDT:USDT тф=5m
[warning  ] опрос свечей: сетевой сбой     degraded=True ключ='ASTR/USDT:USDT 15m' причина='ExchangeNotAvailable binanceusdm GET https://fapi.binance.com/fapi/v1/klines?interval=15m&limit=3&symbol=ASTRUSDT'
[warning  ] опрос баров не дал ряда        degraded=True причина='ASTR/USDT:USDT 15m: опрос свечей — сеть (ExchangeNotAvailable)' символ=ASTR/USDT:USDT тф=15m
[warning  ] опрос свечей: сетевой сбой     degraded=True ключ='ONDO/USDT:USDT 15m' причина='ExchangeNotAvailable binanceusdm GET https://fapi.binance.com/fapi/v1/klines?interval=15m&limit=3&symbol=ONDOUSDT'
[warning  ] опрос баров не дал ряда        degraded=True причина='ONDO/USDT:USDT 15m: опрос свечей — сеть (ExchangeNotAvailable)' символ=ONDO/USDT:USDT тф=15m
[warning  ] опрос свечей: сетевой сбой     degraded=True ключ='XRP/USDT:USDT 1h' причина='ExchangeNotAvailable binanceusdm GET https://fapi.binance.com/fapi/v1/klines?interval=1h&limit=3&symbol=XRPUSDT'
[warning  ] опрос баров не дал ряда        degraded=True причина='XRP/USDT:USDT 1h: опрос свечей — сеть (ExchangeNotAvailable)' символ=XRP/USDT:USDT тф=1h
[warning  ] опрос свечей: сетевой сбой     degraded=True ключ='BNB/USDT:USDT 1h' причина='ExchangeNotAvailable binanceusdm GET https://fapi.binance.com/fapi/v1/klines?interval=1h&limit=3&symbol=BNBUSDT'
[warning  ] опрос баров не дал ряда        degraded=True причина='BNB/USDT:USDT 1h: опрос свечей — сеть (ExchangeNotAvailable)' символ=BNB/USDT:USDT тф=1h
[warning  ] опрос свечей: сетевой сбой     degraded=True ключ='SOL/USDT:USDT 5m' причина='ExchangeNotAvailable binanceusdm GET https://fapi.binance.com/fapi/v1/klines?interval=5m&limit=3&symbol=SOLUSDT'
[warning  ] опрос баров не дал ряда        degraded=True причина='SOL/USDT:USDT 5m: опрос свечей — сеть (ExchangeNotAvailable)' символ=SOL/USDT:USDT тф=5m
[warning  ] опрос свечей: сетевой сбой     degraded=True ключ='THETA/USDT:USDT 15m' причина='ExchangeNotAvailable binanceusdm GET https://fapi.binance.com/fapi/v1/klines?interval=15m&limit=3&symbol=THETAUSDT'
[warning  ] опрос баров не дал ряда        degraded=True причина='THETA/USDT:USDT 15m: опрос свечей — сеть (ExchangeNotAvailable)' символ=THETA/USDT:USDT тф=15m
[warning  ] опрос свечей: сетевой сбой     degraded=True ключ='NEO/USDT:USDT 5m' причина='ExchangeNotAvailable binanceusdm GET https://fapi.binance.com/fapi/v1/klines?interval=5m&limit=3&symbol=NEOUSDT'
[warning  ] опрос баров не дал ряда        degraded=True причина='NEO/USDT:USDT 5m: опрос свечей — сеть (ExchangeNotAvailable)' символ=NEO/USDT:USDT тф=5m
[warning  ] опрос свечей: сетевой сбой     degraded=True ключ='BTC/USDT:USDT 15m' причина='ExchangeNotAvailable binanceusdm GET https://fapi.binance.com/fapi/v1/klines?interval=15m&limit=3&symbol=BTCUSDT'
[warning  ] опрос баров не дал ряда        degraded=True причина='BTC/USDT:USDT 15m: опрос свечей — сеть (ExchangeNotAvailable)' символ=BTC/USDT:USDT тф=15m
[warning  ] опрос свечей: сетевой сбой     degraded=True ключ='CFX/USDT:USDT 1h' причина='ExchangeNotAvailable binanceusdm GET https://fapi.binance.com/fapi/v1/klines?interval=1h&limit=3&symbol=CFXUSDT'
[warning  ] опрос баров не дал ряда        degraded=True причина='CFX/USDT:USDT 1h: опрос свечей — сеть (ExchangeNotAvailable)' символ=CFX/USDT:USDT тф=1h
[warning  ] опрос свечей: сетевой сбой     degraded=True ключ='SAND/USDT:USDT 15m' причина='ExchangeNotAvailable binanceusdm GET https://fapi.binance.com/fapi/v1/klines?interval=15m&limit=3&symbol=SANDUSDT'
[warning  ] опрос баров не дал ряда        degraded=True причина='SAND/USDT:USDT 15m: опрос свечей — сеть (ExchangeNotAvailable)' символ=SAND/USDT:USDT тф=15m
[warning  ] опрос свечей: сетевой сбой     degraded=True ключ='STX/USDT:USDT 5m' причина='ExchangeNotAvailable binanceusdm GET https://fapi.binance.com/fapi/v1/klines?interval=5m&limit=3&symbol=STXUSDT'
[warning  ] опрос баров не дал ряда        degraded=True причина='STX/USDT:USDT 5m: опрос свечей — сеть (ExchangeNotAvailable)' символ=STX/USDT:USDT тф=5m
[warning  ] опрос свечей: сетевой сбой     degraded=True ключ='ARPA/USDT:USDT 15m' причина='ExchangeNotAvailable binanceusdm GET https://fapi.binance.com/fapi/v1/klines?interval=15m&limit=3&symbol=ARPAUSDT'
[warning  ] опрос баров не дал ряда        degraded=True причина='ARPA/USDT:USDT 15m: опрос свечей — сеть (ExchangeNotAvailable)' символ=ARPA/USDT:USDT тф=15m
[warning  ] опрос свечей: сетевой сбой     degraded=True ключ='BNB/USDT:USDT 15m' причина='ExchangeNotAvailable binanceusdm GET https://fapi.binance.com/fapi/v1/klines?interval=15m&limit=3&symbol=BNBUSDT'
[warning  ] опрос баров не дал ряда        degraded=True причина='BNB/USDT:USDT 15m: опрос свечей — сеть (ExchangeNotAvailable)' символ=BNB/USDT:USDT тф=15m
[warning  ] опрос свечей: сетевой сбой     degraded=True ключ='BICO/USDT:USDT 5m' причина='ExchangeNotAvailable binanceusdm GET https://fapi.binance.com/fapi/v1/klines?interval=5m&limit=3&symbol=BICOUSDT'
[warning  ] опрос баров не дал ряда        degraded=True причина='BICO/USDT:USDT 5m: опрос свечей — сеть (ExchangeNotAvailable)' символ=BICO/USDT:USDT тф=5m
[warning  ] опрос свечей: сетевой сбой     degraded=True ключ='ANKR/USDT:USDT 5m' причина='ExchangeNotAvailable binanceusdm GET https://fapi.binance.com/fapi/v1/klines?interval=5m&limit=3&symbol=ANKRUSDT'
[warning  ] опрос баров не дал ряда        degraded=True причина='ANKR/USDT:USDT 5m: опрос свечей — сеть (ExchangeNotAvailable)' символ=ANKR/USDT:USDT тф=5m
[warning  ] опрос свечей: сетевой сбой     degraded=True ключ='XRP/USDT:USDT 5m' причина='ExchangeNotAvailable binanceusdm GET https://fapi.binance.com/fapi/v1/klines?interval=5m&limit=3&symbol=XRPUSDT'
[warning  ] опрос баров не дал ряда        degraded=True причина='XRP/USDT:USDT 5m: опрос свечей — сеть (ExchangeNotAvailable)' символ=XRP/USDT:USDT тф=5m
[warning  ] опрос свечей: сетевой сбой     degraded=True ключ='STX/USDT:USDT 1h' причина='ExchangeNotAvailable binanceusdm GET https://fapi.binance.com/fapi/v1/klines?interval=1h&limit=3&symbol=STXUSDT'
[warning  ] опрос баров не дал ряда        degraded=True причина='STX/USDT:USDT 1h: опрос свечей — сеть (ExchangeNotAvailable)' символ=STX/USDT:USDT тф=1h
[warning  ] опрос свечей: сетевой сбой     degraded=True ключ='SOL/USDT:USDT 15m' причина='ExchangeNotAvailable binanceusdm GET https://fapi.binance.com/fapi/v1/klines?interval=15m&limit=3&symbol=SOLUSDT'
[warning  ] опрос баров не дал ряда        degraded=True причина='SOL/USDT:USDT 15m: опрос свечей — сеть (ExchangeNotAvailable)' символ=SOL/USDT:USDT тф=15m
[warning  ] опрос свечей: сетевой сбой     degraded=True ключ='SAND/USDT:USDT 5m' причина='ExchangeNotAvailable binanceusdm GET https://fapi.binance.com/fapi/v1/klines?interval=5m&limit=3&symbol=SANDUSDT'
[warning  ] опрос баров не дал ряда        degraded=True причина='SAND/USDT:USDT 5m: опрос свечей — сеть (ExchangeNotAvailable)' символ=SAND/USDT:USDT тф=5m
[warning  ] опрос свечей: сетевой сбой     degraded=True ключ='ADA/USDT:USDT 5m' причина='ExchangeNotAvailable binanceusdm GET https://fapi.binance.com/fapi/v1/klines?interval=5m&limit=3&symbol=ADAUSDT'
[warning  ] опрос баров не дал ряда        degraded=True причина='ADA/USDT:USDT 5m: опрос свечей — сеть (ExchangeNotAvailable)' символ=ADA/USDT:USDT тф=5m
[warning  ] опрос свечей: сетевой сбой     degraded=True ключ='HYPE/USDT:USDT 15m' причина='ExchangeNotAvailable binanceusdm GET https://fapi.binance.com/fapi/v1/klines?interval=15m&limit=3&symbol=HYPEUSDT'
[warning  ] опрос баров не дал ряда        degraded=True причина='HYPE/USDT:USDT 15m: опрос свечей — сеть (ExchangeNotAvailable)' символ=HYPE/USDT:USDT тф=15m
[warning  ] опрос свечей: сетевой сбой     degraded=True ключ='SUPER/USDT:USDT 1h' причина='ExchangeNotAvailable binanceusdm GET https://fapi.binance.com/fapi/v1/klines?interval=1h&limit=3&symbol=SUPERUSDT'
[warning  ] опрос баров не дал ряда        degraded=True причина='SUPER/USDT:USDT 1h: опрос свечей — сеть (ExchangeNotAvailable)' символ=SUPER/USDT:USDT тф=1h
[warning  ] опрос свечей: сетевой сбой     degraded=True ключ='ETH/USDT:USDT 15m' причина='ExchangeNotAvailable binanceusdm GET https://fapi.binance.com/fapi/v1/klines?interval=15m&limit=3&symbol=ETHUSDT'
[warning  ] опрос баров не дал ряда        degraded=True причина='ETH/USDT:USDT 15m: опрос свечей — сеть (ExchangeNotAvailable)' символ=ETH/USDT:USDT тф=15m
[warning  ] опрос свечей: сетевой сбой     degraded=True ключ='ADA/USDT:USDT 1h' причина='ExchangeNotAvailable binanceusdm GET https://fapi.binance.com/fapi/v1/klines?interval=1h&limit=3&symbol=ADAUSDT'
[warning  ] опрос баров не дал ряда        degraded=True причина='ADA/USDT:USDT 1h: опрос свечей — сеть (ExchangeNotAvailable)' символ=ADA/USDT:USDT тф=1h
[warning  ] опрос свечей: сетевой сбой     degraded=True ключ='THETA/USDT:USDT 1h' причина='ExchangeNotAvailable binanceusdm GET https://fapi.binance.com/fapi/v1/klines?interval=1h&limit=3&symbol=THETAUSDT'
[warning  ] опрос баров не дал ряда        degraded=True причина='THETA/USDT:USDT 1h: опрос свечей — сеть (ExchangeNotAvailable)' символ=THETA/USDT:USDT тф=1h
[warning  ] опрос свечей: сетевой сбой     degraded=True ключ='XRP/USDT:USDT 15m' причина='ExchangeNotAvailable binanceusdm GET https://fapi.binance.com/fapi/v1/klines?interval=15m&limit=3&symbol=XRPUSDT'
[warning  ] опрос баров не дал ряда        degraded=True причина='XRP/USDT:USDT 15m: опрос свечей — сеть (ExchangeNotAvailable)' символ=XRP/USDT:USDT тф=15m
[warning  ] опрос свечей: сетевой сбой     degraded=True ключ='BICO/USDT:USDT 15m' причина='ExchangeNotAvailable binanceusdm GET https://fapi.binance.com/fapi/v1/klines?interval=15m&limit=3&symbol=BICOUSDT'
[warning  ] опрос баров не дал ряда        degraded=True причина='BICO/USDT:USDT 15m: опрос свечей — сеть (ExchangeNotAvailable)' символ=BICO/USDT:USDT тф=15m
[warning  ] опрос свечей: сетевой сбой     degraded=True ключ='BLESS/USDT:USDT 1h' причина='ExchangeNotAvailable binanceusdm GET https://fapi.binance.com/fapi/v1/klines?interval=1h&limit=3&symbol=BLESSUSDT'
[warning  ] опрос баров не дал ряда        degraded=True причина='BLESS/USDT:USDT 1h: опрос свечей — сеть (ExchangeNotAvailable)' символ=BLESS/USDT:USDT тф=1h
[warning  ] опрос свечей: сетевой сбой     degraded=True ключ='ZEC/USDT:USDT 5m' причина='ExchangeNotAvailable binanceusdm GET https://fapi.binance.com/fapi/v1/klines?interval=5m&limit=3&symbol=ZECUSDT'
[warning  ] опрос баров не дал ряда        degraded=True причина='ZEC/USDT:USDT 5m: опрос свечей — сеть (ExchangeNotAvailable)' символ=ZEC/USDT:USDT тф=5m
[warning  ] опрос свечей: сетевой сбой     degraded=True ключ='AEVO/USDT:USDT 5m' причина='ExchangeNotAvailable binanceusdm GET https://fapi.binance.com/fapi/v1/klines?interval=5m&limit=3&symbol=AEVOUSDT'
[warning  ] опрос баров не дал ряда        degraded=True причина='AEVO/USDT:USDT 5m: опрос свечей — сеть (ExchangeNotAvailable)' символ=AEVO/USDT:USDT тф=5m
[warning  ] опрос свечей: сетевой сбой     degraded=True ключ='ZEC/USDT:USDT 15m' причина='ExchangeNotAvailable binanceusdm GET https://fapi.binance.com/fapi/v1/klines?interval=15m&limit=3&symbol=ZECUSDT'
[warning  ] опрос баров не дал ряда        degraded=True причина='ZEC/USDT:USDT 15m: опрос свечей — сеть (ExchangeNotAvailable)' символ=ZEC/USDT:USDT тф=15m
[warning  ] опрос свечей: сетевой сбой     degraded=True ключ='BTC/USDT:USDT 1h' причина='ExchangeNotAvailable binanceusdm GET https://fapi.binance.com/fapi/v1/klines?interval=1h&limit=3&symbol=BTCUSDT'
[warning  ] опрос баров не дал ряда        degraded=True причина='BTC/USDT:USDT 1h: опрос свечей — сеть (ExchangeNotAvailable)' символ=BTC/USDT:USDT тф=1h
[warning  ] опрос свечей: сетевой сбой     degraded=True ключ='BNB/USDT:USDT 5m' причина='ExchangeNotAvailable binanceusdm GET https://fapi.binance.com/fapi/v1/klines?interval=5m&limit=3&symbol=BNBUSDT'
[warning  ] опрос баров не дал ряда        degraded=True причина='BNB/USDT:USDT 5m: опрос свечей — сеть (ExchangeNotAvailable)' символ=BNB/USDT:USDT тф=5m
[warning  ] опрос свечей: сетевой сбой     degraded=True ключ='ADA/USDT:USDT 15m' причина='ExchangeNotAvailable binanceusdm GET https://fapi.binance.com/fapi/v1/klines?interval=15m&limit=3&symbol=ADAUSDT'
[warning  ] опрос баров не дал ряда        degraded=True причина='ADA/USDT:USDT 15m: опрос свечей — сеть (ExchangeNotAvailable)' символ=ADA/USDT:USDT тф=15m
[warning  ] опрос свечей: сетевой сбой     degraded=True ключ='ETH/USDT:USDT 1h' причина='ExchangeNotAvailable binanceusdm GET https://fapi.binance.com/fapi/v1/klines?interval=1h&limit=3&symbol=ETHUSDT'
[warning  ] опрос баров не дал ряда        degraded=True причина='ETH/USDT:USDT 1h: опрос свечей — сеть (ExchangeNotAvailable)' символ=ETH/USDT:USDT тф=1h
[warning  ] опрос свечей: сетевой сбой     degraded=True ключ='SOL/USDT:USDT 1h' причина='ExchangeNotAvailable binanceusdm GET https://fapi.binance.com/fapi/v1/klines?interval=1h&limit=3&symbol=SOLUSDT'
[warning  ] опрос баров не дал ряда        degraded=True причина='SOL/USDT:USDT 1h: опрос свечей — сеть (ExchangeNotAvailable)' символ=SOL/USDT:USDT тф=1h
[warning  ] опрос свечей: сетевой сбой     degraded=True ключ='1000RATS/USDT:USDT 15m' причина='ExchangeNotAvailable binanceusdm GET https://fapi.binance.com/fapi/v1/klines?interval=15m&limit=3&symbol=1000RATSUSDT'
[warning  ] опрос баров не дал ряда        degraded=True причина='1000RATS/USDT:USDT 15m: опрос свечей — сеть (ExchangeNotAvailable)' символ=1000RATS/USDT:USDT тф=15m
[warning  ] опрос свечей: сетевой сбой     degraded=True ключ='ASTR/USDT:USDT 1h' причина='ExchangeNotAvailable binanceusdm GET https://fapi.binance.com/fapi/v1/klines?interval=1h&limit=3&symbol=ASTRUSDT'
[warning  ] опрос баров не дал ряда        degraded=True причина='ASTR/USDT:USDT 1h: опрос свечей — сеть (ExchangeNotAvailable)' символ=ASTR/USDT:USDT тф=1h
[warning  ] опрос свечей: сетевой сбой     degraded=True ключ='SUPER/USDT:USDT 5m' причина='ExchangeNotAvailable binanceusdm GET https://fapi.binance.com/fapi/v1/klines?interval=5m&limit=3&symbol=SUPERUSDT'
[warning  ] опрос баров не дал ряда        degraded=True причина='SUPER/USDT:USDT 5m: опрос свечей — сеть (ExchangeNotAvailable)' символ=SUPER/USDT:USDT тф=5m
[warning  ] опрос свечей: сетевой сбой     degraded=True ключ='AEVO/USDT:USDT 1h' причина='ExchangeNotAvailable binanceusdm GET https://fapi.binance.com/fapi/v1/klines?interval=1h&limit=3&symbol=AEVOUSDT'
[warning  ] опрос баров не дал ряда        degraded=True причина='AEVO/USDT:USDT 1h: опрос свечей — сеть (ExchangeNotAvailable)' символ=AEVO/USDT:USDT тф=1h
[warning  ] опрос свечей: сетевой сбой     degraded=True ключ='HYPE/USDT:USDT 1h' причина='ExchangeNotAvailable binanceusdm GET https://fapi.binance.com/fapi/v1/klines?interval=1h&limit=3&symbol=HYPEUSDT'
[warning  ] опрос баров не дал ряда        degraded=True причина='HYPE/USDT:USDT 1h: опрос свечей — сеть (ExchangeNotAvailable)' символ=HYPE/USDT:USDT тф=1h
[warning  ] опрос свечей: сетевой сбой     degraded=True ключ='ANKR/USDT:USDT 1h' причина='ExchangeNotAvailable binanceusdm GET https://fapi.binance.com/fapi/v1/klines?interval=1h&limit=3&symbol=ANKRUSDT'
[warning  ] опрос баров не дал ряда        degraded=True причина='ANKR/USDT:USDT 1h: опрос свечей — сеть (ExchangeNotAvailable)' символ=ANKR/USDT:USDT тф=1h
[warning  ] опрос свечей: сетевой сбой     degraded=True ключ='DOGE/USDT:USDT 15m' причина='ExchangeNotAvailable binanceusdm GET https://fapi.binance.com/fapi/v1/klines?interval=15m&limit=3&symbol=DOGEUSDT'
[warning  ] опрос баров не дал ряда        degraded=True причина='DOGE/USDT:USDT 15m: опрос свечей — сеть (ExchangeNotAvailable)' символ=DOGE/USDT:USDT тф=15m
[warning  ] опрос свечей: сетевой сбой     degraded=True ключ='POL/USDT:USDT 15m' причина='ExchangeNotAvailable binanceusdm GET https://fapi.binance.com/fapi/v1/klines?interval=15m&limit=3&symbol=POLUSDT'
[warning  ] опрос баров не дал ряда        degraded=True причина='POL/USDT:USDT 15m: опрос свечей — сеть (ExchangeNotAvailable)' символ=POL/USDT:USDT тф=15m
[warning  ] опрос свечей: сетевой сбой     degraded=True ключ='CHZ/USDT:USDT 1h' причина='ExchangeNotAvailable binanceusdm GET https://fapi.binance.com/fapi/v1/klines?interval=1h&limit=3&symbol=CHZUSDT'
[warning  ] опрос баров не дал ряда        degraded=True причина='CHZ/USDT:USDT 1h: опрос свечей — сеть (ExchangeNotAvailable)' символ=CHZ/USDT:USDT тф=1h
[warning  ] опрос свечей: сетевой сбой     degraded=True ключ='UNI/USDT:USDT 1h' причина='ExchangeNotAvailable binanceusdm GET https://fapi.binance.com/fapi/v1/klines?interval=1h&limit=3&symbol=UNIUSDT'
[warning  ] опрос баров не дал ряда        degraded=True причина='UNI/USDT:USDT 1h: опрос свечей — сеть (ExchangeNotAvailable)' символ=UNI/USDT:USDT тф=1h
[warning  ] опрос свечей: сетевой сбой     degraded=True ключ='ANKR/USDT:USDT 15m' причина='ExchangeNotAvailable binanceusdm GET https://fapi.binance.com/fapi/v1/klines?interval=15m&limit=3&symbol=ANKRUSDT'
[warning  ] опрос баров не дал ряда        degraded=True причина='ANKR/USDT:USDT 15m: опрос свечей — сеть (ExchangeNotAvailable)' символ=ANKR/USDT:USDT тф=15m
[warning  ] опрос свечей: сетевой сбой     degraded=True ключ='BCH/USDT:USDT 15m' причина='ExchangeNotAvailable binanceusdm GET https://fapi.binance.com/fapi/v1/klines?interval=15m&limit=3&symbol=BCHUSDT'
[warning  ] опрос баров не дал ряда        degraded=True причина='BCH/USDT:USDT 15m: опрос свечей — сеть (ExchangeNotAvailable)' символ=BCH/USDT:USDT тф=15m
[warning  ] опрос свечей: сетевой сбой     degraded=True ключ='NEO/USDT:USDT 1h' причина='ExchangeNotAvailable binanceusdm GET https://fapi.binance.com/fapi/v1/klines?interval=1h&limit=3&symbol=NEOUSDT'
[warning  ] опрос баров не дал ряда        degraded=True причина='NEO/USDT:USDT 1h: опрос свечей — сеть (ExchangeNotAvailable)' символ=NEO/USDT:USDT тф=1h
[warning  ] опрос свечей: сетевой сбой     degraded=True ключ='CFX/USDT:USDT 15m' причина='ExchangeNotAvailable binanceusdm GET https://fapi.binance.com/fapi/v1/klines?interval=15m&limit=3&symbol=CFXUSDT'
[warning  ] опрос баров не дал ряда        degraded=True причина='CFX/USDT:USDT 15m: опрос свечей — сеть (ExchangeNotAvailable)' символ=CFX/USDT:USDT тф=15m
[warning  ] сделки: сетевой сбой, переподключение degraded=True причина='NetworkError Connection closed by remote server, closing code 1006' символ=BCH/USDT:USDT
[warning  ] сделки: сетевой сбой, переподключение degraded=True причина='NetworkError Connection closed by remote server, closing code 1006' символ=POL/USDT:USDT
[warning  ] сделки: сетевой сбой, переподключение degraded=True причина='NetworkError Connection closed by remote server, closing code 1006' символ=ETH/USDT:USDT
[warning  ] сделки: сетевой сбой, переподключение degraded=True причина='NetworkError Connection closed by remote server, closing code 1006' символ=BTC/USDT:USDT
[warning  ] сделки: сетевой сбой, переподключение degraded=True причина='NetworkError Connection closed by remote server, closing code 1006' символ=ARPA/USDT:USDT
[warning  ] сделки: сетевой сбой, переподключение degraded=True причина='NetworkError Connection closed by remote server, closing code 1006' символ=ONDO/USDT:USDT
[warning  ] сделки: сетевой сбой, переподключение degraded=True причина='NetworkError Connection closed by remote server, closing code 1006' символ=ANKR/USDT:USDT
[warning  ] сделки: сетевой сбой, переподключение degraded=True причина='NetworkError Connection closed by remote server, closing code 1006' символ=ZEC/USDT:USDT
[warning  ] сделки: сетевой сбой, переподключение degraded=True причина='NetworkError Connection closed by remote server, closing code 1006' символ=UNI/USDT:USDT
[warning  ] сделки: сетевой сбой, переподключение degraded=True причина='RequestTimeout Connection timeout' символ=SOL/USDT:USDT
[warning  ] сделки: сетевой сбой, переподключение degraded=True причина='NetworkError Connection closed by remote server, closing code 1006' символ=BICO/USDT:USDT
[warning  ] сделки: сетевой сбой, переподключение degraded=True причина='RequestTimeout Connection timeout' символ=ASTR/USDT:USDT
[warning  ] сделки: сетевой сбой, переподключение degraded=True причина='NetworkError Connection closed by remote server, closing code 1006' символ=SAND/USDT:USDT
[warning  ] сделки: сетевой сбой, переподключение degraded=True причина='RequestTimeout Connection timeout' символ=NEO/USDT:USDT
[warning  ] сделки: сетевой сбой, переподключение degraded=True причина='NetworkError Connection closed by remote server, closing code 1006' символ=HYPE/USDT:USDT
[warning  ] сделки: сетевой сбой, переподключение degraded=True причина='NetworkError Connection closed by remote server, closing code 1006' символ=THETA/USDT:USDT
[warning  ] сделки: сетевой сбой, переподключение degraded=True причина='NetworkError Connection closed by remote server, closing code 1006' символ=CFX/USDT:USDT
[warning  ] сделки: сетевой сбой, переподключение degraded=True причина='NetworkError Connection closed by remote server, closing code 1006' символ=AEVO/USDT:USDT
[warning  ] сделки: сетевой сбой, переподключение degraded=True причина='NetworkError Connection closed by remote server, closing code 1006' символ=DOGE/USDT:USDT
[warning  ] сделки: сетевой сбой, переподключение degraded=True причина='RequestTimeout Connection timeout' символ=SUPER/USDT:USDT
[warning  ] сделки: сетевой сбой, переподключение degraded=True причина='NetworkError Connection closed by remote server, closing code 1006' символ=CHZ/USDT:USDT
[warning  ] сделки: сетевой сбой, переподключение degraded=True причина='RequestTimeout Connection timeout' символ=1000RATS/USDT:USDT
Task exception was never retrieved
future: <Task finished name='Task-204252' coro=<ClientWebSocketResponse.pong() done, defined at C:\Users\Антон\Documents\hunter-v2\.venv\Lib\site-packages\aiohttp\client_ws.py:277> exception=ClientConnectionResetError('Cannot write to closing transport')>
Traceback (most recent call last):
  File "C:\Users\Антон\Documents\hunter-v2\.venv\Lib\site-packages\aiohttp\client_ws.py", line 278, in pong
    await self._writer.send_frame(message, WSMsgType.PONG)
  File "C:\Users\Антон\Documents\hunter-v2\.venv\Lib\site-packages\aiohttp\_websocket\writer.py", line 82, in send_frame
    self._write_websocket_frame(message, opcode, 0)
  File "C:\Users\Антон\Documents\hunter-v2\.venv\Lib\site-packages\aiohttp\_websocket\writer.py", line 150, in _write_websocket_frame
    raise ClientConnectionResetError("Cannot write to closing transport")
aiohttp.client_exceptions.ClientConnectionResetError: Cannot write to closing transport
Task exception was never retrieved
future: <Task finished name='Task-204254' coro=<ClientWebSocketResponse.pong() done, defined at C:\Users\Антон\Documents\hunter-v2\.venv\Lib\site-packages\aiohttp\client_ws.py:277> exception=ClientConnectionResetError('Cannot write to closing transport')>
Traceback (most recent call last):
  File "C:\Users\Антон\Documents\hunter-v2\.venv\Lib\site-packages\aiohttp\client_ws.py", line 278, in pong
    await self._writer.send_frame(message, WSMsgType.PONG)
  File "C:\Users\Антон\Documents\hunter-v2\.venv\Lib\site-packages\aiohttp\_websocket\writer.py", line 82, in send_frame
    self._write_websocket_frame(message, opcode, 0)
  File "C:\Users\Антон\Documents\hunter-v2\.venv\Lib\site-packages\aiohttp\_websocket\writer.py", line 150, in _write_websocket_frame
    raise ClientConnectionResetError("Cannot write to closing transport")
aiohttp.client_exceptions.ClientConnectionResetError: Cannot write to closing transport
[warning  ] сделки: сетевой сбой, переподключение degraded=True причина='RequestTimeout Connection timeout' символ=POL/USDT:USDT
[warning  ] сделки: сетевой сбой, переподключение degraded=True причина='RequestTimeout Connection timeout' символ=STX/USDT:USDT
[warning  ] сделки: сетевой сбой, переподключение degraded=True причина='RequestTimeout Connection timeout' символ=BCH/USDT:USDT
[warning  ] сделки: сетевой сбой, переподключение degraded=True причина='RequestTimeout Connection timeout' символ=ETH/USDT:USDT
[warning  ] сделки: сетевой сбой, переподключение degraded=True причина='RequestTimeout Connection timeout' символ=ANKR/USDT:USDT
[warning  ] сделки: сетевой сбой, переподключение degraded=True причина='RequestTimeout Connection timeout' символ=ARPA/USDT:USDT
[warning  ] сделки: сетевой сбой, переподключение degraded=True причина='RequestTimeout Connection timeout' символ=BTC/USDT:USDT
[warning  ] сделки: сетевой сбой, переподключение degraded=True причина='RequestTimeout Connection timeout' символ=ONDO/USDT:USDT
[warning  ] сделки: сетевой сбой, переподключение degraded=True причина='RequestTimeout Connection timeout' символ=BICO/USDT:USDT
[warning  ] сделки: сетевой сбой, переподключение degraded=True причина='RequestTimeout Connection timeout' символ=ASTR/USDT:USDT
[warning  ] сделки: сетевой сбой, переподключение degraded=True причина='RequestTimeout Connection timeout' символ=NEO/USDT:USDT
[warning  ] сделки: сетевой сбой, переподключение degraded=True причина='RequestTimeout Connection timeout' символ=SAND/USDT:USDT
[warning  ] сделки: сетевой сбой, переподключение degraded=True причина='RequestTimeout Connection timeout' символ=SOL/USDT:USDT
[warning  ] сделки: сетевой сбой, переподключение degraded=True причина='RequestTimeout Connection timeout' символ=CFX/USDT:USDT
[warning  ] сделки: сетевой сбой, переподключение degraded=True причина='RequestTimeout Connection timeout' символ=ZEC/USDT:USDT
[warning  ] сделки: сетевой сбой, переподключение degraded=True причина='RequestTimeout Connection timeout' символ=UNI/USDT:USDT
[warning  ] сделки: сетевой сбой, переподключение degraded=True причина='RequestTimeout Connection timeout' символ=HYPE/USDT:USDT
[warning  ] сделки: сетевой сбой, переподключение degraded=True причина='RequestTimeout Connection timeout' символ=THETA/USDT:USDT
[warning  ] сделки: сетевой сбой, переподключение degraded=True причина='RequestTimeout Connection timeout' символ=AEVO/USDT:USDT
[warning  ] сделки: сетевой сбой, переподключение degraded=True причина='RequestTimeout Connection timeout' символ=SUPER/USDT:USDT
[warning  ] сделки: сетевой сбой, переподключение degraded=True причина='RequestTimeout Connection timeout' символ=CHZ/USDT:USDT
[warning  ] сделки: сетевой сбой, переподключение degraded=True причина='RequestTimeout Connection timeout' символ=DOGE/USDT:USDT
[warning  ] сделки: сетевой сбой, переподключение degraded=True причина='NetworkError Connection closed by remote server, closing code 1006' символ=BNB/USDT:USDT
[warning  ] сделки: сетевой сбой, переподключение degraded=True причина='NetworkError Connection closed by remote server, closing code 1006' символ=BLESS/USDT:USDT
[warning  ] сделки: сетевой сбой, переподключение degraded=True причина='NetworkError Connection closed by remote server, closing code 1006' символ=ADA/USDT:USDT
[warning  ] сделки: сетевой сбой, переподключение degraded=True причина='NetworkError Connection closed by remote server, closing code 1006' символ=XRP/USDT:USDT
[warning  ] сделки: сетевой сбой, переподключение degraded=True причина='RequestTimeout Connection timeout' символ=XRP/USDT:USDT
[warning  ] сделки: сетевой сбой, переподключение degraded=True причина='RequestTimeout Connection timeout' символ=XRP/USDT:USDT
[warning  ] опрос свечей: сетевой сбой     degraded=True ключ='HYPE/USDT:USDT 5m' причина='RequestTimeout binanceusdm GET https://fapi.binance.com/fapi/v1/klines?interval=5m&limit=3&symbol=HYPEUSDT'
[warning  ] опрос баров не дал ряда        degraded=True причина='HYPE/USDT:USDT 5m: опрос свечей — сеть (RequestTimeout)' символ=HYPE/USDT:USDT тф=5m
[warning  ] опрос свечей: сетевой сбой     degraded=True ключ='UNI/USDT:USDT 15m' причина='RequestTimeout binanceusdm GET https://fapi.binance.com/fapi/v1/klines?interval=15m&limit=3&symbol=UNIUSDT'
[warning  ] опрос баров не дал ряда        degraded=True причина='UNI/USDT:USDT 15m: опрос свечей — сеть (RequestTimeout)' символ=UNI/USDT:USDT тф=15m
[warning  ] опрос свечей: сетевой сбой     degraded=True ключ='POL/USDT:USDT 1h' причина='RequestTimeout binanceusdm GET https://fapi.binance.com/fapi/v1/klines?interval=1h&limit=3&symbol=POLUSDT'
[warning  ] опрос баров не дал ряда        degraded=True причина='POL/USDT:USDT 1h: опрос свечей — сеть (RequestTimeout)' символ=POL/USDT:USDT тф=1h
[warning  ] опрос свечей: сетевой сбой     degraded=True ключ='NEO/USDT:USDT 15m' причина='RequestTimeout binanceusdm GET https://fapi.binance.com/fapi/v1/klines?interval=15m&limit=3&symbol=NEOUSDT'
[warning  ] опрос баров не дал ряда        degraded=True причина='NEO/USDT:USDT 15m: опрос свечей — сеть (RequestTimeout)' символ=NEO/USDT:USDT тф=15m
[warning  ] опрос свечей: сетевой сбой     degraded=True ключ='ASTR/USDT:USDT 15m' причина='RequestTimeout binanceusdm GET https://fapi.binance.com/fapi/v1/klines?interval=15m&limit=3&symbol=ASTRUSDT'
[warning  ] опрос баров не дал ряда        degraded=True причина='ASTR/USDT:USDT 15m: опрос свечей — сеть (RequestTimeout)' символ=ASTR/USDT:USDT тф=15m
[warning  ] опрос свечей: сетевой сбой     degraded=True ключ='THETA/USDT:USDT 5m' причина='RequestTimeout binanceusdm GET https://fapi.binance.com/fapi/v1/klines?interval=5m&limit=3&symbol=THETAUSDT'
[warning  ] опрос баров не дал ряда        degraded=True причина='THETA/USDT:USDT 5m: опрос свечей — сеть (RequestTimeout)' символ=THETA/USDT:USDT тф=5m
[warning  ] опрос свечей: сетевой сбой     degraded=True ключ='CHZ/USDT:USDT 5m' причина='RequestTimeout binanceusdm GET https://fapi.binance.com/fapi/v1/klines?interval=5m&limit=3&symbol=CHZUSDT'
[warning  ] опрос баров не дал ряда        degraded=True причина='CHZ/USDT:USDT 5m: опрос свечей — сеть (RequestTimeout)' символ=CHZ/USDT:USDT тф=5m
[warning  ] догон сделок: сетевой сбой     degraded=True ключ=THETA/USDT:USDT причина='RequestTimeout binanceusdm GET https://fapi.binance.com/fapi/v1/aggTrades?symbol=THETAUSDT&limit=8&fromId=240294320'
[warning  ] разрыв потока сделок не добран degraded=True потеряно=8 причина='THETA/USDT:USDT: догон сделок — сеть (RequestTimeout)' символ=THETA/USDT:USDT
[warning  ] опрос свечей: сетевой сбой     degraded=True ключ='UNI/USDT:USDT 1h' причина='RequestTimeout binanceusdm GET https://fapi.binance.com/fapi/v1/klines?interval=1h&limit=3&symbol=UNIUSDT'
[warning  ] опрос баров не дал ряда        degraded=True причина='UNI/USDT:USDT 1h: опрос свечей — сеть (RequestTimeout)' символ=UNI/USDT:USDT тф=1h
[warning  ] опрос свечей: сетевой сбой     degraded=True ключ='ANKR/USDT:USDT 15m' причина='RequestTimeout binanceusdm GET https://fapi.binance.com/fapi/v1/klines?interval=15m&limit=3&symbol=ANKRUSDT'
[warning  ] опрос баров не дал ряда        degraded=True причина='ANKR/USDT:USDT 15m: опрос свечей — сеть (RequestTimeout)' символ=ANKR/USDT:USDT тф=15m
[warning  ] догон сделок: сетевой сбой     degraded=True ключ=SUPER/USDT:USDT причина='RequestTimeout binanceusdm GET https://fapi.binance.com/fapi/v1/aggTrades?symbol=SUPERUSDT&limit=19&fromId=69796177'
[warning  ] разрыв потока сделок не добран degraded=True потеряно=19 причина='SUPER/USDT:USDT: догон сделок — сеть (RequestTimeout)' символ=SUPER/USDT:USDT
[warning  ] опрос свечей: сетевой сбой     degraded=True ключ='BCH/USDT:USDT 15m' причина='RequestTimeout binanceusdm GET https://fapi.binance.com/fapi/v1/klines?interval=15m&limit=3&symbol=BCHUSDT'
[warning  ] опрос баров не дал ряда        degraded=True причина='BCH/USDT:USDT 15m: опрос свечей — сеть (RequestTimeout)' символ=BCH/USDT:USDT тф=15m
[warning  ] догон сделок: сетевой сбой     degraded=True ключ=ASTR/USDT:USDT причина='RequestTimeout binanceusdm GET https://fapi.binance.com/fapi/v1/aggTrades?symbol=ASTRUSDT&limit=4&fromId=81578808'
[warning  ] разрыв потока сделок не добран degraded=True потеряно=4 причина='ASTR/USDT:USDT: догон сделок — сеть (RequestTimeout)' символ=ASTR/USDT:USDT
[warning  ] опрос свечей: сетевой сбой     degraded=True ключ='NEO/USDT:USDT 1h' причина='RequestTimeout binanceusdm GET https://fapi.binance.com/fapi/v1/klines?interval=1h&limit=3&symbol=NEOUSDT'
[warning  ] опрос баров не дал ряда        degraded=True причина='NEO/USDT:USDT 1h: опрос свечей — сеть (RequestTimeout)' символ=NEO/USDT:USDT тф=1h
[warning  ] догон сделок: сетевой сбой     degraded=True ключ=ANKR/USDT:USDT причина='RequestTimeout binanceusdm GET https://fapi.binance.com/fapi/v1/aggTrades?symbol=ANKRUSDT&limit=13&fromId=124226339'
[warning  ] разрыв потока сделок не добран degraded=True потеряно=13 причина='ANKR/USDT:USDT: догон сделок — сеть (RequestTimeout)' символ=ANKR/USDT:USDT
[warning  ] опрос свечей: сетевой сбой     degraded=True ключ='CFX/USDT:USDT 15m' причина='RequestTimeout binanceusdm GET https://fapi.binance.com/fapi/v1/klines?interval=15m&limit=3&symbol=CFXUSDT'
[warning  ] опрос баров не дал ряда        degraded=True причина='CFX/USDT:USDT 15m: опрос свечей — сеть (RequestTimeout)' символ=CFX/USDT:USDT тф=15m
[warning  ] опрос свечей: сетевой сбой     degraded=True ключ='BICO/USDT:USDT 5m' причина='RequestTimeout binanceusdm GET https://fapi.binance.com/fapi/v1/klines?interval=5m&limit=3&symbol=BICOUSDT'
[warning  ] опрос баров не дал ряда        degraded=True причина='BICO/USDT:USDT 5m: опрос свечей — сеть (RequestTimeout)' символ=BICO/USDT:USDT тф=5m
[warning  ] опрос свечей: сетевой сбой     degraded=True ключ='BLESS/USDT:USDT 1h' причина='RequestTimeout binanceusdm GET https://fapi.binance.com/fapi/v1/klines?interval=1h&limit=3&symbol=BLESSUSDT'
[warning  ] опрос баров не дал ряда        degraded=True причина='BLESS/USDT:USDT 1h: опрос свечей — сеть (RequestTimeout)' символ=BLESS/USDT:USDT тф=1h
[warning  ] опрос свечей: сетевой сбой     degraded=True ключ='1000RATS/USDT:USDT 15m' причина='RequestTimeout binanceusdm GET https://fapi.binance.com/fapi/v1/klines?interval=15m&limit=3&symbol=1000RATSUSDT'
[warning  ] опрос баров не дал ряда        degraded=True причина='1000RATS/USDT:USDT 15m: опрос свечей — сеть (RequestTimeout)' символ=1000RATS/USDT:USDT тф=15m
[warning  ] опрос свечей: сетевой сбой     degraded=True ключ='ANKR/USDT:USDT 1h' причина='RequestTimeout binanceusdm GET https://fapi.binance.com/fapi/v1/klines?interval=1h&limit=3&symbol=ANKRUSDT'
[warning  ] опрос баров не дал ряда        degraded=True причина='ANKR/USDT:USDT 1h: опрос свечей — сеть (RequestTimeout)' символ=ANKR/USDT:USDT тф=1h
[warning  ] опрос свечей: сетевой сбой     degraded=True ключ='POL/USDT:USDT 15m' причина='RequestTimeout binanceusdm GET https://fapi.binance.com/fapi/v1/klines?interval=15m&limit=3&symbol=POLUSDT'
[warning  ] опрос баров не дал ряда        degraded=True причина='POL/USDT:USDT 15m: опрос свечей — сеть (RequestTimeout)' символ=POL/USDT:USDT тф=15m
[warning  ] опрос свечей: сетевой сбой     degraded=True ключ='CHZ/USDT:USDT 1h' причина='RequestTimeout binanceusdm GET https://fapi.binance.com/fapi/v1/klines?interval=1h&limit=3&symbol=CHZUSDT'
[warning  ] опрос баров не дал ряда        degraded=True причина='CHZ/USDT:USDT 1h: опрос свечей — сеть (RequestTimeout)' символ=CHZ/USDT:USDT тф=1h
[warning  ] опрос свечей: сетевой сбой     degraded=True ключ='DOGE/USDT:USDT 15m' причина='RequestTimeout binanceusdm GET https://fapi.binance.com/fapi/v1/klines?interval=15m&limit=3&symbol=DOGEUSDT'
[warning  ] опрос баров не дал ряда        degraded=True причина='DOGE/USDT:USDT 15m: опрос свечей — сеть (RequestTimeout)' символ=DOGE/USDT:USDT тф=15m
[warning  ] опрос свечей: сетевой сбой     degraded=True ключ='SUPER/USDT:USDT 5m' причина='RequestTimeout binanceusdm GET https://fapi.binance.com/fapi/v1/klines?interval=5m&limit=3&symbol=SUPERUSDT'
[warning  ] опрос баров не дал ряда        degraded=True причина='SUPER/USDT:USDT 5m: опрос свечей — сеть (RequestTimeout)' символ=SUPER/USDT:USDT тф=5m
[warning  ] опрос свечей: сетевой сбой     degraded=True ключ='AEVO/USDT:USDT 1h' причина='RequestTimeout binanceusdm GET https://fapi.binance.com/fapi/v1/klines?interval=1h&limit=3&symbol=AEVOUSDT'
[warning  ] опрос баров не дал ряда        degraded=True причина='AEVO/USDT:USDT 1h: опрос свечей — сеть (RequestTimeout)' символ=AEVO/USDT:USDT тф=1h
[warning  ] опрос свечей: сетевой сбой     degraded=True ключ='HYPE/USDT:USDT 1h' причина='RequestTimeout binanceusdm GET https://fapi.binance.com/fapi/v1/klines?interval=1h&limit=3&symbol=HYPEUSDT'
[warning  ] опрос баров не дал ряда        degraded=True причина='HYPE/USDT:USDT 1h: опрос свечей — сеть (RequestTimeout)' символ=HYPE/USDT:USDT тф=1h
[warning  ] опрос свечей: сетевой сбой     degraded=True ключ='ZEC/USDT:USDT 15m' причина='RequestTimeout binanceusdm GET https://fapi.binance.com/fapi/v1/klines?interval=15m&limit=3&symbol=ZECUSDT'
[warning  ] опрос баров не дал ряда        degraded=True причина='ZEC/USDT:USDT 15m: опрос свечей — сеть (RequestTimeout)' символ=ZEC/USDT:USDT тф=15m
[warning  ] опрос свечей: сетевой сбой     degraded=True ключ='ADA/USDT:USDT 15m' причина='RequestTimeout binanceusdm GET https://fapi.binance.com/fapi/v1/klines?interval=15m&limit=3&symbol=ADAUSDT'
[warning  ] опрос баров не дал ряда        degraded=True причина='ADA/USDT:USDT 15m: опрос свечей — сеть (RequestTimeout)' символ=ADA/USDT:USDT тф=15m
[warning  ] опрос свечей: сетевой сбой     degraded=True ключ='SOL/USDT:USDT 1h' причина='RequestTimeout binanceusdm GET https://fapi.binance.com/fapi/v1/klines?interval=1h&limit=3&symbol=SOLUSDT'
[warning  ] опрос баров не дал ряда        degraded=True причина='SOL/USDT:USDT 1h: опрос свечей — сеть (RequestTimeout)' символ=SOL/USDT:USDT тф=1h
[warning  ] опрос свечей: сетевой сбой     degraded=True ключ='ASTR/USDT:USDT 1h' причина='RequestTimeout binanceusdm GET https://fapi.binance.com/fapi/v1/klines?interval=1h&limit=3&symbol=ASTRUSDT'
[warning  ] опрос баров не дал ряда        degraded=True причина='ASTR/USDT:USDT 1h: опрос свечей — сеть (RequestTimeout)' символ=ASTR/USDT:USDT тф=1h
[warning  ] опрос свечей: сетевой сбой     degraded=True ключ='ETH/USDT:USDT 1h' причина='RequestTimeout binanceusdm GET https://fapi.binance.com/fapi/v1/klines?interval=1h&limit=3&symbol=ETHUSDT'
[warning  ] опрос баров не дал ряда        degraded=True причина='ETH/USDT:USDT 1h: опрос свечей — сеть (RequestTimeout)' символ=ETH/USDT:USDT тф=1h
[warning  ] опрос свечей: сетевой сбой     degraded=True ключ='BTC/USDT:USDT 1h' причина='RequestTimeout binanceusdm GET https://fapi.binance.com/fapi/v1/klines?interval=1h&limit=3&symbol=BTCUSDT'
[warning  ] опрос баров не дал ряда        degraded=True причина='BTC/USDT:USDT 1h: опрос свечей — сеть (RequestTimeout)' символ=BTC/USDT:USDT тф=1h
[warning  ] опрос свечей: сетевой сбой     degraded=True ключ='BNB/USDT:USDT 5m' причина='RequestTimeout binanceusdm GET https://fapi.binance.com/fapi/v1/klines?interval=5m&limit=3&symbol=BNBUSDT'
[warning  ] опрос баров не дал ряда        degraded=True причина='BNB/USDT:USDT 5m: опрос свечей — сеть (RequestTimeout)' символ=BNB/USDT:USDT тф=5m
[warning  ] опрос свечей: сетевой сбой     degraded=True ключ='ANKR/USDT:USDT 5m' причина='RequestTimeout binanceusdm GET https://fapi.binance.com/fapi/v1/klines?interval=5m&limit=3&symbol=ANKRUSDT'
[warning  ] опрос баров не дал ряда        degraded=True причина='ANKR/USDT:USDT 5m: опрос свечей — сеть (RequestTimeout)' символ=ANKR/USDT:USDT тф=5m
[warning  ] опрос свечей: сетевой сбой     degraded=True ключ='SUPER/USDT:USDT 1h' причина='RequestTimeout binanceusdm GET https://fapi.binance.com/fapi/v1/klines?interval=1h&limit=3&symbol=SUPERUSDT'
[warning  ] опрос баров не дал ряда        degraded=True причина='SUPER/USDT:USDT 1h: опрос свечей — сеть (RequestTimeout)' символ=SUPER/USDT:USDT тф=1h
[warning  ] опрос свечей: сетевой сбой     degraded=True ключ='XRP/USDT:USDT 15m' причина='RequestTimeout binanceusdm GET https://fapi.binance.com/fapi/v1/klines?interval=15m&limit=3&symbol=XRPUSDT'
[warning  ] опрос баров не дал ряда        degraded=True причина='XRP/USDT:USDT 15m: опрос свечей — сеть (RequestTimeout)' символ=XRP/USDT:USDT тф=15m
[warning  ] опрос свечей: сетевой сбой     degraded=True ключ='AEVO/USDT:USDT 5m' причина='RequestTimeout binanceusdm GET https://fapi.binance.com/fapi/v1/klines?interval=5m&limit=3&symbol=AEVOUSDT'
[warning  ] опрос баров не дал ряда        degraded=True причина='AEVO/USDT:USDT 5m: опрос свечей — сеть (RequestTimeout)' символ=AEVO/USDT:USDT тф=5m
[warning  ] опрос свечей: сетевой сбой     degraded=True ключ='ZEC/USDT:USDT 5m' причина='RequestTimeout binanceusdm GET https://fapi.binance.com/fapi/v1/klines?interval=5m&limit=3&symbol=ZECUSDT'
[warning  ] опрос баров не дал ряда        degraded=True причина='ZEC/USDT:USDT 5m: опрос свечей — сеть (RequestTimeout)' символ=ZEC/USDT:USDT тф=5m
[warning  ] опрос свечей: сетевой сбой     degraded=True ключ='BICO/USDT:USDT 15m' причина='RequestTimeout binanceusdm GET https://fapi.binance.com/fapi/v1/klines?interval=15m&limit=3&symbol=BICOUSDT'
[warning  ] опрос баров не дал ряда        degraded=True причина='BICO/USDT:USDT 15m: опрос свечей — сеть (RequestTimeout)' символ=BICO/USDT:USDT тф=15m
[warning  ] опрос свечей: сетевой сбой     degraded=True ключ='ETH/USDT:USDT 15m' причина='RequestTimeout binanceusdm GET https://fapi.binance.com/fapi/v1/klines?interval=15m&limit=3&symbol=ETHUSDT'
[warning  ] опрос баров не дал ряда        degraded=True причина='ETH/USDT:USDT 15m: опрос свечей — сеть (RequestTimeout)' символ=ETH/USDT:USDT тф=15m
[warning  ] опрос свечей: сетевой сбой     degraded=True ключ='ADA/USDT:USDT 1h' причина='RequestTimeout binanceusdm GET https://fapi.binance.com/fapi/v1/klines?interval=1h&limit=3&symbol=ADAUSDT'
[warning  ] опрос баров не дал ряда        degraded=True причина='ADA/USDT:USDT 1h: опрос свечей — сеть (RequestTimeout)' символ=ADA/USDT:USDT тф=1h
[warning  ] опрос свечей: сетевой сбой     degraded=True ключ='THETA/USDT:USDT 1h' причина='RequestTimeout binanceusdm GET https://fapi.binance.com/fapi/v1/klines?interval=1h&limit=3&symbol=THETAUSDT'
[warning  ] опрос баров не дал ряда        degraded=True причина='THETA/USDT:USDT 1h: опрос свечей — сеть (RequestTimeout)' символ=THETA/USDT:USDT тф=1h
[warning  ] опрос свечей: сетевой сбой     degraded=True ключ='XRP/USDT:USDT 5m' причина='RequestTimeout binanceusdm GET https://fapi.binance.com/fapi/v1/klines?interval=5m&limit=3&symbol=XRPUSDT'
[warning  ] опрос баров не дал ряда        degraded=True причина='XRP/USDT:USDT 5m: опрос свечей — сеть (RequestTimeout)' символ=XRP/USDT:USDT тф=5m
[warning  ] опрос свечей: сетевой сбой     degraded=True ключ='ADA/USDT:USDT 5m' причина='RequestTimeout binanceusdm GET https://fapi.binance.com/fapi/v1/klines?interval=5m&limit=3&symbol=ADAUSDT'
[warning  ] опрос баров не дал ряда        degraded=True причина='ADA/USDT:USDT 5m: опрос свечей — сеть (RequestTimeout)' символ=ADA/USDT:USDT тф=5m
[warning  ] опрос свечей: сетевой сбой     degraded=True ключ='SAND/USDT:USDT 5m' причина='RequestTimeout binanceusdm GET https://fapi.binance.com/fapi/v1/klines?interval=5m&limit=3&symbol=SANDUSDT'
[warning  ] опрос баров не дал ряда        degraded=True причина='SAND/USDT:USDT 5m: опрос свечей — сеть (RequestTimeout)' символ=SAND/USDT:USDT тф=5m
[warning  ] опрос свечей: сетевой сбой     degraded=True ключ='HYPE/USDT:USDT 15m' причина='RequestTimeout binanceusdm GET https://fapi.binance.com/fapi/v1/klines?interval=15m&limit=3&symbol=HYPEUSDT'
[warning  ] опрос баров не дал ряда        degraded=True причина='HYPE/USDT:USDT 15m: опрос свечей — сеть (RequestTimeout)' символ=HYPE/USDT:USDT тф=15m
[warning  ] опрос свечей: сетевой сбой     degraded=True ключ='SOL/USDT:USDT 15m' причина='RequestTimeout binanceusdm GET https://fapi.binance.com/fapi/v1/klines?interval=15m&limit=3&symbol=SOLUSDT'
[warning  ] опрос баров не дал ряда        degraded=True причина='SOL/USDT:USDT 15m: опрос свечей — сеть (RequestTimeout)' символ=SOL/USDT:USDT тф=15m
[warning  ] опрос свечей: сетевой сбой     degraded=True ключ='STX/USDT:USDT 1h' причина='RequestTimeout binanceusdm GET https://fapi.binance.com/fapi/v1/klines?interval=1h&limit=3&symbol=STXUSDT'
[warning  ] опрос баров не дал ряда        degraded=True причина='STX/USDT:USDT 1h: опрос свечей — сеть (RequestTimeout)' символ=STX/USDT:USDT тф=1h
[warning  ] опрос свечей: сетевой сбой     degraded=True ключ='BTC/USDT:USDT 15m' причина='RequestTimeout binanceusdm GET https://fapi.binance.com/fapi/v1/klines?interval=15m&limit=3&symbol=BTCUSDT'
[warning  ] опрос баров не дал ряда        degraded=True причина='BTC/USDT:USDT 15m: опрос свечей — сеть (RequestTimeout)' символ=BTC/USDT:USDT тф=15m
[warning  ] опрос свечей: сетевой сбой     degraded=True ключ='ARPA/USDT:USDT 15m' причина='RequestTimeout binanceusdm GET https://fapi.binance.com/fapi/v1/klines?interval=15m&limit=3&symbol=ARPAUSDT'
[warning  ] опрос баров не дал ряда        degraded=True причина='ARPA/USDT:USDT 15m: опрос свечей — сеть (RequestTimeout)' символ=ARPA/USDT:USDT тф=15m
[warning  ] догон сделок: сетевой сбой     degraded=True ключ=ARPA/USDT:USDT причина='RequestTimeout binanceusdm GET https://fapi.binance.com/fapi/v1/aggTrades?symbol=ARPAUSDT&limit=15&fromId=104257537'
[warning  ] разрыв потока сделок не добран degraded=True потеряно=15 причина='ARPA/USDT:USDT: догон сделок — сеть (RequestTimeout)' символ=ARPA/USDT:USDT
[warning  ] догон сделок: сетевой сбой     degraded=True ключ=AEVO/USDT:USDT причина='RequestTimeout binanceusdm GET https://fapi.binance.com/fapi/v1/aggTrades?symbol=AEVOUSDT&limit=16&fromId=48957397'
[warning  ] разрыв потока сделок не добран degraded=True потеряно=16 причина='AEVO/USDT:USDT: догон сделок — сеть (RequestTimeout)' символ=AEVO/USDT:USDT
[warning  ] опрос свечей: сетевой сбой     degraded=True ключ='BNB/USDT:USDT 15m' причина='RequestTimeout binanceusdm GET https://fapi.binance.com/fapi/v1/klines?interval=15m&limit=3&symbol=BNBUSDT'
[warning  ] опрос баров не дал ряда        degraded=True причина='BNB/USDT:USDT 15m: опрос свечей — сеть (RequestTimeout)' символ=BNB/USDT:USDT тф=15m
[warning  ] опрос свечей: сетевой сбой     degraded=True ключ='CFX/USDT:USDT 1h' причина='RequestTimeout binanceusdm GET https://fapi.binance.com/fapi/v1/klines?interval=1h&limit=3&symbol=CFXUSDT'
[warning  ] опрос баров не дал ряда        degraded=True причина='CFX/USDT:USDT 1h: опрос свечей — сеть (RequestTimeout)' символ=CFX/USDT:USDT тф=1h
[warning  ] опрос свечей: сетевой сбой     degraded=True ключ='SAND/USDT:USDT 15m' причина='RequestTimeout binanceusdm GET https://fapi.binance.com/fapi/v1/klines?interval=15m&limit=3&symbol=SANDUSDT'
[warning  ] опрос баров не дал ряда        degraded=True причина='SAND/USDT:USDT 15m: опрос свечей — сеть (RequestTimeout)' символ=SAND/USDT:USDT тф=15m
[warning  ] опрос свечей: сетевой сбой     degraded=True ключ='STX/USDT:USDT 5m' причина='RequestTimeout binanceusdm GET https://fapi.binance.com/fapi/v1/klines?interval=5m&limit=3&symbol=STXUSDT'
[warning  ] опрос баров не дал ряда        degraded=True причина='STX/USDT:USDT 5m: опрос свечей — сеть (RequestTimeout)' символ=STX/USDT:USDT тф=5m
[warning  ] опрос свечей: сетевой сбой     degraded=True ключ='SOL/USDT:USDT 5m' причина='RequestTimeout binanceusdm GET https://fapi.binance.com/fapi/v1/klines?interval=5m&limit=3&symbol=SOLUSDT'
[warning  ] опрос баров не дал ряда        degraded=True причина='SOL/USDT:USDT 5m: опрос свечей — сеть (RequestTimeout)' символ=SOL/USDT:USDT тф=5m
[warning  ] опрос свечей: сетевой сбой     degraded=True ключ='THETA/USDT:USDT 15m' причина='RequestTimeout binanceusdm GET https://fapi.binance.com/fapi/v1/klines?interval=15m&limit=3&symbol=THETAUSDT'
[warning  ] опрос баров не дал ряда        degraded=True причина='THETA/USDT:USDT 15m: опрос свечей — сеть (RequestTimeout)' символ=THETA/USDT:USDT тф=15m
[warning  ] опрос свечей: сетевой сбой     degraded=True ключ='NEO/USDT:USDT 5m' причина='RequestTimeout binanceusdm GET https://fapi.binance.com/fapi/v1/klines?interval=5m&limit=3&symbol=NEOUSDT'
[warning  ] опрос баров не дал ряда        degraded=True причина='NEO/USDT:USDT 5m: опрос свечей — сеть (RequestTimeout)' символ=NEO/USDT:USDT тф=5m
[warning  ] опрос свечей: сетевой сбой     degraded=True ключ='XRP/USDT:USDT 1h' причина='RequestTimeout binanceusdm GET https://fapi.binance.com/fapi/v1/klines?interval=1h&limit=3&symbol=XRPUSDT'
[warning  ] опрос баров не дал ряда        degraded=True причина='XRP/USDT:USDT 1h: опрос свечей — сеть (RequestTimeout)' символ=XRP/USDT:USDT тф=1h
[warning  ] опрос свечей: сетевой сбой     degraded=True ключ='ONDO/USDT:USDT 15m' причина='RequestTimeout binanceusdm GET https://fapi.binance.com/fapi/v1/klines?interval=15m&limit=3&symbol=ONDOUSDT'
[warning  ] опрос баров не дал ряда        degraded=True причина='ONDO/USDT:USDT 15m: опрос свечей — сеть (RequestTimeout)' символ=ONDO/USDT:USDT тф=15m
[warning  ] опрос свечей: сетевой сбой     degraded=True ключ='BNB/USDT:USDT 1h' причина='RequestTimeout binanceusdm GET https://fapi.binance.com/fapi/v1/klines?interval=1h&limit=3&symbol=BNBUSDT'
[warning  ] опрос баров не дал ряда        degraded=True причина='BNB/USDT:USDT 1h: опрос свечей — сеть (RequestTimeout)' символ=BNB/USDT:USDT тф=1h
[warning  ] сделки: сетевой сбой, переподключение degraded=True причина='RequestTimeout Connection timeout' символ=XRP/USDT:USDT
[warning  ] сделки: сетевой сбой, переподключение degraded=True причина='RequestTimeout Connection timeout' символ=XRP/USDT:USDT
[warning  ] сделки: сетевой сбой, переподключение degraded=True причина='NetworkError Connection closed by remote server, closing code 1006' символ=ZEC/USDT:USDT
[warning  ] сделки: сетевой сбой, переподключение degraded=True причина='NetworkError Connection closed by remote server, closing code 1006' символ=1000RATS/USDT:USDT
[warning  ] сделки: сетевой сбой, переподключение degraded=True причина='NetworkError Connection closed by remote server, closing code 1006' символ=CHZ/USDT:USDT
[warning  ] сделки: сетевой сбой, переподключение degraded=True причина='NetworkError Connection closed by remote server, closing code 1006' символ=THETA/USDT:USDT
[warning  ] сделки: сетевой сбой, переподключение degraded=True причина='NetworkError Connection closed by remote server, closing code 1006' символ=ETH/USDT:USDT
[warning  ] сделки: сетевой сбой, переподключение degraded=True причина='NetworkError Connection closed by remote server, closing code 1006' символ=DOGE/USDT:USDT
[warning  ] сделки: сетевой сбой, переподключение degraded=True причина='NetworkError Connection closed by remote server, closing code 1006' символ=ASTR/USDT:USDT
[warning  ] сделки: сетевой сбой, переподключение degraded=True причина='NetworkError Connection closed by remote server, closing code 1006' символ=SAND/USDT:USDT
[warning  ] сделки: сетевой сбой, переподключение degraded=True причина='NetworkError Connection closed by remote server, closing code 1006' символ=HYPE/USDT:USDT
[warning  ] сделки: сетевой сбой, переподключение degraded=True причина='NetworkError Connection closed by remote server, closing code 1006' символ=BICO/USDT:USDT
[warning  ] сделки: сетевой сбой, переподключение degraded=True причина='NetworkError Connection closed by remote server, closing code 1006' символ=UNI/USDT:USDT
[warning  ] сделки: сетевой сбой, переподключение degraded=True причина='NetworkError Connection closed by remote server, closing code 1006' символ=BTC/USDT:USDT
[warning  ] сделки: сетевой сбой, переподключение degraded=True причина='NetworkError Connection closed by remote server, closing code 1006' символ=SOL/USDT:USDT
[warning  ] сделки: сетевой сбой, переподключение degraded=True причина='NetworkError Connection closed by remote server, closing code 1006' символ=BNB/USDT:USDT
[warning  ] сделки: сетевой сбой, переподключение degraded=True причина='NetworkError Connection closed by remote server, closing code 1006' символ=BLESS/USDT:USDT
[warning  ] сделки: сетевой сбой, переподключение degraded=True причина='NetworkError Connection closed by remote server, closing code 1006' символ=CFX/USDT:USDT
[warning  ] сделки: сетевой сбой, переподключение degraded=True причина='NetworkError Connection closed by remote server, closing code 1006' символ=ADA/USDT:USDT
[warning  ] сделки: сетевой сбой, переподключение degraded=True причина='NetworkError Connection closed by remote server, closing code 1006' символ=POL/USDT:USDT
[warning  ] сделки: сетевой сбой, переподключение degraded=True причина='NetworkError Connection closed by remote server, closing code 1006' символ=NEO/USDT:USDT
[warning  ] сделки: сетевой сбой, переподключение degraded=True причина='NetworkError Connection closed by remote server, closing code 1006' символ=ANKR/USDT:USDT
[warning  ] сделки: сетевой сбой, переподключение degraded=True причина='NetworkError Connection closed by remote server, closing code 1006' символ=STX/USDT:USDT
[warning  ] сделки: сетевой сбой, переподключение degraded=True причина='NetworkError Connection closed by remote server, closing code 1006' символ=BCH/USDT:USDT
[warning  ] сделки: сетевой сбой, переподключение degraded=True причина='NetworkError Connection closed by remote server, closing code 1006' символ=SUPER/USDT:USDT
[warning  ] сделки: сетевой сбой, переподключение degraded=True причина='NetworkError Connection closed by remote server, closing code 1006' символ=ONDO/USDT:USDT
[warning  ] сделки: сетевой сбой, переподключение degraded=True причина='NetworkError Connection closed by remote server, closing code 1006' символ=ARPA/USDT:USDT
[warning  ] сделки: сетевой сбой, переподключение degraded=True причина='NetworkError Connection closed by remote server, closing code 1006' символ=AEVO/USDT:USDT
[warning  ] сделки: сетевой сбой, переподключение degraded=True причина='NetworkError Connection closed by remote server, closing code 1006' символ=ZEC/USDT:USDT
[warning  ] сделки: сетевой сбой, переподключение degraded=True причина='NetworkError Connection closed by remote server, closing code 1006' символ=ADA/USDT:USDT
[warning  ] сделки: сетевой сбой, переподключение degraded=True причина='NetworkError Connection closed by remote server, closing code 1006' символ=BNB/USDT:USDT
[warning  ] сделки: сетевой сбой, переподключение degraded=True причина='NetworkError Connection closed by remote server, closing code 1006' символ=ETH/USDT:USDT
[warning  ] сделки: сетевой сбой, переподключение degraded=True причина='NetworkError Connection closed by remote server, closing code 1006' символ=XRP/USDT:USDT
[warning  ] сделки: сетевой сбой, переподключение degraded=True причина='NetworkError Connection closed by remote server, closing code 1006' символ=DOGE/USDT:USDT
[warning  ] сделки: сетевой сбой, переподключение degraded=True причина='NetworkError Connection closed by remote server, closing code 1006' символ=POL/USDT:USDT
[warning  ] сделки: сетевой сбой, переподключение degraded=True причина='NetworkError Connection closed by remote server, closing code 1006' символ=CHZ/USDT:USDT
[warning  ] сделки: сетевой сбой, переподключение degraded=True причина='NetworkError Connection closed by remote server, closing code 1006' символ=THETA/USDT:USDT
[warning  ] сделки: сетевой сбой, переподключение degraded=True причина='NetworkError Connection closed by remote server, closing code 1006' символ=SOL/USDT:USDT
[warning  ] сделки: сетевой сбой, переподключение degraded=True причина='NetworkError Connection closed by remote server, closing code 1006' символ=BCH/USDT:USDT
[warning  ] сделки: сетевой сбой, переподключение degraded=True причина='NetworkError Connection closed by remote server, closing code 1006' символ=BTC/USDT:USDT
[warning  ] сделки: сетевой сбой, переподключение degraded=True причина='NetworkError Connection closed by remote server, closing code 1006' символ=HYPE/USDT:USDT
[warning  ] сделки: сетевой сбой, переподключение degraded=True причина='NetworkError Connection closed by remote server, closing code 1006' символ=BICO/USDT:USDT
[warning  ] сделки: сетевой сбой, переподключение degraded=True причина='NetworkError Connection closed by remote server, closing code 1006' символ=UNI/USDT:USDT
[warning  ] сделки: сетевой сбой, переподключение degraded=True причина='NetworkError Connection closed by remote server, closing code 1006' символ=1000RATS/USDT:USDT
[warning  ] опрос свечей: сетевой сбой     degraded=True ключ='ASTR/USDT:USDT 15m' причина='ExchangeNotAvailable binanceusdm GET https://fapi.binance.com/fapi/v1/klines?interval=15m&limit=3&symbol=ASTRUSDT'
[warning  ] опрос баров не дал ряда        degraded=True причина='ASTR/USDT:USDT 15m: опрос свечей — сеть (ExchangeNotAvailable)' символ=ASTR/USDT:USDT тф=15m
[warning  ] опрос свечей: сетевой сбой     degraded=True ключ='THETA/USDT:USDT 5m' причина='ExchangeNotAvailable binanceusdm GET https://fapi.binance.com/fapi/v1/klines?interval=5m&limit=3&symbol=THETAUSDT'
[warning  ] опрос баров не дал ряда        degraded=True причина='THETA/USDT:USDT 5m: опрос свечей — сеть (ExchangeNotAvailable)' символ=THETA/USDT:USDT тф=5m
[warning  ] опрос свечей: сетевой сбой     degraded=True ключ='CHZ/USDT:USDT 5m' причина='ExchangeNotAvailable binanceusdm GET https://fapi.binance.com/fapi/v1/klines?interval=5m&limit=3&symbol=CHZUSDT'
[warning  ] опрос баров не дал ряда        degraded=True причина='CHZ/USDT:USDT 5m: опрос свечей — сеть (ExchangeNotAvailable)' символ=CHZ/USDT:USDT тф=5m
[warning  ] сделки: сетевой сбой, переподключение degraded=True причина='NetworkError Connection closed by remote server, closing code 1006' символ=BLESS/USDT:USDT
[warning  ] сделки: сетевой сбой, переподключение degraded=True причина='NetworkError Connection closed by remote server, closing code 1006' символ=ONDO/USDT:USDT
[warning  ] сделки: сетевой сбой, переподключение degraded=True причина='NetworkError Connection closed by remote server, closing code 1006' символ=CFX/USDT:USDT
[warning  ] сделки: сетевой сбой, переподключение degraded=True причина='NetworkError Connection closed by remote server, closing code 1006' символ=STX/USDT:USDT
[warning  ] сделки: сетевой сбой, переподключение degraded=True причина='RequestTimeout Connection timeout' символ=ETH/USDT:USDT
[warning  ] сделки: сетевой сбой, переподключение degraded=True причина='RequestTimeout Connection timeout' символ=UNI/USDT:USDT
[warning  ] сделки: сетевой сбой, переподключение degraded=True причина='RequestTimeout Connection timeout' символ=CHZ/USDT:USDT
[warning  ] сделки: сетевой сбой, переподключение degraded=True причина='RequestTimeout Connection timeout' символ=BCH/USDT:USDT
[warning  ] сделки: сетевой сбой, переподключение degraded=True причина='RequestTimeout Connection timeout' символ=BNB/USDT:USDT
[warning  ] сделки: сетевой сбой, переподключение degraded=True причина='RequestTimeout Connection timeout' символ=BLESS/USDT:USDT
[warning  ] сделки: сетевой сбой, переподключение degraded=True причина='RequestTimeout Connection timeout' символ=THETA/USDT:USDT
[warning  ] сделки: сетевой сбой, переподключение degraded=True причина='RequestTimeout Connection timeout' символ=POL/USDT:USDT
[warning  ] сделки: сетевой сбой, переподключение degraded=True причина='RequestTimeout Connection timeout' символ=SOL/USDT:USDT
[warning  ] сделки: сетевой сбой, переподключение degraded=True причина='RequestTimeout Connection timeout' символ=ZEC/USDT:USDT
[warning  ] сделки: сетевой сбой, переподключение degraded=True причина='RequestTimeout Connection timeout' символ=BTC/USDT:USDT
[warning  ] сделки: сетевой сбой, переподключение degraded=True причина='RequestTimeout Connection timeout' символ=BICO/USDT:USDT
[warning  ] сделки: сетевой сбой, переподключение degraded=True причина='RequestTimeout Connection timeout' символ=ADA/USDT:USDT
[warning  ] сделки: сетевой сбой, переподключение degraded=True причина='RequestTimeout Connection timeout' символ=HYPE/USDT:USDT
[warning  ] сделки: сетевой сбой, переподключение degraded=True причина='RequestTimeout Connection timeout' символ=XRP/USDT:USDT
[warning  ] сделки: сетевой сбой, переподключение degraded=True причина='RequestTimeout Connection timeout' символ=DOGE/USDT:USDT
[warning  ] сделки: сетевой сбой, переподключение degraded=True причина='RequestTimeout Connection timeout' символ=1000RATS/USDT:USDT
[warning  ] сделки: сетевой сбой, переподключение degraded=True причина='NetworkError Connection closed by remote server, closing code 1006' символ=ASTR/USDT:USDT
[warning  ] сделки: сетевой сбой, переподключение degraded=True причина='NetworkError Connection closed by remote server, closing code 1006' символ=AEVO/USDT:USDT
[warning  ] сделки: сетевой сбой, переподключение degraded=True причина='NetworkError Connection closed by remote server, closing code 1006' символ=SAND/USDT:USDT
[warning  ] сделки: сетевой сбой, переподключение degraded=True причина='NetworkError Connection closed by remote server, closing code 1006' символ=NEO/USDT:USDT
[warning  ] сделки: сетевой сбой, переподключение degraded=True причина='NetworkError Connection closed by remote server, closing code 1006' символ=SUPER/USDT:USDT
[info     ] часы пересведены               сдвиг_мс=83 уход_мс=-13
[warning  ] опрос свечей: сетевой сбой     degraded=True ключ='ADA/USDT:USDT 5m' причина='RequestTimeout binanceusdm GET https://fapi.binance.com/fapi/v1/klines?interval=5m&limit=3&symbol=ADAUSDT'
[warning  ] опрос баров не дал ряда        degraded=True причина='ADA/USDT:USDT 5m: опрос свечей — сеть (RequestTimeout)' символ=ADA/USDT:USDT тф=5m
[warning  ] опрос свечей: сетевой сбой     degraded=True ключ='ONDO/USDT:USDT 5m' причина='RequestTimeout binanceusdm GET https://fapi.binance.com/fapi/v1/klines?interval=5m&limit=3&symbol=ONDOUSDT'
[warning  ] опрос баров не дал ряда        degraded=True причина='ONDO/USDT:USDT 5m: опрос свечей — сеть (RequestTimeout)' символ=ONDO/USDT:USDT тф=5m
[warning  ] опрос свечей: сетевой сбой     degraded=True ключ='BTC/USDT:USDT 5m' причина='RequestTimeout binanceusdm GET https://fapi.binance.com/fapi/v1/klines?interval=5m&limit=3&symbol=BTCUSDT'
[warning  ] опрос баров не дал ряда        degraded=True причина='BTC/USDT:USDT 5m: опрос свечей — сеть (RequestTimeout)' символ=BTC/USDT:USDT тф=5m
[warning  ] опрос свечей: сетевой сбой     degraded=True ключ='UNI/USDT:USDT 5m' причина='RequestTimeout binanceusdm GET https://fapi.binance.com/fapi/v1/klines?interval=5m&limit=3&symbol=UNIUSDT'
[warning  ] опрос баров не дал ряда        degraded=True причина='UNI/USDT:USDT 5m: опрос свечей — сеть (RequestTimeout)' символ=UNI/USDT:USDT тф=5m
[warning  ] опрос свечей: сетевой сбой     degraded=True ключ='ZEC/USDT:USDT 5m' причина='RequestTimeout binanceusdm GET https://fapi.binance.com/fapi/v1/klines?interval=5m&limit=3&symbol=ZECUSDT'
[warning  ] опрос баров не дал ряда        degraded=True причина='ZEC/USDT:USDT 5m: опрос свечей — сеть (RequestTimeout)' символ=ZEC/USDT:USDT тф=5m
[warning  ] опрос свечей: сетевой сбой     degraded=True ключ='BICO/USDT:USDT 5m' причина='RequestTimeout binanceusdm GET https://fapi.binance.com/fapi/v1/klines?interval=5m&limit=3&symbol=BICOUSDT'
[warning  ] опрос баров не дал ряда        degraded=True причина='BICO/USDT:USDT 5m: опрос свечей — сеть (RequestTimeout)' символ=BICO/USDT:USDT тф=5m
[warning  ] опрос свечей: сетевой сбой     degraded=True ключ='POL/USDT:USDT 15m' причина='RequestTimeout binanceusdm GET https://fapi.binance.com/fapi/v1/klines?interval=15m&limit=3&symbol=POLUSDT'
[warning  ] опрос баров не дал ряда        degraded=True причина='POL/USDT:USDT 15m: опрос свечей — сеть (RequestTimeout)' символ=POL/USDT:USDT тф=15m
[warning  ] опрос свечей: сетевой сбой     degraded=True ключ='BCH/USDT:USDT 5m' причина='RequestTimeout binanceusdm GET https://fapi.binance.com/fapi/v1/klines?interval=5m&limit=3&symbol=BCHUSDT'
[warning  ] опрос баров не дал ряда        degraded=True причина='BCH/USDT:USDT 5m: опрос свечей — сеть (RequestTimeout)' символ=BCH/USDT:USDT тф=5m
[warning  ] опрос свечей: сетевой сбой     degraded=True ключ='HYPE/USDT:USDT 15m' причина='RequestTimeout binanceusdm GET https://fapi.binance.com/fapi/v1/klines?interval=15m&limit=3&symbol=HYPEUSDT'
[warning  ] опрос баров не дал ряда        degraded=True причина='HYPE/USDT:USDT 15m: опрос свечей — сеть (RequestTimeout)' символ=HYPE/USDT:USDT тф=15m
[warning  ] опрос свечей: сетевой сбой     degraded=True ключ='BLESS/USDT:USDT 5m' причина='RequestTimeout binanceusdm GET https://fapi.binance.com/fapi/v1/klines?interval=5m&limit=3&symbol=BLESSUSDT'
[warning  ] опрос баров не дал ряда        degraded=True причина='BLESS/USDT:USDT 5m: опрос свечей — сеть (RequestTimeout)' символ=BLESS/USDT:USDT тф=5m
[warning  ] опрос свечей: сетевой сбой     degraded=True ключ='ZEC/USDT:USDT 15m' причина='RequestTimeout binanceusdm GET https://fapi.binance.com/fapi/v1/klines?interval=15m&limit=3&symbol=ZECUSDT'
[warning  ] опрос баров не дал ряда        degraded=True причина='ZEC/USDT:USDT 15m: опрос свечей — сеть (RequestTimeout)' символ=ZEC/USDT:USDT тф=15m
[warning  ] опрос свечей: сетевой сбой     degraded=True ключ='BTC/USDT:USDT 15m' причина='RequestTimeout binanceusdm GET https://fapi.binance.com/fapi/v1/klines?interval=15m&limit=3&symbol=BTCUSDT'
[warning  ] опрос баров не дал ряда        degraded=True причина='BTC/USDT:USDT 15m: опрос свечей — сеть (RequestTimeout)' символ=BTC/USDT:USDT тф=15m
[warning  ] опрос свечей: сетевой сбой     degraded=True ключ='CHZ/USDT:USDT 5m' причина='RequestTimeout binanceusdm GET https://fapi.binance.com/fapi/v1/klines?interval=5m&limit=3&symbol=CHZUSDT'
[warning  ] опрос баров не дал ряда        degraded=True причина='CHZ/USDT:USDT 5m: опрос свечей — сеть (RequestTimeout)' символ=CHZ/USDT:USDT тф=5m
[warning  ] опрос свечей: сетевой сбой     degraded=True ключ='ETH/USDT:USDT 5m' причина='RequestTimeout binanceusdm GET https://fapi.binance.com/fapi/v1/klines?interval=5m&limit=3&symbol=ETHUSDT'
[warning  ] опрос баров не дал ряда        degraded=True причина='ETH/USDT:USDT 5m: опрос свечей — сеть (RequestTimeout)' символ=ETH/USDT:USDT тф=5m
[warning  ] опрос свечей: сетевой сбой     degraded=True ключ='SAND/USDT:USDT 15m' причина='RequestTimeout binanceusdm GET https://fapi.binance.com/fapi/v1/klines?interval=15m&limit=3&symbol=SANDUSDT'
[warning  ] опрос баров не дал ряда        degraded=True причина='SAND/USDT:USDT 15m: опрос свечей — сеть (RequestTimeout)' символ=SAND/USDT:USDT тф=15m
[warning  ] опрос свечей: сетевой сбой     degraded=True ключ='BNB/USDT:USDT 15m' причина='RequestTimeout binanceusdm GET https://fapi.binance.com/fapi/v1/klines?interval=15m&limit=3&symbol=BNBUSDT'
[warning  ] опрос баров не дал ряда        degraded=True причина='BNB/USDT:USDT 15m: опрос свечей — сеть (RequestTimeout)' символ=BNB/USDT:USDT тф=15m
[warning  ] опрос свечей: сетевой сбой     degraded=True ключ='AEVO/USDT:USDT 15m' причина='RequestTimeout binanceusdm GET https://fapi.binance.com/fapi/v1/klines?interval=15m&limit=3&symbol=AEVOUSDT'
[warning  ] опрос баров не дал ряда        degraded=True причина='AEVO/USDT:USDT 15m: опрос свечей — сеть (RequestTimeout)' символ=AEVO/USDT:USDT тф=15m
[warning  ] опрос свечей: сетевой сбой     degraded=True ключ='1000RATS/USDT:USDT 15m' причина='RequestTimeout binanceusdm GET https://fapi.binance.com/fapi/v1/klines?interval=15m&limit=3&symbol=1000RATSUSDT'
[warning  ] опрос баров не дал ряда        degraded=True причина='1000RATS/USDT:USDT 15m: опрос свечей — сеть (RequestTimeout)' символ=1000RATS/USDT:USDT тф=15m
[warning  ] опрос свечей: сетевой сбой     degraded=True ключ='STX/USDT:USDT 5m' причина='RequestTimeout binanceusdm GET https://fapi.binance.com/fapi/v1/klines?interval=5m&limit=3&symbol=STXUSDT'
[warning  ] опрос баров не дал ряда        degraded=True причина='STX/USDT:USDT 5m: опрос свечей — сеть (RequestTimeout)' символ=STX/USDT:USDT тф=5m
[warning  ] опрос свечей: сетевой сбой     degraded=True ключ='THETA/USDT:USDT 15m' причина='RequestTimeout binanceusdm GET https://fapi.binance.com/fapi/v1/klines?interval=15m&limit=3&symbol=THETAUSDT'
[warning  ] опрос баров не дал ряда        degraded=True причина='THETA/USDT:USDT 15m: опрос свечей — сеть (RequestTimeout)' символ=THETA/USDT:USDT тф=15m
[warning  ] опрос свечей: сетевой сбой     degraded=True ключ='NEO/USDT:USDT 15m' причина='RequestTimeout binanceusdm GET https://fapi.binance.com/fapi/v1/klines?interval=15m&limit=3&symbol=NEOUSDT'
[warning  ] опрос баров не дал ряда        degraded=True причина='NEO/USDT:USDT 15m: опрос свечей — сеть (RequestTimeout)' символ=NEO/USDT:USDT тф=15m
[warning  ] опрос свечей: сетевой сбой     degraded=True ключ='SOL/USDT:USDT 5m' причина='RequestTimeout binanceusdm GET https://fapi.binance.com/fapi/v1/klines?interval=5m&limit=3&symbol=SOLUSDT'
[warning  ] опрос баров не дал ряда        degraded=True причина='SOL/USDT:USDT 5m: опрос свечей — сеть (RequestTimeout)' символ=SOL/USDT:USDT тф=5m
[warning  ] опрос свечей: сетевой сбой     degraded=True ключ='ADA/USDT:USDT 15m' причина='RequestTimeout binanceusdm GET https://fapi.binance.com/fapi/v1/klines?interval=15m&limit=3&symbol=ADAUSDT'
[warning  ] опрос баров не дал ряда        degraded=True причина='ADA/USDT:USDT 15m: опрос свечей — сеть (RequestTimeout)' символ=ADA/USDT:USDT тф=15m
[warning  ] опрос свечей: сетевой сбой     degraded=True ключ='HYPE/USDT:USDT 15m' причина='RequestTimeout binanceusdm GET https://fapi.binance.com/fapi/v1/klines?interval=15m&limit=3&symbol=HYPEUSDT'
[warning  ] опрос баров не дал ряда        degraded=True причина='HYPE/USDT:USDT 15m: опрос свечей — сеть (RequestTimeout)' символ=HYPE/USDT:USDT тф=15m
